"Enrollment ID","Legal Business Name","Street Address Line 1","Street Address Line 2",City,State,"ZIP Code","Practice Location Phone Number","Specialty Name","Geographic Location Type Description","Geographic Location City Name","Geographic Location State Code","Geographic Location ZIP Code","State County Name"
O20201116001628,"CRESCENT HEALTHCARE INC","5431 SW 35TH DR","STE 200",GAINESVILLE,FL,32608-5277,"(844) 373-8389","HOME INFUSION THERAPY SUPPLIER","RENDERING AREA",--,FL,--,--
O20250730000500,"KABAFUSION CO, LLC","12450 E ARAPAHOE RD",--,CENTENNIAL,CO,80112-3971,"(877) 369-7213","HOME INFUSION THERAPY SUPPLIER","RENDERING AREA",--,CO,--,--
O20210121000184,"I V SOLUTIONS LLC","165 HANSEN CT","STE 106","WOOD DALE",IL,60191-1110,8479454444-1110,"HOME INFUSION THERAPY SUPPLIER","RENDERING AREA",--,IL,--,LAKE
O20231019000440,"PERPETUAL MOBILE MED","5015 EAGLE ROCK BLVD","STE 200","LOS ANGELES",CA,90041-2087,"(323) 455-4868","HOME INFUSION THERAPY SUPPLIER","RENDERING AREA",--,CA,--,--
O20220203001062,"MKARE MANAGEMENT INC","147 AUBURN RDG",--,"SPRING BRANCH",TX,78070-6001,"(210) 663-1886","HOME INFUSION THERAPY SUPPLIER","RENDERING AREA",--,TX,--,GUADALUPE
O20250428002383,"INFUPHARMA LLC","1239 NE 8TH AVE",--,"FORT LAUDERDALE",FL,33304-2001,"(954) 923-3839","HOME INFUSION THERAPY SUPPLIER","RENDERING AREA",--,FL,--,--
O20260127003422,"KABAFUSION TN LLC","2970 SIDCO DR",--,NASHVILLE,TN,37204-3715,"(877) 397-8341","HOME INFUSION THERAPY SUPPLIER","RENDERING AREA",--,GA,--,--
O20260325003657,"AGIOS CORP","1314 S BAY ST",--,EUSTIS,FL,32726-5551,"(325) 357-6699","HOME INFUSION THERAPY SUPPLIER","RENDERING AREA",--,FL,--,--
O20220509002548,"FACTOR ONE SOURCE PHARM LLC","217 GLENN ST","STE 300",CUMBERLAND,MD,21502-2590,"(877) 828-3940","HOME INFUSION THERAPY SUPPLIER","RENDERING AREA",--,WI,--,--
O20220509002548,"FACTOR ONE SOURCE PHARM LLC","217 GLENN ST","STE 300",CUMBERLAND,MD,21502-2590,"(877) 828-3940","HOME INFUSION THERAPY SUPPLIER","RENDERING AREA",--,WY,--,--
O20220509002548,"FACTOR ONE SOURCE PHARM LLC","217 GLENN ST","STE 300",CUMBERLAND,MD,21502-2590,"(877) 828-3940","HOME INFUSION THERAPY SUPPLIER","RENDERING AREA",--,AL,--,--
O20220509002548,"FACTOR ONE SOURCE PHARM LLC","217 GLENN ST","STE 300",CUMBERLAND,MD,21502-2590,"(877) 828-3940","HOME INFUSION THERAPY SUPPLIER","RENDERING AREA",--,IL,--,--
O20220509002548,"FACTOR ONE SOURCE PHARM LLC","217 GLENN ST","STE 300",CUMBERLAND,MD,21502-2590,"(877) 828-3940","HOME INFUSION THERAPY SUPPLIER","RENDERING AREA",--,MN,--,--
O20210309002322,"PROVIDENCE HEALTH & SERVICES","6410 NE HALSEY ST","STE 400",PORTLAND,OR,97213-4759,"(503) 215-4633","HOME INFUSION THERAPY SUPPLIER","RENDERING AREA",--,OR,--,CLACKAMAS
O20210309002322,"PROVIDENCE HEALTH & SERVICES","6410 NE HALSEY ST","STE 400",PORTLAND,OR,97213-4759,"(503) 215-4633","HOME INFUSION THERAPY SUPPLIER","RENDERING AREA",--,OR,--,CLATSOP
O20210309002322,"PROVIDENCE HEALTH & SERVICES","840 ROYAL AVE","STE 120",MEDFORD,OR,97504-6461,"(541) 732-5566","HOME INFUSION THERAPY SUPPLIER","RENDERING AREA",--,OR,--,COOS
O20210309002322,"PROVIDENCE HEALTH & SERVICES","840 ROYAL AVE","STE 120",MEDFORD,OR,97504-6461,"(541) 732-5566","HOME INFUSION THERAPY SUPPLIER","RENDERING AREA",--,OR,--,DESCHUTES
O20210309002322,"PROVIDENCE HEALTH & SERVICES","6410 NE HALSEY ST","STE 400",PORTLAND,OR,97213-4759,"(503) 215-4633","HOME INFUSION THERAPY SUPPLIER","RENDERING AREA",--,OR,--,JEFFERSON
O20210309002322,"PROVIDENCE HEALTH & SERVICES","840 ROYAL AVE","STE 120",MEDFORD,OR,97504-6461,"(541) 732-5566","HOME INFUSION THERAPY SUPPLIER","RENDERING AREA",--,OR,--,LINCOLN
O20210309002322,"PROVIDENCE HEALTH & SERVICES","840 ROYAL AVE","STE 120",MEDFORD,OR,97504-6461,"(541) 732-5566","HOME INFUSION THERAPY SUPPLIER","RENDERING AREA",--,OR,--,MALHEUR
O20210309002322,"PROVIDENCE HEALTH & SERVICES","840 ROYAL AVE","STE 120",MEDFORD,OR,97504-6461,"(541) 732-5566","HOME INFUSION THERAPY SUPPLIER","RENDERING AREA",--,OR,--,TILLAMOOK
O20230427001393,"EAST TEXAS PHC LLC","602 E WHALEY ST",--,LONGVIEW,TX,75601-6525,"(903) 753-2273","HOME INFUSION THERAPY SUPPLIER","SUPPLIER GR. AREA",--,TX,--,RUSK
O20230427001393,"EAST TEXAS PHC LLC","602 E WHALEY ST",--,LONGVIEW,TX,75601-6525,"(903) 753-2273","HOME INFUSION THERAPY SUPPLIER","SUPPLIER GR. AREA",--,TX,--,SMITH
O20230427001393,"EAST TEXAS PHC LLC","602 E WHALEY ST",--,LONGVIEW,TX,75601-6525,"(903) 753-2273","HOME INFUSION THERAPY SUPPLIER","SUPPLIER GR. AREA",--,TX,--,TITUS
O20230427001393,"EAST TEXAS PHC LLC","602 E WHALEY ST",--,LONGVIEW,TX,75601-6525,"(903) 753-2273","HOME INFUSION THERAPY SUPPLIER","SUPPLIER GR. AREA",--,TX,--,"VAN ZANDT"
O20230427001393,"EAST TEXAS PHC LLC","602 E WHALEY ST",--,LONGVIEW,TX,75601-6525,"(903) 753-2273","HOME INFUSION THERAPY SUPPLIER","RENDERING AREA",--,TX,--,MORRIS
O20210908000583,"CAREMAX PHARMACY OF LOUDON","5331 PERIMETER PKWY",--,MONTGOMERY,AL,36116-5125,"(334) 833-1335","HOME INFUSION THERAPY SUPPLIER","RENDERING AREA",--,AL,--,--
O20210319000101,"PRI-MED INFUSION SERVICES","5517 N CUMBERLAND AVE","STE 915",CHICAGO,IL,60656-4740,"(800) 831-7740","HOME INFUSION THERAPY SUPPLIER","RENDERING AREA",--,MO,--,--
O20210716000759,"ACCREDO HEALTH GROUP INC","6272 LEE VISTA BLVD","STE 100",ORLANDO,FL,32822-5148,"(407) 854-6571","HOME INFUSION THERAPY SUPPLIER","RENDERING AREA",--,FL,--,--
O20210226000556,"KABAFUSION, INC.","223 WITMER RD",--,HORSHAM,PA,19044-2212,"(877) 629-4844","HOME INFUSION THERAPY SUPPLIER","RENDERING AREA",--,PA,--,--
O20210317000994,"HOME AIDE SVC OF EASTERN NY","433 RIVER ST","STE 3000",TROY,NY,12180-2250,5182746200-1310,"HOME INFUSION THERAPY SUPPLIER","RENDERING AREA",--,NY,--,ALBANY
O20210317000994,"HOME AIDE SVC OF EASTERN NY","433 RIVER ST","STE 3000",TROY,NY,12180-2250,5182746200-1310,"HOME INFUSION THERAPY SUPPLIER","RENDERING AREA",--,NY,--,SCHENECTADY
O20210701000499,"MOBILE MEDICAL LA LLC","6818 S LA CIENEGA BLVD","STE 203",INGLEWOOD,CA,90302-4122,"(213) 545-6652","HOME INFUSION THERAPY SUPPLIER","SUPPLIER GR. AREA",--,CA,--,--
O20210301001710,"CONTINUUMRX INC","4115 PLEASANT VALLEY RD","STE 200",CHANTILLY,VA,20151-1220,"(703) 935-2060","HOME INFUSION THERAPY SUPPLIER","RENDERING AREA",--,DC,--,--
O20210629000233,"HEALING HOME HEALTHCARE INC","7000 INFANTRY RIDGE RD","STE 110",MANASSAS,VA,20109-2370,"(703) 650-0576","HOME INFUSION THERAPY SUPPLIER","RENDERING AREA",--,VA,--,"PRINCE WILLIAM"
O20210629000233,"HEALING HOME HEALTHCARE INC","7000 INFANTRY RIDGE RD","STE 110",MANASSAS,VA,20109-2370,"(703) 650-0576","HOME INFUSION THERAPY SUPPLIER","RENDERING AREA",WINCHESTER,VA,--,--
O20210215000954,"INNOVATIVE SERVICES INC","6700 THOMPSON RD",--,SYRACUSE,NY,13211-2141,"(315) 437-1627","HOME INFUSION THERAPY SUPPLIER","RENDERING AREA",--,NY,--,--
O20210217000391,"AMATUS HEALTH CARE LLC","2010 VALLEY VIEW LN","STE 200","FARMERS BRANCH",TX,75234-8915,"(972) 249-4999","HOME INFUSION THERAPY SUPPLIER","RENDERING AREA",WISE,TX,--,--
O20210217000391,"AMATUS HEALTH CARE LLC","2010 VALLEY VIEW LN","STE 200","FARMERS BRANCH",TX,75234-8915,"(972) 249-4999","HOME INFUSION THERAPY SUPPLIER","RENDERING AREA",PANOLA,TX,--,--
O20210217000391,"AMATUS HEALTH CARE LLC","2010 VALLEY VIEW LN","STE 200","FARMERS BRANCH",TX,75234-8915,"(972) 249-4999","HOME INFUSION THERAPY SUPPLIER","RENDERING AREA","PALO PINTO",TX,--,--
O20210217000391,"AMATUS HEALTH CARE LLC","2010 VALLEY VIEW LN","STE 200","FARMERS BRANCH",TX,75234-8915,"(972) 249-4999","HOME INFUSION THERAPY SUPPLIER","RENDERING AREA",RUSK,TX,--,--
O20210416000228,"CATHOLIC HEALTH SYSTEM INFUS","6350 TRANSIT RD",--,DEPEW,NY,14043-1039,"(716) 685-4870","HOME INFUSION THERAPY SUPPLIER","RENDERING AREA","WEST FALLS",NY,--,--
O20210416000228,"CATHOLIC HEALTH SYSTEM INFUS","6350 TRANSIT RD",--,DEPEW,NY,14043-1039,"(716) 685-4870","HOME INFUSION THERAPY SUPPLIER","RENDERING AREA",GLENWOOD,NY,--,--
O20220810003389,"EVERCARE CHOICE INC","31 CERONE PL",--,NEWBURGH,NY,12550-5104,"(845) 569-0500","HOME INFUSION THERAPY SUPPLIER","RENDERING AREA",--,NY,--,ROCKLAND
O20210224002853,"ACCREDO HEALTH GROUP INC","2410 WARDLOW RD","STE 101",CORONA,CA,92878-5192,"(951) 737-2355","HOME INFUSION THERAPY SUPPLIER","RENDERING AREA",--,CA,--,--
O20210324001896,"OPTUM INFUSION SERVICES 200","5895 CORE ROAD SUITE","SUITE 417","N CHARLESTON",SC,29406,"(843) 747-0847","HOME INFUSION THERAPY SUPPLIER","RENDERING AREA",--,SC,--,--
O20210526000272,"ACCREDO HEALTH GROUP INC","261 CEDAR HILL ST",--,MARLBOROUGH,MA,01752-3056,"(508) 460-0623","HOME INFUSION THERAPY SUPPLIER","RENDERING AREA",--,MA,--,--
O20210204002060,"SUTTER VISITING NURSE ASSOC","1105 ATLANTIC AVE","STE 102",ALAMEDA,CA,94501-1184,"(510) 450-8900","HOME INFUSION THERAPY SUPPLIER","RENDERING AREA",--,CA,--,SUTTER
O20201207002573,"CRESCENT HEALTHCARE INC","2010 IOWA AVE","STE 110",RIVERSIDE,CA,92507-7433,"(800) 735-4872","HOME INFUSION THERAPY SUPPLIER","RENDERING AREA",--,CA,--,--
O20201223000626,"REGENTS OF UNIV OF MICHIGAN","2850 S INDUSTRIAL HWY","STE 50","ANN ARBOR",MI,48104-6792,"(734) 975-3006","HOME INFUSION THERAPY SUPPLIER","RENDERING AREA",--,MI,--,--
O20210119001760,"TRINITY HOMECARE LLC","4805 METROPOLITAN AVE","STE 3-02",RIDGEWOOD,NY,11385-1007,"(800) 691-9979","HOME INFUSION THERAPY SUPPLIER","RENDERING AREA",--,NY,--,--
O20210728002308,"XINIM CORPORATION","1702 RIDGEWOOD AVE","STE C","HOLLY HILL",FL,32117-1783,3866777377-4,"HOME INFUSION THERAPY SUPPLIER","RENDERING AREA",--,FL,--,"SAINT JOHNS"
O20210818002720,"PARAGON INFUSION CARE INC","3033 W PRESIDENT GEORGE BUSH HWY","STE 100-A",PLANO,TX,75075-5752,"(972) 588-1000","HOME INFUSION THERAPY SUPPLIER","RENDERING AREA",ORANGE,TX,--,--
O20201231001806,"EAST GOSHEN PHARMACY, LLC","970 RITTENHOUSE RD STE 200","BIOSCRIP INFUSION SERVICES",AUDUBON,PA,19403-2265,"(800) 551-0450","HOME INFUSION THERAPY SUPPLIER","RENDERING AREA",--,PA,--,--
O20201207000952,"SCOTT-WILSON, INC.","2380 FORTUNE DR","STE 130",LEXINGTON,KY,40509-4287,"(800) 356-9259","HOME INFUSION THERAPY SUPPLIER","RENDERING AREA",--,KY,--,--
O20210120002228,"ALDESI OF FLORIDA, INC.","1800 SW 1ST ST","STE 205",MIAMI,FL,33135-1945,"(305) 817-5559","HOME INFUSION THERAPY SUPPLIER","SUPPLIER GR. AREA",--,FL,--,MONROE
O20210106001584,"NUFACTOR INC","1601 OLD GREENSBORO RD","STE B",KERNERSVILLE,NC,27284-6855,"(844) 871-4773","HOME INFUSION THERAPY SUPPLIER","RENDERING AREA",--,NC,--,--
O20210113001768,"VISITING NURSE ASSOC OF WI","11333 W NATIONAL AVE",--,"WEST ALLIS",WI,53227-3111,"(414) 327-2295","HOME INFUSION THERAPY SUPPLIER","RENDERING AREA",--,WI,--,BROWN
O20210113001768,"VISITING NURSE ASSOC OF WI","116 N DODGE ST","STE 6",BURLINGTON,WI,53105-1963,"(800) 862-2201","HOME INFUSION THERAPY SUPPLIER","RENDERING AREA",--,WI,--,OUTAGAMIE
O20210721002875,"SENTARA ENTERPRISES","535 INDEPENDENCE PKWY","STE 300",CHESAPEAKE,VA,23320-5176,"(757) 553-3000","HOME INFUSION THERAPY SUPPLIER","RENDERING AREA",HAMPTON,VA,--,--
O20210326001947,"PROVIDENCE HEALTH & SERVICES","3333 S 120TH PL","STE 100",TUKWILA,WA,98168-5134,"(425) 687-4400","HOME INFUSION THERAPY SUPPLIER","SUPPLIER GR. AREA",--,ID,--,IDAHO
O20210326001947,"PROVIDENCE HEALTH & SERVICES","15918 E EUCLID AVE",--,"SPOKANE VALLEY",WA,99216-1815,"(509) 924-1826","HOME INFUSION THERAPY SUPPLIER","SUPPLIER GR. AREA",--,ID,--,IDAHO
O20210326001947,"PROVIDENCE HEALTH & SERVICES","3333 S 120TH PL","STE 100",TUKWILA,WA,98168-5134,"(425) 687-4400","HOME INFUSION THERAPY SUPPLIER","RENDERING AREA",--,WA,--,CHELAN
O20210326001947,"PROVIDENCE HEALTH & SERVICES","3333 S 120TH PL","STE 100",TUKWILA,WA,98168-5134,"(425) 687-4400","HOME INFUSION THERAPY SUPPLIER","RENDERING AREA",--,WA,--,OKANOGAN
O20210326001947,"PROVIDENCE HEALTH & SERVICES","15918 E EUCLID AVE",--,"SPOKANE VALLEY",WA,99216-1815,"(509) 924-1826","HOME INFUSION THERAPY SUPPLIER","RENDERING AREA",--,WA,--,OKANOGAN
O20210326001947,"PROVIDENCE HEALTH & SERVICES","3333 S 120TH PL","STE 100",TUKWILA,WA,98168-5134,"(425) 687-4400","HOME INFUSION THERAPY SUPPLIER","RENDERING AREA",--,WA,--,YAKIMA
O20210326001947,"PROVIDENCE HEALTH & SERVICES","15918 E EUCLID AVE",--,"SPOKANE VALLEY",WA,99216-1815,"(509) 924-1826","HOME INFUSION THERAPY SUPPLIER","RENDERING AREA",--,WA,--,YAKIMA
O20210326001947,"PROVIDENCE HEALTH & SERVICES","15918 E EUCLID AVE",--,"SPOKANE VALLEY",WA,99216-1815,"(509) 924-1826","HOME INFUSION THERAPY SUPPLIER","RENDERING AREA",--,WA,--,WHITMAN
O20210326001947,"PROVIDENCE HEALTH & SERVICES","3333 S 120TH PL","STE 100",TUKWILA,WA,98168-5134,"(425) 687-4400","HOME INFUSION THERAPY SUPPLIER","SUPPLIER GR. AREA",--,OR,--,SHERMAN
O20210326001947,"PROVIDENCE HEALTH & SERVICES","3333 S 120TH PL","STE 100",TUKWILA,WA,98168-5134,"(425) 687-4400","HOME INFUSION THERAPY SUPPLIER","RENDERING AREA",--,WA,--,"PEND OREILLE"
O20210326001947,"PROVIDENCE HEALTH & SERVICES","15918 E EUCLID AVE",--,"SPOKANE VALLEY",WA,99216-1815,"(509) 924-1826","HOME INFUSION THERAPY SUPPLIER","RENDERING AREA",--,WA,--,"WALLA WALLA"
O20210326001947,"PROVIDENCE HEALTH & SERVICES","15918 E EUCLID AVE",--,"SPOKANE VALLEY",WA,99216-1815,"(509) 924-1826","HOME INFUSION THERAPY SUPPLIER","RENDERING AREA",--,WA,--,THURSTON
O20210326001947,"PROVIDENCE HEALTH & SERVICES","15918 E EUCLID AVE",--,"SPOKANE VALLEY",WA,99216-1815,"(509) 924-1826","HOME INFUSION THERAPY SUPPLIER","RENDERING AREA",--,WA,--,"GRAYS HARBOR"
O20210326001947,"PROVIDENCE HEALTH & SERVICES","3333 S 120TH PL","STE 100",TUKWILA,WA,98168-5134,"(425) 687-4400","HOME INFUSION THERAPY SUPPLIER","RENDERING AREA",--,WA,--,MASON
O20210326001947,"PROVIDENCE HEALTH & SERVICES","15918 E EUCLID AVE",--,"SPOKANE VALLEY",WA,99216-1815,"(509) 924-1826","HOME INFUSION THERAPY SUPPLIER","RENDERING AREA",--,WA,--,MASON
O20210107002362,"OPTION CARE HOME CARE INC","14220 NORTHBROOK DR STE 100B","OPTION CARE","SAN ANTONIO",TX,78232-5045,"(888) 414-4876","HOME INFUSION THERAPY SUPPLIER","RENDERING AREA",--,TX,--,--
O20210326001947,"PROVIDENCE HEALTH & SERVICES","15918 E EUCLID AVE",--,"SPOKANE VALLEY",WA,99216-1815,"(509) 924-1826","HOME INFUSION THERAPY SUPPLIER","RENDERING AREA",--,WA,--,LEWIS
O20210212002222,"REGIONCARE INC","200 COMMUNITY DR",--,"GREAT NECK",NY,11021-5510,"(516) 414-3900","HOME INFUSION THERAPY SUPPLIER","RENDERING AREA",--,NY,--,PUTNAM
O20210212002222,"REGIONCARE INC","200 COMMUNITY DR",--,"GREAT NECK",NY,11021-5510,"(516) 414-3900","HOME INFUSION THERAPY SUPPLIER","RENDERING AREA",--,NY,--,RICHMOND
O20210212002222,"REGIONCARE INC","200 COMMUNITY DR",--,"GREAT NECK",NY,11021-5510,"(516) 414-3900","HOME INFUSION THERAPY SUPPLIER","RENDERING AREA",--,NY,--,KINGS
O20210212002222,"REGIONCARE INC","200 COMMUNITY DR",--,"GREAT NECK",NY,11021-5510,"(516) 414-3900","HOME INFUSION THERAPY SUPPLIER","RENDERING AREA",--,NY,--,"NEW YORK"
O20210128000309,"EHS HOME HEALTH CARE SERVICE","2311 W 22ND ST","STE 300","OAK BROOK",IL,60523-4103,"(630) 963-7900","HOME INFUSION THERAPY SUPPLIER","RENDERING AREA",--,IL,--,DEKALB
O20210204001682,"I. V. CARE OF MIDDLE GEORGIA","151 COLLEGE ST","STE A",MACON,GA,31201-1655,"(478) 743-8997","HOME INFUSION THERAPY SUPPLIER","RENDERING AREA",--,GA,--,DODGE
O20210204001682,"I. V. CARE OF MIDDLE GEORGIA","151 COLLEGE ST","STE A",MACON,GA,31201-1655,"(478) 743-8997","HOME INFUSION THERAPY SUPPLIER","RENDERING AREA",--,GA,--,JONES
O20210204001682,"I. V. CARE OF MIDDLE GEORGIA","151 COLLEGE ST","STE A",MACON,GA,31201-1655,"(478) 743-8997","HOME INFUSION THERAPY SUPPLIER","RENDERING AREA",--,GA,--,PEACH
O20210204001682,"I. V. CARE OF MIDDLE GEORGIA","151 COLLEGE ST","STE A",MACON,GA,31201-1655,"(478) 743-8997","HOME INFUSION THERAPY SUPPLIER","RENDERING AREA",--,GA,--,COFFEE
O20210204001682,"I. V. CARE OF MIDDLE GEORGIA","151 COLLEGE ST","STE A",MACON,GA,31201-1655,"(478) 743-8997","HOME INFUSION THERAPY SUPPLIER","RENDERING AREA",--,GA,--,IRWIN
O20210204001682,"I. V. CARE OF MIDDLE GEORGIA","151 COLLEGE ST","STE A",MACON,GA,31201-1655,"(478) 743-8997","HOME INFUSION THERAPY SUPPLIER","RENDERING AREA",--,GA,--,CHATHAM
O20210204001682,"I. V. CARE OF MIDDLE GEORGIA","151 COLLEGE ST","STE A",MACON,GA,31201-1655,"(478) 743-8997","HOME INFUSION THERAPY SUPPLIER","RENDERING AREA",--,GA,--,JENKINS
O20210204001682,"I. V. CARE OF MIDDLE GEORGIA","151 COLLEGE ST","STE A",MACON,GA,31201-1655,"(478) 743-8997","HOME INFUSION THERAPY SUPPLIER","RENDERING AREA",--,GA,--,LIBERTY
O20210721002875,"SENTARA ENTERPRISES","535 INDEPENDENCE PKWY","STE 300",CHESAPEAKE,VA,23320-5176,"(757) 553-3000","HOME INFUSION THERAPY SUPPLIER","RENDERING AREA",CHESAPEAKE,VA,--,--
O20210111002622,"1ST AMERICA INFUSION SVCS LL","212 NORTHSIDE DR",--,VALDOSTA,GA,31602-1858,"(800) 482-8466","HOME INFUSION THERAPY SUPPLIER","RENDERING AREA",--,GA,--,--
O20210125003192,"JOHNS HOPKINS PHARMAQUIP INC","5901 HOLABIRD AVE","STE A, JOHN HOPKINS",BALTIMORE,MD,21224-6015,"(410) 288-8105","HOME INFUSION THERAPY SUPPLIER","SUPPLIER GR. AREA",--,MD,--,--
O20210125003192,"JOHNS HOPKINS PHARMAQUIP INC","5901 HOLABIRD AVE","STE A, JOHN HOPKINS",BALTIMORE,MD,21224-6015,"(410) 288-8105","HOME INFUSION THERAPY SUPPLIER","RENDERING AREA",--,MD,--,--
O20210203001889,"OPTUM INFUSION SERVICES 404","2065 NE WILLIAMSON CT","STE B",BEND,OR,97701-3867,"(877) 212-3516","HOME INFUSION THERAPY SUPPLIER","RENDERING AREA",--,OR,--,--
O20210108000005,"UNIVERSITY OF NORTH CAROLINA","4400 EMPEROR BLVD","STE 100",DURHAM,NC,27703-7659,"(984) 974-6778","HOME INFUSION THERAPY SUPPLIER","SUPPLIER GR. AREA",--,NC,--,--
O20210108000005,"UNIVERSITY OF NORTH CAROLINA","4400 EMPEROR BLVD","STE 100",DURHAM,NC,27703-7659,"(984) 974-6778","HOME INFUSION THERAPY SUPPLIER","RENDERING AREA",--,NC,--,--
O20210204002060,"SUTTER VISITING NURSE ASSOC","8318 FERGUSON AVE",--,SACRAMENTO,CA,95828-0902,"(916) 379-3200","HOME INFUSION THERAPY SUPPLIER","RENDERING AREA",--,CA,--,ALAMEDA
O20210204002060,"SUTTER VISITING NURSE ASSOC","1105 ATLANTIC AVE","STE 102",ALAMEDA,CA,94501-1184,"(510) 450-8900","HOME INFUSION THERAPY SUPPLIER","RENDERING AREA",--,CA,--,AMADOR
O20210204002060,"SUTTER VISITING NURSE ASSOC","1105 ATLANTIC AVE","STE 102",ALAMEDA,CA,94501-1184,"(510) 450-8900","HOME INFUSION THERAPY SUPPLIER","RENDERING AREA",--,CA,--,"EL DORADO"
O20210204002060,"SUTTER VISITING NURSE ASSOC","8318 FERGUSON AVE",--,SACRAMENTO,CA,95828-0902,"(916) 379-3200","HOME INFUSION THERAPY SUPPLIER","RENDERING AREA",--,CA,--,MERCED
O20210204002060,"SUTTER VISITING NURSE ASSOC","1105 ATLANTIC AVE","STE 102",ALAMEDA,CA,94501-1184,"(510) 450-8900","HOME INFUSION THERAPY SUPPLIER","RENDERING AREA",--,CA,--,NAPA
O20210204002060,"SUTTER VISITING NURSE ASSOC","1105 ATLANTIC AVE","STE 102",ALAMEDA,CA,94501-1184,"(510) 450-8900","HOME INFUSION THERAPY SUPPLIER","RENDERING AREA",--,CA,--,PLACER
O20210204002060,"SUTTER VISITING NURSE ASSOC","1105 ATLANTIC AVE","STE 102",ALAMEDA,CA,94501-1184,"(510) 450-8900","HOME INFUSION THERAPY SUPPLIER","RENDERING AREA",--,CA,--,"SAN JOAQUIN"
O20210204002060,"SUTTER VISITING NURSE ASSOC","1105 ATLANTIC AVE","STE 102",ALAMEDA,CA,94501-1184,"(510) 450-8900","HOME INFUSION THERAPY SUPPLIER","RENDERING AREA",--,CA,--,"SAN MATEO"
O20201217002356,"OPTION CARE ENTERPRISES INC","11403 BLUEGRASS PKWY","STE 400",LOUISVILLE,KY,40299-2398,"(800) 304-0123","HOME INFUSION THERAPY SUPPLIER","RENDERING AREA",--,KY,--,--
O20211001000860,"AMERICARE PHARMACEUTICAL SERVICES,INC.","317 NASSAU BLVD",--,"GARDEN CITY SOUTH",NY,11530-5313,"(516) 292-7948","HOME INFUSION THERAPY SUPPLIER","RENDERING AREA",--,NY,--,QUEENS
O20210721002875,"SENTARA ENTERPRISES","535 INDEPENDENCE PKWY","STE 300",CHESAPEAKE,VA,23320-5176,"(757) 553-3000","HOME INFUSION THERAPY SUPPLIER","RENDERING AREA",WAVERLY,VA,--,--
O20210115001090,"OPTION CARE ENTERPRISES INC","535 AXMINISTER DR",--,FENTON,MO,63026-2903,"(888) 553-7400","HOME INFUSION THERAPY SUPPLIER","RENDERING AREA",--,MO,--,--
O20201223001977,"OPTION CARE ENTERPRISES INC","3310 N PINES RD",--,"SPOKANE VALLEY",WA,99206-4612,"(800) 426-6101","HOME INFUSION THERAPY SUPPLIER","RENDERING AREA",--,WA,--,--
O20201222001109,"NUFACTOR INC","44900 WINCHESTER RD",--,TEMECULA,CA,92590-2579,"(951) 375-2400","HOME INFUSION THERAPY SUPPLIER","RENDERING AREA",--,CA,--,--
O20210923002377,"PATHWRITE INC","8601 CROSS PARK DR","STE 400",AUSTIN,TX,78754-4578,"(512) 823-2000","HOME INFUSION THERAPY SUPPLIER","RENDERING AREA",--,TX,--,BLANCO
O20210923002377,"PATHWRITE INC","8601 CROSS PARK DR","STE 400",AUSTIN,TX,78754-4578,"(512) 823-2000","HOME INFUSION THERAPY SUPPLIER","RENDERING AREA",--,TX,--,GONZALES
O20210923002377,"PATHWRITE INC","8601 CROSS PARK DR","STE 400",AUSTIN,TX,78754-4578,"(512) 823-2000","HOME INFUSION THERAPY SUPPLIER","RENDERING AREA",--,TX,--,TRAVIS
O20210210000129,"OPTUM INFUSION SERVICES 553","6531 MERIDIEN DR","STE 113",RALEIGH,NC,27616-3213,"(888) 571-3100","HOME INFUSION THERAPY SUPPLIER","RENDERING AREA",--,NC,--,--
O20210218002436,"KABAFUSION AL, LLC","241 WINTON M BLOUNT LOOP",--,MONTGOMERY,AL,36117-3507,"(800) 814-0992","HOME INFUSION THERAPY SUPPLIER","RENDERING AREA",--,AL,--,--
O20201209000620,"UNIVERSITY OF KS AUTHORITY","11300 CORPORATE AVE","STE 160",LENEXA,KS,66219-1365,"(913) 588-2600","HOME INFUSION THERAPY SUPPLIER","RENDERING AREA",--,KS,--,ANDERSON
O20201209000620,"UNIVERSITY OF KS AUTHORITY","11300 CORPORATE AVE","STE 160",LENEXA,KS,66219-1365,"(913) 588-2600","HOME INFUSION THERAPY SUPPLIER","RENDERING AREA",--,KS,--,BOURBON
O20201209000620,"UNIVERSITY OF KS AUTHORITY","11300 CORPORATE AVE","STE 160",LENEXA,KS,66219-1365,"(913) 588-2600","HOME INFUSION THERAPY SUPPLIER","RENDERING AREA",--,KS,--,LEAVENWORTH
O20201209000620,"UNIVERSITY OF KS AUTHORITY","11300 CORPORATE AVE","STE 160",LENEXA,KS,66219-1365,"(913) 588-2600","HOME INFUSION THERAPY SUPPLIER","SUPPLIER GR. AREA",--,KS,--,BROWN
O20201209000620,"UNIVERSITY OF KS AUTHORITY","11300 CORPORATE AVE","STE 160",LENEXA,KS,66219-1365,"(913) 588-2600","HOME INFUSION THERAPY SUPPLIER","SUPPLIER GR. AREA",--,KS,--,OSAGE
O20210616002157,"CAMELLIA PHARM SVCS LLC","885 LIBERTY RD","STE 500",FLOWOOD,MS,39232-9026,"(601) 714-1868","HOME INFUSION THERAPY SUPPLIER","SUPPLIER GR. AREA",--,MS,--,--
O20210609003237,"RED RIVER PHARM OF JONESBORO","2908 S CARAWAY RD",--,JONESBORO,AR,72401-7346,"(870) 336-2195","HOME INFUSION THERAPY SUPPLIER","RENDERING AREA",--,AR,--,WOODRUFF
O20201202001932,"OPTION CARE ENTERPRISES INC","3439 N 12TH AVE","STE A&B",PENSACOLA,FL,32503-4068,"(888) 688-3594","HOME INFUSION THERAPY SUPPLIER","RENDERING AREA",--,FL,--,--
O20210721002875,"SENTARA ENTERPRISES","535 INDEPENDENCE PKWY","STE 300",CHESAPEAKE,VA,23320-5176,"(757) 553-3000","HOME INFUSION THERAPY SUPPLIER","RENDERING AREA",POQUOSON,VA,--,--
O20201208003217,"INFUSION PARTNERS LLC","3315 CENTENNIAL RD","STE AA",SYLVANIA,OH,43560-9419,"(877) 578-2121","HOME INFUSION THERAPY SUPPLIER","RENDERING AREA",--,OH,--,--
O20210211002538,"SOUTHEASTERN HOME HEALTH CARE, LLC","7502 LEE DAVIS RD",--,MECHANICSVILLE,VA,23111-3603,"(804) 769-1380","HOME INFUSION THERAPY SUPPLIER","RENDERING AREA",--,VA,--,"CHARLES CITY"
O20210211002538,"SOUTHEASTERN HOME HEALTH CARE, LLC","7502 LEE DAVIS RD",--,MECHANICSVILLE,VA,23111-3603,"(804) 769-1380","HOME INFUSION THERAPY SUPPLIER","RENDERING AREA",--,VA,--,CHESTERFIELD
O20210211002538,"SOUTHEASTERN HOME HEALTH CARE, LLC","7502 LEE DAVIS RD",--,MECHANICSVILLE,VA,23111-3603,"(804) 769-1380","HOME INFUSION THERAPY SUPPLIER","SUPPLIER GR. AREA",--,VA,--,"CHARLES CITY"
O20210211002538,"SOUTHEASTERN HOME HEALTH CARE, LLC","7502 LEE DAVIS RD",--,MECHANICSVILLE,VA,23111-3603,"(804) 769-1380","HOME INFUSION THERAPY SUPPLIER","SUPPLIER GR. AREA",--,VA,--,GOOCHLAND
O20210211002538,"SOUTHEASTERN HOME HEALTH CARE, LLC","7502 LEE DAVIS RD",--,MECHANICSVILLE,VA,23111-3603,"(804) 769-1380","HOME INFUSION THERAPY SUPPLIER","SUPPLIER GR. AREA",--,VA,--,HENRICO
O20210105001419,"TRUSTEES OF THE UNIV OF PA","1070 NEW HOLLAND AVE",--,LANCASTER,PA,17601-5606,"(717) 544-3590","HOME INFUSION THERAPY SUPPLIER","RENDERING AREA",--,PA,--,PHILADELPHIA
O20210105001419,"TRUSTEES OF THE UNIV OF PA","1070 NEW HOLLAND AVE",--,LANCASTER,PA,17601-5606,"(717) 544-3590","HOME INFUSION THERAPY SUPPLIER","RENDERING AREA",--,PA,--,BUCKS
O20210408001566,"FLORIDA HOSPITAL HOME INFUSI","556 FLORIDA CENTRAL PKWY","STE 1044",LONGWOOD,FL,32750-5177,"(407) 865-5489","HOME INFUSION THERAPY SUPPLIER","RENDERING AREA",--,FL,--,ORANGE
O20210211002538,"SOUTHEASTERN HOME HEALTH CARE, LLC","7502 LEE DAVIS RD",--,MECHANICSVILLE,VA,23111-3603,"(804) 769-1380","HOME INFUSION THERAPY SUPPLIER","SUPPLIER GR. AREA",--,VA,--,POWHATAN
O20210512000886,"DUKE UNIVERSITY HEALTH SYSTE","4321 MEDICAL PARK DR","STE 101",DURHAM,NC,27704-2199,"(919) 620-3853","HOME INFUSION THERAPY SUPPLIER","RENDERING AREA",--,NC,--,--
O20210625001423,"VISITING NURSING ASSOCIATION OF WESTERN NEW YORK, INC.","650 AIRBORNE PKWY",--,CHEEKTOWAGA,NY,14225-1434,7166308000-8662,"HOME INFUSION THERAPY SUPPLIER","RENDERING AREA",--,NY,--,ORLEANS
O20210818002720,"PARAGON INFUSION CARE INC","3033 W PRESIDENT GEORGE BUSH HWY","STE 100-A",PLANO,TX,75075-5752,"(972) 588-1000","HOME INFUSION THERAPY SUPPLIER","RENDERING AREA",KAUFMAN,TX,--,--
O20201223001304,"HORIZON HOME CARE & HOSPICE","8503 75TH ST","STE B",KENOSHA,WI,53142-7620,"(414) 365-8300","HOME INFUSION THERAPY SUPPLIER","RENDERING AREA",--,WI,--,"FOND DU LAC"
O20201223001304,"HORIZON HOME CARE & HOSPICE","8503 75TH ST","STE B",KENOSHA,WI,53142-7620,"(414) 365-8300","HOME INFUSION THERAPY SUPPLIER","RENDERING AREA",--,WI,--,RACINE
O20201223001304,"HORIZON HOME CARE & HOSPICE","112 E DREXEL AVE",--,"OAK CREEK",WI,53154-2123,"(414) 365-8300","HOME INFUSION THERAPY SUPPLIER","RENDERING AREA",--,WI,--,OZAUKEE
O20201223001304,"HORIZON HOME CARE & HOSPICE","112 E DREXEL AVE",--,"OAK CREEK",WI,53154-2123,"(414) 365-8300","HOME INFUSION THERAPY SUPPLIER","SUPPLIER GR. AREA",--,WI,--,"FOND DU LAC"
O20201223001304,"HORIZON HOME CARE & HOSPICE","110 LONE OAK LN",--,HARTFORD,WI,53027-2600,"(414) 365-8300","HOME INFUSION THERAPY SUPPLIER","SUPPLIER GR. AREA",--,WI,--,SHEBOYGAN
O20201223001304,"HORIZON HOME CARE & HOSPICE","13111 N PORT WASHINGTON RD",--,MEQUON,WI,53097-2416,"(414) 365-8300","HOME INFUSION THERAPY SUPPLIER","RENDERING AREA",--,WI,--,KENOSHA
O20201223001304,"HORIZON HOME CARE & HOSPICE","8503 75TH ST","STE B",KENOSHA,WI,53142-7620,"(414) 365-8300","HOME INFUSION THERAPY SUPPLIER","RENDERING AREA",--,WI,--,WALWORTH
O20201223001304,"HORIZON HOME CARE & HOSPICE","8503 75TH ST","STE B",KENOSHA,WI,53142-7620,"(414) 365-8300","HOME INFUSION THERAPY SUPPLIER","RENDERING AREA",--,WI,--,SHEBOYGAN
O20201223001304,"HORIZON HOME CARE & HOSPICE","110 LONE OAK LN",--,HARTFORD,WI,53027-2600,"(414) 365-8300","HOME INFUSION THERAPY SUPPLIER","RENDERING AREA",--,WI,--,SHEBOYGAN
O20201223001304,"HORIZON HOME CARE & HOSPICE","13111 N PORT WASHINGTON RD",--,MEQUON,WI,53097-2416,"(414) 365-8300","HOME INFUSION THERAPY SUPPLIER","SUPPLIER GR. AREA",--,WI,--,WAUKESHA
O20201223001304,"HORIZON HOME CARE & HOSPICE","3232 PLEASANT VALLEY RD",--,"WEST BEND",WI,53095-9274,"(414) 365-8300","HOME INFUSION THERAPY SUPPLIER","SUPPLIER GR. AREA",--,WI,--,RACINE
O20201223001304,"HORIZON HOME CARE & HOSPICE","8503 75TH ST","STE B",KENOSHA,WI,53142-7620,"(414) 365-8300","HOME INFUSION THERAPY SUPPLIER","RENDERING AREA",--,WI,--,WAUKESHA
O20201223001304,"HORIZON HOME CARE & HOSPICE","11002 W PARK PL",--,MILWAUKEE,WI,53224-3615,"(414) 365-8300","HOME INFUSION THERAPY SUPPLIER","SUPPLIER GR. AREA",--,WI,--,JEFFERSON
O20201223001304,"HORIZON HOME CARE & HOSPICE","8503 75TH ST","STE B",KENOSHA,WI,53142-7620,"(414) 365-8300","HOME INFUSION THERAPY SUPPLIER","RENDERING AREA",--,WI,--,OUTAGAMIE
O20201223001304,"HORIZON HOME CARE & HOSPICE","110 LONE OAK LN",--,HARTFORD,WI,53027-2600,"(414) 365-8300","HOME INFUSION THERAPY SUPPLIER","SUPPLIER GR. AREA",--,WI,--,KENOSHA
O20201223001304,"HORIZON HOME CARE & HOSPICE","110 LONE OAK LN",--,HARTFORD,WI,53027-2600,"(414) 365-8300","HOME INFUSION THERAPY SUPPLIER","SUPPLIER GR. AREA",--,WI,--,OUTAGAMIE
O20201223001304,"HORIZON HOME CARE & HOSPICE","3232 PLEASANT VALLEY RD",--,"WEST BEND",WI,53095-9274,"(414) 365-8300","HOME INFUSION THERAPY SUPPLIER","SUPPLIER GR. AREA",--,WI,--,OUTAGAMIE
O20211022001423,"PREMIER INFUSION AND HEALTHC","19500 NORMANDIE AVE",--,TORRANCE,CA,90502-1108,3103283897-240,"HOME INFUSION THERAPY SUPPLIER","RENDERING AREA",--,CA,--,--
O20210310001014,"AT HOME INFUSION SERVICES","3500 NW BOCA RATON BLVD","STE 704","BOCA RATON",FL,33431-5854,"(877) 309-2207","HOME INFUSION THERAPY SUPPLIER","RENDERING AREA",--,AL,--,--
O20201125002038,"OPTION CARE ENTERPRISES INC","345 INVERNESS DR S STE 140","OPTION CARE",ENGLEWOOD,CO,80112-5890,"(800) 736-9499","HOME INFUSION THERAPY SUPPLIER","RENDERING AREA",--,CO,--,--
O20201201001821,"OPTION CARE ENTERPRISES INC","6611 N BELT LINE RD STE 100","OPTION CARE",IRVING,TX,75063-6001,"(800) 294-9003","HOME INFUSION THERAPY SUPPLIER","RENDERING AREA",--,TX,--,--
O20240822000116,"SOLEO HEALTH INC","702 SPIRIT 40 PARK DR","STE 120",CHESTERFIELD,MO,63005-1195,"(833) 206-1402","HOME INFUSION THERAPY SUPPLIER","RENDERING AREA",--,MO,--,--
O20240315001989,"EMILYS HOME HEALTH CARE INC","16461 SHERMAN WAY","STE 160","VAN NUYS",CA,91406-3810,"(818) 208-9388","HOME INFUSION THERAPY SUPPLIER","RENDERING AREA",--,CA,--,"LOS ANGELES"
O20240315001989,"EMILYS HOME HEALTH CARE INC","16461 SHERMAN WAY","STE 160","VAN NUYS",CA,91406-3810,"(818) 208-9388","HOME INFUSION THERAPY SUPPLIER","RENDERING AREA",--,CA,--,"SAN BERNARDINO"
O20230714001741,"ELITE INFUSION CARE LLC","1440 N HARBOR BLVD","STE 916",FULLERTON,CA,92835-4127,"(714) 519-6993","HOME INFUSION THERAPY SUPPLIER","SUPPLIER GR. AREA",--,CA,--,RIVERSIDE
O20230714001741,"ELITE INFUSION CARE LLC","1440 N HARBOR BLVD","STE 916",FULLERTON,CA,92835-4127,"(714) 519-6993","HOME INFUSION THERAPY SUPPLIER","RENDERING AREA",--,CA,--,RIVERSIDE
O20231031001986,"HEALTHPROV L.L.C.","1505 CALLE DEL NORTE","STE 375",LAREDO,TX,78041-6040,"(956) 728-0411","HOME INFUSION THERAPY SUPPLIER","SUPPLIER GR. AREA",--,TX,--,DUVAL
O20231031001986,"HEALTHPROV L.L.C.","1505 CALLE DEL NORTE","STE 375",LAREDO,TX,78041-6040,"(956) 728-0411","HOME INFUSION THERAPY SUPPLIER","RENDERING AREA",--,TX,--,"LA SALLE"
O20231004003137,"FAIRVIEW PHARMACY SERVICES","1527 LONDON RD",--,DULUTH,MN,55812-1617,"(218) 730-2200","HOME INFUSION THERAPY SUPPLIER","RENDERING AREA",--,WI,--,--
O20231004003137,"FAIRVIEW PHARMACY SERVICES","3650 VICTORIA ST N","STE 600",SHOREVIEW,MN,55126-2906,"(612) 672-2233","HOME INFUSION THERAPY SUPPLIER","RENDERING AREA",--,WI,--,--
O20230320000743,"HERITAGE BIOLOGICS LLC","255 NW VICTORIA DR","STE B","LEES SUMMIT",MO,64086-4709,"(855) 937-7273","HOME INFUSION THERAPY SUPPLIER","RENDERING AREA",--,RI,--,--
O20230817002728,"GROSSMONT HOSPITAL CORPORATI","3558 RUFFIN RD",--,"SAN DIEGO",CA,92123-2596,"(858) 627-5600","HOME INFUSION THERAPY SUPPLIER","SUPPLIER GR. AREA",--,CA,--,"SAN DIEGO"
O20210212001063,"KABAFUSION LLC","17777 CENTER COURT DR N","STE 175",CERRITOS,CA,90703-9320,"(800) 435-3020","HOME INFUSION THERAPY SUPPLIER","RENDERING AREA",--,CA,--,--
O20201223001304,"HORIZON HOME CARE & HOSPICE","13111 N PORT WASHINGTON RD",--,MEQUON,WI,53097-2416,"(414) 365-8300","HOME INFUSION THERAPY SUPPLIER","SUPPLIER GR. AREA",--,WI,--,CALUMET
O20201223001304,"HORIZON HOME CARE & HOSPICE","8503 75TH ST","STE B",KENOSHA,WI,53142-7620,"(414) 365-8300","HOME INFUSION THERAPY SUPPLIER","SUPPLIER GR. AREA",--,WI,--,WINNEBAGO
O20230126002474,"MYMICHIGAN MEDICAL MIDLAND","4500 CAMPUS RIDGE DR",--,MIDLAND,MI,48640-6123,"(989) 839-6256","HOME INFUSION THERAPY SUPPLIER","SUPPLIER GR. AREA",--,MI,--,--
O20221128000976,"MEDILINK RXCARE HAMMONTON","44 S WHITE HORSE PIKE",--,HAMMONTON,NJ,08037-1845,"(609) 956-1900","HOME INFUSION THERAPY SUPPLIER","RENDERING AREA",--,NJ,--,"CAPE MAY"
O20221128000976,"MEDILINK RXCARE HAMMONTON","44 S WHITE HORSE PIKE",--,HAMMONTON,NJ,08037-1845,"(609) 956-1900","HOME INFUSION THERAPY SUPPLIER","RENDERING AREA",--,NJ,--,GLOUCESTER
O20221128000976,"MEDILINK RXCARE HAMMONTON","44 S WHITE HORSE PIKE",--,HAMMONTON,NJ,08037-1845,"(609) 956-1900","HOME INFUSION THERAPY SUPPLIER","RENDERING AREA",--,NJ,--,SALEM
O20260223003307,"HEALTHQUEST THERAPEUTICS LLC","1311 W SAM HOUSTON PKWY N","STE 100",HOUSTON,TX,77043-4016,"(832) 612-3500","HOME INFUSION THERAPY SUPPLIER","SUPPLIER GR. AREA",--,TX,--,MONTGOMERY
O20260403000172,"MUNSON MEDICAL CENTER","1105 6TH ST","HOME INFUSION","TRAVERSE CITY",MI,49684-2345,"(231) 935-5999","HOME INFUSION THERAPY SUPPLIER","SUPPLIER GR. AREA",--,MI,--,MASON
O20260403000172,"MUNSON MEDICAL CENTER","1105 6TH ST","HOME INFUSION","TRAVERSE CITY",MI,49684-2345,"(231) 935-5999","HOME INFUSION THERAPY SUPPLIER","SUPPLIER GR. AREA",--,MI,--,MISSAUKEE
O20260403000172,"MUNSON MEDICAL CENTER","1105 6TH ST","HOME INFUSION","TRAVERSE CITY",MI,49684-2345,"(231) 935-5999","HOME INFUSION THERAPY SUPPLIER","SUPPLIER GR. AREA",--,MI,--,KALKASKA
O20250213001979,"CHARTWELL PENNSYLVANIA, LP","1001 OAKDALE RD",--,OAKDALE,PA,15071-1502,"(412) 920-7500","HOME INFUSION THERAPY SUPPLIER","RENDERING AREA",--,MI,--,--
O20260624003685,"IRIDIUM SPECIALTY PHARM PLLC","11303 CHIMNEY ROCK RD","STE 105",HOUSTON,TX,77035-2901,"(713) 324-7235","HOME INFUSION THERAPY SUPPLIER","RENDERING AREA",--,TX,--,--
O20210303000913,"MEDILINK HOMECARE, INC.","129 N WHITE HORSE PIKE","STE 1",HAMMONTON,NJ,08037-1893,"(800) 984-1014","HOME INFUSION THERAPY SUPPLIER","RENDERING AREA",--,DE,--,--
O20260505000613,"HARPERS PHARMACY INC","132 S ANITA DR","STE 310",ORANGE,CA,92868-3317,"(877) 778-3773","HOME INFUSION THERAPY SUPPLIER","RENDERING AREA",--,CA,--,"SAN DIEGO"
O20260505000613,"HARPERS PHARMACY INC","132 S ANITA DR","STE 310",ORANGE,CA,92868-3317,"(877) 778-3773","HOME INFUSION THERAPY SUPPLIER","RENDERING AREA",--,CA,--,VENTURA
O20201223001304,"HORIZON HOME CARE & HOSPICE","3232 PLEASANT VALLEY RD",--,"WEST BEND",WI,53095-9274,"(414) 365-8300","HOME INFUSION THERAPY SUPPLIER","RENDERING AREA",--,WI,--,WINNEBAGO
O20240328002376,"GRAND CANYON HOME HEALTH CAR","2432 W PEORIA AVE","STE 1073",PHOENIX,AZ,85029-4730,"(347) 458-8086","HOME INFUSION THERAPY SUPPLIER","SUPPLIER GR. AREA",--,AZ,--,MARICOPA
O20210226001747,"IVEDCO LLC","10920 W SAM HOUSTON PKWY N","STE 800/950, KABAFUSION TX",HOUSTON,TX,77064-6322,"(877) 801-4087","HOME INFUSION THERAPY SUPPLIER","RENDERING AREA",--,CO,--,--
O20210226001747,"IVEDCO LLC","10920 W SAM HOUSTON PKWY N","STE 800/950, KABAFUSION TX",HOUSTON,TX,77064-6322,"(877) 801-4087","HOME INFUSION THERAPY SUPPLIER","RENDERING AREA",--,LA,--,--
O20210226001747,"IVEDCO LLC","10920 W SAM HOUSTON PKWY N","STE 800/950, KABAFUSION TX",HOUSTON,TX,77064-6322,"(877) 801-4087","HOME INFUSION THERAPY SUPPLIER","RENDERING AREA",--,MS,--,--
O20210226001747,"IVEDCO LLC","10920 W SAM HOUSTON PKWY N","STE 800/950, KABAFUSION TX",HOUSTON,TX,77064-6322,"(877) 801-4087","HOME INFUSION THERAPY SUPPLIER","RENDERING AREA",--,NE,--,--
O20210226001747,"IVEDCO LLC","10920 W SAM HOUSTON PKWY N","STE 800/950, KABAFUSION TX",HOUSTON,TX,77064-6322,"(877) 801-4087","HOME INFUSION THERAPY SUPPLIER","RENDERING AREA",--,TN,--,--
O20250919001388,"EXECUTIVE INFUSION SVCS LLC","17000 EXECUTIVE PLAZA DR","STE 201",DEARBORN,MI,48126-2793,3139823220-300,"HOME INFUSION THERAPY SUPPLIER","RENDERING AREA",DEARBORN,MI,48126,--
O20210302000198,"KABAFUSION IN LLC","11711 N COLLEGE AVE","STE 125",CARMEL,IN,46032-5668,"(800) 906-0050","HOME INFUSION THERAPY SUPPLIER","RENDERING AREA",--,IL,--,--
O20241213000533,"INFUCARE RX, LLC","1959 W 9TH ST","STE A","RIVIERA BEACH",FL,33404-6440,"(877) 828-3940","HOME INFUSION THERAPY SUPPLIER","SUPPLIER GR. AREA",--,FL,--,--
O20241109000150,"HOMECARE RX INC","45 ROUTE 46","STE 610","PINE BROOK",NJ,07058-9390,"(877) 828-3940","HOME INFUSION THERAPY SUPPLIER","RENDERING AREA",--,NY,--,--
O20210324002584,"KABAFUSION AL, LLC","360F QUALITY CIR NW","STE 630",HUNTSVILLE,AL,35806-4546,"(800) 838-2464","HOME INFUSION THERAPY SUPPLIER","RENDERING AREA",--,TN,--,--
O20210326000312,"HOME CARE SERVICES INC","160 RARITAN CENTER PKWY","STE 18",EDISON,NJ,08837-3637,"(800) 383-8393","HOME INFUSION THERAPY SUPPLIER","RENDERING AREA",--,CT,--,--
O20210326000312,"HOME CARE SERVICES INC","160 RARITAN CENTER PKWY","STE 18",EDISON,NJ,08837-3637,"(800) 383-8393","HOME INFUSION THERAPY SUPPLIER","RENDERING AREA",--,IL,--,--
O20210326000312,"HOME CARE SERVICES INC","160 RARITAN CENTER PKWY","STE 18",EDISON,NJ,08837-3637,"(800) 383-8393","HOME INFUSION THERAPY SUPPLIER","RENDERING AREA",--,WV,--,--
O20250129000262,"THE EAST ALABAMA HEALTH CARE AUTHORITY","1171 GATEWOOD DR","STE 1200",AUBURN,AL,36830-1817,"(334) 528-3950","HOME INFUSION THERAPY SUPPLIER","RENDERING AREA",--,AL,--,--
O20260626003735,"SUPPORT HOME HEALTH CARE LLC","2300 N BARRINGTON RD STE 400",--,"HOFFMAN ESTATES",IL,60169-2036,"(224) 254-4393","HOME INFUSION THERAPY SUPPLIER","SUPPLIER GR. AREA",--,IL,--,LAKE
O20260804005009,"AVEVORX LLC","8601 CROSS PARK DR","STE 400",AUSTIN,TX,78754-4597,"(877) 940-1466","HOME INFUSION THERAPY SUPPLIER","RENDERING AREA",--,TX,--,--
O20210317000821,"KABAFUSION INC","220 BROOKS ST","STE 1",WORCESTER,MA,01606-3339,"(888) 727-2323","HOME INFUSION THERAPY SUPPLIER","RENDERING AREA",--,NC,--,--
O20260708001200,"BOSTON MEDICAL CENTER CORPORATION","41 TEED DR",--,RANDOLPH,MA,02368-4201,"(781) 805-8700","HOME INFUSION THERAPY SUPPLIER","RENDERING AREA",--,MA,--,--
O20240417001830,"THE CARLE FOUNDATION HOSPITA","1701 CURTIS RD",--,CHAMPAIGN,IL,61822-9678,"(217) 365-5622","HOME INFUSION THERAPY SUPPLIER",--,--,--,--,--
O20210225000716,"ACCREDO HEALTH GROUP INC","190 TECHNOLOGY PKWY","STE 120",NORCROSS,GA,30092-2914,"(770) 935-2510","HOME INFUSION THERAPY SUPPLIER",--,--,--,--,--
O20260213002332,"LIFESPAN PHARMACY LLC","148 W RIVER ST","STE 2B",PROVIDENCE,RI,02904-2615,"(401) 793-7650","HOME INFUSION THERAPY SUPPLIER",--,--,--,--,--
O20210203002261,"THE CARLE FOUNDATION HOSPITA","4116 FIELDSTONE RD",--,CHAMPAIGN,IL,61822-8801,"(217) 383-3488","HOME INFUSION THERAPY SUPPLIER",--,--,--,--,--
O20210121000184,"I V SOLUTIONS LLC","165 HANSEN CT","STE 106","WOOD DALE",IL,60191-1110,8479454444-1110,"HOME INFUSION THERAPY SUPPLIER","RENDERING AREA",--,IL,--,DUPAGE
O20220203001062,"MKARE MANAGEMENT INC","147 AUBURN RDG",--,"SPRING BRANCH",TX,78070-6001,"(210) 663-1886","HOME INFUSION THERAPY SUPPLIER","RENDERING AREA",--,TX,--,KENDALL
O20240122004305,"ELEVA RECOVERY LLC","CALLE SANTA CRUZ # 70","PLAZA SAN PABLO II",BAYAMON,PR,00961,"(787) 706-5255","HOME INFUSION THERAPY SUPPLIER","RENDERING AREA",--,PR,--,--
O20220509002548,"FACTOR ONE SOURCE PHARM LLC","217 GLENN ST","STE 300",CUMBERLAND,MD,21502-2590,"(877) 828-3940","HOME INFUSION THERAPY SUPPLIER","RENDERING AREA",--,ND,--,--
O20220509002548,"FACTOR ONE SOURCE PHARM LLC","217 GLENN ST","STE 300",CUMBERLAND,MD,21502-2590,"(877) 828-3940","HOME INFUSION THERAPY SUPPLIER","RENDERING AREA",--,IN,--,--
O20220509002548,"FACTOR ONE SOURCE PHARM LLC","217 GLENN ST","STE 300",CUMBERLAND,MD,21502-2590,"(877) 828-3940","HOME INFUSION THERAPY SUPPLIER","RENDERING AREA",--,LA,--,--
O20210309002322,"PROVIDENCE HEALTH & SERVICES","6410 NE HALSEY ST","STE 400",PORTLAND,OR,97213-4759,"(503) 215-4633","HOME INFUSION THERAPY SUPPLIER","RENDERING AREA",--,OR,--,COLUMBIA
O20210309002322,"PROVIDENCE HEALTH & SERVICES","840 ROYAL AVE","STE 120",MEDFORD,OR,97504-6461,"(541) 732-5566","HOME INFUSION THERAPY SUPPLIER","RENDERING AREA",--,OR,--,GRANT
O20210309002322,"PROVIDENCE HEALTH & SERVICES","6410 NE HALSEY ST","STE 400",PORTLAND,OR,97213-4759,"(503) 215-4633","HOME INFUSION THERAPY SUPPLIER","RENDERING AREA",--,OR,--,HARNEY
O20210309002322,"PROVIDENCE HEALTH & SERVICES","840 ROYAL AVE","STE 120",MEDFORD,OR,97504-6461,"(541) 732-5566","HOME INFUSION THERAPY SUPPLIER","RENDERING AREA",--,OR,--,"HOOD RIVER"
O20210309002322,"PROVIDENCE HEALTH & SERVICES","840 ROYAL AVE","STE 120",MEDFORD,OR,97504-6461,"(541) 732-5566","HOME INFUSION THERAPY SUPPLIER","RENDERING AREA",--,OR,--,KLAMATH
O20210309002322,"PROVIDENCE HEALTH & SERVICES","6410 NE HALSEY ST","STE 400",PORTLAND,OR,97213-4759,"(503) 215-4633","HOME INFUSION THERAPY SUPPLIER","RENDERING AREA",--,OR,--,LAKE
O20210309002322,"PROVIDENCE HEALTH & SERVICES","840 ROYAL AVE","STE 120",MEDFORD,OR,97504-6461,"(541) 732-5566","HOME INFUSION THERAPY SUPPLIER","RENDERING AREA",--,OR,--,MARION
O20210309002322,"PROVIDENCE HEALTH & SERVICES","6410 NE HALSEY ST","STE 400",PORTLAND,OR,97213-4759,"(503) 215-4633","HOME INFUSION THERAPY SUPPLIER","RENDERING AREA",--,OR,--,MULTNOMAH
O20210309002322,"PROVIDENCE HEALTH & SERVICES","6410 NE HALSEY ST","STE 400",PORTLAND,OR,97213-4759,"(503) 215-4633","HOME INFUSION THERAPY SUPPLIER","RENDERING AREA",--,OR,--,WASHINGTON
O20210309002322,"PROVIDENCE HEALTH & SERVICES","6410 NE HALSEY ST","STE 400",PORTLAND,OR,97213-4759,"(503) 215-4633","HOME INFUSION THERAPY SUPPLIER","RENDERING AREA",--,OR,--,YAMHILL
O20230427001393,"EAST TEXAS PHC LLC","602 E WHALEY ST",--,LONGVIEW,TX,75601-6525,"(903) 753-2273","HOME INFUSION THERAPY SUPPLIER","SUPPLIER GR. AREA",--,TX,--,CAMP
O20230427001393,"EAST TEXAS PHC LLC","602 E WHALEY ST",--,LONGVIEW,TX,75601-6525,"(903) 753-2273","HOME INFUSION THERAPY SUPPLIER","RENDERING AREA",--,TX,--,CAMP
O20230427001393,"EAST TEXAS PHC LLC","602 E WHALEY ST",--,LONGVIEW,TX,75601-6525,"(903) 753-2273","HOME INFUSION THERAPY SUPPLIER","RENDERING AREA",--,TX,--,PANOLA
O20230427001393,"EAST TEXAS PHC LLC","602 E WHALEY ST",--,LONGVIEW,TX,75601-6525,"(903) 753-2273","HOME INFUSION THERAPY SUPPLIER","RENDERING AREA",--,TX,--,RUSK
O20230427001393,"EAST TEXAS PHC LLC","602 E WHALEY ST",--,LONGVIEW,TX,75601-6525,"(903) 753-2273","HOME INFUSION THERAPY SUPPLIER","RENDERING AREA",--,TX,--,SMITH
O20230427001393,"EAST TEXAS PHC LLC","602 E WHALEY ST",--,LONGVIEW,TX,75601-6525,"(903) 753-2273","HOME INFUSION THERAPY SUPPLIER","RENDERING AREA",--,TX,--,UPSHUR
O20230427001393,"EAST TEXAS PHC LLC","602 E WHALEY ST",--,LONGVIEW,TX,75601-6525,"(903) 753-2273","HOME INFUSION THERAPY SUPPLIER","RENDERING AREA",--,TX,--,"VAN ZANDT"
O20210716000514,"PATHWAYS HEALTHCARE LLC","75 SOCKANOSSET CROSS RD","STE 210",CRANSTON,RI,02920-5558,"(617) 481-9077","HOME INFUSION THERAPY SUPPLIER","SUPPLIER GR. AREA",--,RI,--,--
O20230403002670,"OHIO VALLEY MEDEX INC","700 E SPRING ST",--,"NEW ALBANY",IN,47150-2938,"(812) 944-9284","HOME INFUSION THERAPY SUPPLIER","RENDERING AREA",--,IN,--,--
O20210309000658,"KABAFUSION KY LLC","5694 SHEPHERDSVILLE RD",--,LOUISVILLE,KY,40228-1014,"(800) 999-3652","HOME INFUSION THERAPY SUPPLIER","RENDERING AREA",--,OH,--,--
O20210325001201,"SOLEO HEALTH INC","8275 EL RIO ST","STE 180",HOUSTON,TX,77054-4651,"(844) 399-8504","HOME INFUSION THERAPY SUPPLIER","RENDERING AREA",--,TX,--,--
O20210317000994,"HOME AIDE SVC OF EASTERN NY","433 RIVER ST","STE 3000",TROY,NY,12180-2250,5182746200-1310,"HOME INFUSION THERAPY SUPPLIER","RENDERING AREA",--,NY,--,RENSSELAER
O20210217000391,"AMATUS HEALTH CARE LLC","2010 VALLEY VIEW LN","STE 200","FARMERS BRANCH",TX,75234-8915,"(972) 249-4999","HOME INFUSION THERAPY SUPPLIER","RENDERING AREA",FANNIN,TX,--,--
O20210217000391,"AMATUS HEALTH CARE LLC","2010 VALLEY VIEW LN","STE 200","FARMERS BRANCH",TX,75234-8915,"(972) 249-4999","HOME INFUSION THERAPY SUPPLIER","RENDERING AREA",SOMERVELL,TX,--,--
O20210223001763,"OPTUM INFUSION SVCS 305 LLC","11211 INDUSTRIPLEX BLVD","STE 900","BATON ROUGE",LA,70809-4178,"(800) 390-0914","HOME INFUSION THERAPY SUPPLIER","RENDERING AREA",--,LA,--,--
O20210826002187,"INFUSION SOLUTIONS INC","477 W HORTON RD",--,BELLINGHAM,WA,98226-1205,"(360) 933-4892","HOME INFUSION THERAPY SUPPLIER","RENDERING AREA",--,WA,--,--
O20210224002277,"ACCREDO HEALTH GROUP INC","11411 STRANG LINE RD","STE A",LENEXA,KS,66215-4047,"(913) 451-2919","HOME INFUSION THERAPY SUPPLIER","RENDERING AREA",--,KS,--,--
O20210416000228,"CATHOLIC HEALTH SYSTEM INFUS","6350 TRANSIT RD",--,DEPEW,NY,14043-1039,"(716) 685-4870","HOME INFUSION THERAPY SUPPLIER","RENDERING AREA",COLDEN,NY,--,--
O20210416000228,"CATHOLIC HEALTH SYSTEM INFUS","6350 TRANSIT RD",--,DEPEW,NY,14043-1039,"(716) 685-4870","HOME INFUSION THERAPY SUPPLIER","RENDERING AREA",WALES,NY,--,--
O20210416000228,"CATHOLIC HEALTH SYSTEM INFUS","6350 TRANSIT RD",--,DEPEW,NY,14043-1039,"(716) 685-4870","HOME INFUSION THERAPY SUPPLIER","RENDERING AREA",VERSAILLES,NY,--,--
O20210416000228,"CATHOLIC HEALTH SYSTEM INFUS","6350 TRANSIT RD",--,DEPEW,NY,14043-1039,"(716) 685-4870","HOME INFUSION THERAPY SUPPLIER","RENDERING AREA",DERBY,NY,--,--
O20210416000228,"CATHOLIC HEALTH SYSTEM INFUS","6350 TRANSIT RD",--,DEPEW,NY,14043-1039,"(716) 685-4870","HOME INFUSION THERAPY SUPPLIER","RENDERING AREA","WEST SENECA",NY,--,--
O20210416000228,"CATHOLIC HEALTH SYSTEM INFUS","6350 TRANSIT RD",--,DEPEW,NY,14043-1039,"(716) 685-4870","HOME INFUSION THERAPY SUPPLIER","RENDERING AREA",AKRON,NY,--,--
O20230413001333,"SOLEO HEALTH INC","8011 W FAIRVIEW AVE",--,BOISE,ID,83704-8424,"(208) 617-3600","HOME INFUSION THERAPY SUPPLIER","RENDERING AREA",--,ID,--,--
O20220201002393,"FAST ACCESS SPECIALTY TRPT(S","2400 VETERANS MEMORIAL BLVD","STE 480",KENNER,LA,70062-8726,"(877) 828-3940","HOME INFUSION THERAPY SUPPLIER","RENDERING AREA",--,LA,--,--
O20210914000654,"EPPY'S IV INC","2987A ROBERT C BYRD DR",--,BECKLEY,WV,25801-4400,"(304) 252-6332","HOME INFUSION THERAPY SUPPLIER","RENDERING AREA",--,WV,--,--
O20210204002060,"SUTTER VISITING NURSE ASSOC","8318 FERGUSON AVE",--,SACRAMENTO,CA,95828-0902,"(916) 379-3200","HOME INFUSION THERAPY SUPPLIER","RENDERING AREA",--,CA,--,STANISLAUS
O20210204002060,"SUTTER VISITING NURSE ASSOC","1105 ATLANTIC AVE","STE 102",ALAMEDA,CA,94501-1184,"(510) 450-8900","HOME INFUSION THERAPY SUPPLIER","RENDERING AREA",--,CA,--,YUBA
O20210818002720,"PARAGON INFUSION CARE INC","3033 W PRESIDENT GEORGE BUSH HWY","STE 100-A",PLANO,TX,75075-5752,"(972) 588-1000","HOME INFUSION THERAPY SUPPLIER","RENDERING AREA",WALLER,TX,--,--
O20201222001321,"BIOMED CALIFORNIA INC","721 S GLASGOW AVE","STE C",INGLEWOOD,CA,90301-3016,"(310) 665-1121","HOME INFUSION THERAPY SUPPLIER","RENDERING AREA",--,CA,--,--
O20210107002286,"HOMECHOICE PARTNERS LLC","8841 LANDMARK RD","STE 100",HENRICO,VA,23228-2138,"(800) 750-7299","HOME INFUSION THERAPY SUPPLIER","RENDERING AREA",--,VA,--,--
O20210111002388,"SOLEO HEALTH INC","909 PLANTATION BLVD",--,FAIRHOPE,AL,36532-2949,"(251) 234-6074","HOME INFUSION THERAPY SUPPLIER","RENDERING AREA",--,AL,--,--
O20210113001768,"VISITING NURSE ASSOC OF WI","116 N DODGE ST","STE 6",BURLINGTON,WI,53105-1963,"(800) 862-2201","HOME INFUSION THERAPY SUPPLIER","RENDERING AREA",--,WI,--,BROWN
O20210113001768,"VISITING NURSE ASSOC OF WI","931 DISCOVERY RD",--,"GREEN BAY",WI,54311-8002,"(920) 288-5100","HOME INFUSION THERAPY SUPPLIER","RENDERING AREA",--,WI,--,DOOR
O20210113001768,"VISITING NURSE ASSOC OF WI","931 DISCOVERY RD",--,"GREEN BAY",WI,54311-8002,"(920) 288-5100","HOME INFUSION THERAPY SUPPLIER","RENDERING AREA",--,WI,--,MANITOWOC
O20210113001768,"VISITING NURSE ASSOC OF WI","11333 W NATIONAL AVE",--,"WEST ALLIS",WI,53227-3111,"(414) 327-2295","HOME INFUSION THERAPY SUPPLIER","RENDERING AREA",--,WI,--,MANITOWOC
O20210113001768,"VISITING NURSE ASSOC OF WI","931 DISCOVERY RD",--,"GREEN BAY",WI,54311-8002,"(920) 288-5100","HOME INFUSION THERAPY SUPPLIER","RENDERING AREA",--,WI,--,SHEBOYGAN
O20210310001014,"AT HOME INFUSION SERVICES","4207 VINELAND RD","STE M-1016",ORLANDO,FL,32811-7489,"(800) 421-5596","HOME INFUSION THERAPY SUPPLIER","RENDERING AREA",--,FL,--,--
O20210326001947,"PROVIDENCE HEALTH & SERVICES","15918 E EUCLID AVE",--,"SPOKANE VALLEY",WA,99216-1815,"(509) 924-1826","HOME INFUSION THERAPY SUPPLIER","SUPPLIER GR. AREA",--,MT,--,LAKE
O20210326001947,"PROVIDENCE HEALTH & SERVICES","3333 S 120TH PL","STE 100",TUKWILA,WA,98168-5134,"(425) 687-4400","HOME INFUSION THERAPY SUPPLIER","SUPPLIER GR. AREA",--,MT,--,RAVALLI
O20210326001947,"PROVIDENCE HEALTH & SERVICES","15918 E EUCLID AVE",--,"SPOKANE VALLEY",WA,99216-1815,"(509) 924-1826","HOME INFUSION THERAPY SUPPLIER","SUPPLIER GR. AREA",--,OR,--,UNION
O20210721002875,"SENTARA ENTERPRISES","535 INDEPENDENCE PKWY","STE 300",CHESAPEAKE,VA,23320-5176,"(757) 553-3000","HOME INFUSION THERAPY SUPPLIER","RENDERING AREA","NEWPORT NEWS",VA,--,--
O20210721002875,"SENTARA ENTERPRISES","535 INDEPENDENCE PKWY","STE 300",CHESAPEAKE,VA,23320-5176,"(757) 553-3000","HOME INFUSION THERAPY SUPPLIER","RENDERING AREA",WILLIAMSBURG,VA,--,--
O20201216001027,"OPTION CARE ENTERPRISES INC","867 W CARMEL DR",--,CARMEL,IN,46032-5804,"(866) 846-3979","HOME INFUSION THERAPY SUPPLIER","RENDERING AREA",--,IN,--,--
O20210326001947,"PROVIDENCE HEALTH & SERVICES","15918 E EUCLID AVE",--,"SPOKANE VALLEY",WA,99216-1815,"(509) 924-1826","HOME INFUSION THERAPY SUPPLIER","SUPPLIER GR. AREA",--,ID,--,KOOTENAI
O20210326001947,"PROVIDENCE HEALTH & SERVICES","15918 E EUCLID AVE",--,"SPOKANE VALLEY",WA,99216-1815,"(509) 924-1826","HOME INFUSION THERAPY SUPPLIER","RENDERING AREA",--,WA,--,KLICKITAT
O20210326001947,"PROVIDENCE HEALTH & SERVICES","3333 S 120TH PL","STE 100",TUKWILA,WA,98168-5134,"(425) 687-4400","HOME INFUSION THERAPY SUPPLIER","RENDERING AREA",--,WA,--,LINCOLN
O20210326001947,"PROVIDENCE HEALTH & SERVICES","15918 E EUCLID AVE",--,"SPOKANE VALLEY",WA,99216-1815,"(509) 924-1826","HOME INFUSION THERAPY SUPPLIER","SUPPLIER GR. AREA",--,MT,--,MISSOULA
O20210326001947,"PROVIDENCE HEALTH & SERVICES","3333 S 120TH PL","STE 100",TUKWILA,WA,98168-5134,"(425) 687-4400","HOME INFUSION THERAPY SUPPLIER","SUPPLIER GR. AREA",--,OR,--,GILLIAM
O20210326001947,"PROVIDENCE HEALTH & SERVICES","3333 S 120TH PL","STE 100",TUKWILA,WA,98168-5134,"(425) 687-4400","HOME INFUSION THERAPY SUPPLIER","RENDERING AREA",--,WA,--,FERRY
O20210326001947,"PROVIDENCE HEALTH & SERVICES","3333 S 120TH PL","STE 100",TUKWILA,WA,98168-5134,"(425) 687-4400","HOME INFUSION THERAPY SUPPLIER","RENDERING AREA",--,WA,--,ADAMS
O20210326001947,"PROVIDENCE HEALTH & SERVICES","3333 S 120TH PL","STE 100",TUKWILA,WA,98168-5134,"(425) 687-4400","HOME INFUSION THERAPY SUPPLIER","RENDERING AREA",--,WA,--,SNOHOMISH
O20210326001947,"PROVIDENCE HEALTH & SERVICES","3333 S 120TH PL","STE 100",TUKWILA,WA,98168-5134,"(425) 687-4400","HOME INFUSION THERAPY SUPPLIER","RENDERING AREA",--,WA,--,SKAGIT
O20210326001947,"PROVIDENCE HEALTH & SERVICES","3333 S 120TH PL","STE 100",TUKWILA,WA,98168-5134,"(425) 687-4400","HOME INFUSION THERAPY SUPPLIER","RENDERING AREA",--,WA,--,PIERCE
O20210326001947,"PROVIDENCE HEALTH & SERVICES","15918 E EUCLID AVE",--,"SPOKANE VALLEY",WA,99216-1815,"(509) 924-1826","HOME INFUSION THERAPY SUPPLIER","RENDERING AREA",--,WA,--,WHATCOM
O20210326001947,"PROVIDENCE HEALTH & SERVICES","15918 E EUCLID AVE",--,"SPOKANE VALLEY",WA,99216-1815,"(509) 924-1826","HOME INFUSION THERAPY SUPPLIER","RENDERING AREA",--,WA,--,CLALLAM
O20210125001029,"OPTION CARE ENTERPRISES INC","49 FREEWAY DR","STE A",CRANSTON,RI,02920-7935,"(800) 431-4250","HOME INFUSION THERAPY SUPPLIER","RENDERING AREA",--,RI,--,--
O20210326001947,"PROVIDENCE HEALTH & SERVICES","15918 E EUCLID AVE",--,"SPOKANE VALLEY",WA,99216-1815,"(509) 924-1826","HOME INFUSION THERAPY SUPPLIER","RENDERING AREA",--,WA,--,PACIFIC
O20210128000309,"EHS HOME HEALTH CARE SERVICE","2311 W 22ND ST","STE 300","OAK BROOK",IL,60523-4103,"(630) 963-7900","HOME INFUSION THERAPY SUPPLIER","RENDERING AREA",--,IL,--,IROQUOIS
O20210128000309,"EHS HOME HEALTH CARE SERVICE","2311 W 22ND ST","STE 300","OAK BROOK",IL,60523-4103,"(630) 963-7900","HOME INFUSION THERAPY SUPPLIER","RENDERING AREA",--,IL,--,OGLE
O20210215000385,"OPTUM INFUSION SVCS 308 LLC","6547 S RACINE CIR","STE 300",CENTENNIAL,CO,80111-6448,"(877) 224-0617","HOME INFUSION THERAPY SUPPLIER","RENDERING AREA",--,CO,--,--
O20210204001682,"I. V. CARE OF MIDDLE GEORGIA","151 COLLEGE ST","STE A",MACON,GA,31201-1655,"(478) 743-8997","HOME INFUSION THERAPY SUPPLIER","RENDERING AREA",--,GA,--,STEWART
O20210204001682,"I. V. CARE OF MIDDLE GEORGIA","151 COLLEGE ST","STE A",MACON,GA,31201-1655,"(478) 743-8997","HOME INFUSION THERAPY SUPPLIER","RENDERING AREA",--,GA,--,TAYLOR
O20210204001682,"I. V. CARE OF MIDDLE GEORGIA","151 COLLEGE ST","STE A",MACON,GA,31201-1655,"(478) 743-8997","HOME INFUSION THERAPY SUPPLIER","RENDERING AREA",--,GA,--,BLECKLEY
O20210204001682,"I. V. CARE OF MIDDLE GEORGIA","151 COLLEGE ST","STE A",MACON,GA,31201-1655,"(478) 743-8997","HOME INFUSION THERAPY SUPPLIER","RENDERING AREA",--,GA,--,DOOLY
O20210204001682,"I. V. CARE OF MIDDLE GEORGIA","151 COLLEGE ST","STE A",MACON,GA,31201-1655,"(478) 743-8997","HOME INFUSION THERAPY SUPPLIER","RENDERING AREA",--,GA,--,TELFAIR
O20210721002875,"SENTARA ENTERPRISES","535 INDEPENDENCE PKWY","STE 300",CHESAPEAKE,VA,23320-5176,"(757) 553-3000","HOME INFUSION THERAPY SUPPLIER","RENDERING AREA",PORTSMOUTH,VA,--,--
O20210818002720,"PARAGON INFUSION CARE INC","3033 W PRESIDENT GEORGE BUSH HWY","STE 100-A",PLANO,TX,75075-5752,"(972) 588-1000","HOME INFUSION THERAPY SUPPLIER","RENDERING AREA",MONTGOMERY,TX,--,--
O20210203001250,"OPTUM INFUSION SERVICES 209","425 FRANKLIN GTWY SE","STE 535",MARIETTA,GA,30067-7758,"(770) 420-3393","HOME INFUSION THERAPY SUPPLIER","RENDERING AREA",--,GA,--,--
O20210204002060,"SUTTER VISITING NURSE ASSOC","8318 FERGUSON AVE",--,SACRAMENTO,CA,95828-0902,"(916) 379-3200","HOME INFUSION THERAPY SUPPLIER","RENDERING AREA",--,CA,--,CALAVERAS
O20210204002060,"SUTTER VISITING NURSE ASSOC","8318 FERGUSON AVE",--,SACRAMENTO,CA,95828-0902,"(916) 379-3200","HOME INFUSION THERAPY SUPPLIER","RENDERING AREA",--,CA,--,"CONTRA COSTA"
O20210204002060,"SUTTER VISITING NURSE ASSOC","8318 FERGUSON AVE",--,SACRAMENTO,CA,95828-0902,"(916) 379-3200","HOME INFUSION THERAPY SUPPLIER","RENDERING AREA",--,CA,--,MONTEREY
O20210204002060,"SUTTER VISITING NURSE ASSOC","8318 FERGUSON AVE",--,SACRAMENTO,CA,95828-0902,"(916) 379-3200","HOME INFUSION THERAPY SUPPLIER","RENDERING AREA",--,CA,--,PLACER
O20210113001768,"VISITING NURSE ASSOC OF WI","116 N DODGE ST","STE 6",BURLINGTON,WI,53105-1963,"(800) 862-2201","HOME INFUSION THERAPY SUPPLIER","SUPPLIER GR. AREA",--,WI,--,--
O20210428002102,"ORION HOME HEALTH INC","5836 LINCOLN AVE","STE 120","MORTON GROVE",IL,60053-3351,"(847) 410-0240","HOME INFUSION THERAPY SUPPLIER","RENDERING AREA",--,IL,--,DUPAGE
O20211001000860,"AMERICARE PHARMACEUTICAL SERVICES,INC.","317 NASSAU BLVD",--,"GARDEN CITY SOUTH",NY,11530-5313,"(516) 292-7948","HOME INFUSION THERAPY SUPPLIER","RENDERING AREA",--,NY,--,WESTCHESTER
O20211001000860,"AMERICARE PHARMACEUTICAL SERVICES,INC.","317 NASSAU BLVD",--,"GARDEN CITY SOUTH",NY,11530-5313,"(516) 292-7948","HOME INFUSION THERAPY SUPPLIER","RENDERING AREA",--,NY,--,RICHMOND
O20210721002875,"SENTARA ENTERPRISES","535 INDEPENDENCE PKWY","STE 300",CHESAPEAKE,VA,23320-5176,"(757) 553-3000","HOME INFUSION THERAPY SUPPLIER","RENDERING AREA","PROVIDENCE FORGE",VA,--,--
O20201209002889,"INFUSION PARTNERS LLC","5225 ODONOVAN DR, STE 101","BIOSCRIP INFUSION SERVICES","BATON ROUGE",LA,70808-7203,"(888) 471-8700","HOME INFUSION THERAPY SUPPLIER","RENDERING AREA",--,LA,--,--
O20210108001333,"SOLEO HEALTH INC","26800 MEADOWBROOK RD","STE 119",NOVI,MI,48377-3540,"(248) 513-8687","HOME INFUSION THERAPY SUPPLIER","RENDERING AREA",--,MI,--,--
O20201223001977,"OPTION CARE ENTERPRISES INC","728 134TH ST SW","STE 128",EVERETT,WA,98204-5322,"(800) 737-0613","HOME INFUSION THERAPY SUPPLIER","RENDERING AREA",--,WA,--,--
O20201221000248,"HACKENSACK MERIDIAN AMB CARE","80 INDUSTRIAL RD","STE G, HACKENSACK MERIDIAN AT HOME INFUSION",LODI,NJ,07644-2608,"(973) 785-7350","HOME INFUSION THERAPY SUPPLIER","RENDERING AREA",--,NJ,--,--
O20210331000557,"RECTOR & VISITORS OF THE UNIVERSITY OF VIRGINIA","2205 FONTAINE AVE","STE 104",CHARLOTTESVILLE,VA,22903-2974,"(434) 297-7555","HOME INFUSION THERAPY SUPPLIER","RENDERING AREA",--,VA,--,--
O20210125000192,"SPRINGVILLE PHARMACY INFUSIO","40 CENTRE DR",--,"ORCHARD PARK",NY,14127-4100,"(800) 499-2168","HOME INFUSION THERAPY SUPPLIER","RENDERING AREA",--,NY,--,--
O20201223001803,"OPTION CARE AT LEGACY HEALTH","16195 SW 72ND AVE",--,PORTLAND,OR,97224-7766,"(866) 347-8660","HOME INFUSION THERAPY SUPPLIER","RENDERING AREA",--,OR,--,--
O20210119002337,"OPTION CARE ENTERPRISES INC","100 TRAP FALLS ROAD EXT","STE 200",SHELTON,CT,06484-4646,"(800) 205-5467","HOME INFUSION THERAPY SUPPLIER","RENDERING AREA",--,CT,--,--
O20210923002377,"PATHWRITE INC","8601 CROSS PARK DR","STE 400",AUSTIN,TX,78754-4578,"(512) 823-2000","HOME INFUSION THERAPY SUPPLIER","RENDERING AREA",--,TX,--,FAYETTE
O20201209000620,"UNIVERSITY OF KS AUTHORITY","11300 CORPORATE AVE","STE 160",LENEXA,KS,66219-1365,"(913) 588-2600","HOME INFUSION THERAPY SUPPLIER","RENDERING AREA",--,KS,--,DOUGLAS
O20201209000620,"UNIVERSITY OF KS AUTHORITY","11300 CORPORATE AVE","STE 160",LENEXA,KS,66219-1365,"(913) 588-2600","HOME INFUSION THERAPY SUPPLIER","RENDERING AREA",--,KS,--,MIAMI
O20201209000620,"UNIVERSITY OF KS AUTHORITY","11300 CORPORATE AVE","STE 160",LENEXA,KS,66219-1365,"(913) 588-2600","HOME INFUSION THERAPY SUPPLIER","SUPPLIER GR. AREA",--,KS,--,ALLEN
O20201209000620,"UNIVERSITY OF KS AUTHORITY","11300 CORPORATE AVE","STE 160",LENEXA,KS,66219-1365,"(913) 588-2600","HOME INFUSION THERAPY SUPPLIER","SUPPLIER GR. AREA",--,KS,--,POTTAWATOMIE
O20201209000620,"UNIVERSITY OF KS AUTHORITY","11300 CORPORATE AVE","STE 160",LENEXA,KS,66219-1365,"(913) 588-2600","HOME INFUSION THERAPY SUPPLIER","SUPPLIER GR. AREA",--,KS,--,WABAUNSEE
O20201209000620,"UNIVERSITY OF KS AUTHORITY","11300 CORPORATE AVE","STE 160",LENEXA,KS,66219-1365,"(913) 588-2600","HOME INFUSION THERAPY SUPPLIER","RENDERING AREA",--,KS,--,WOODSON
O20210513002716,"FLORIDA HOSPITAL HOME INFUSI","11461 N US HIGHWAY 301","STE 105",THONOTOSASSA,FL,33592-3541,"(813) 436-2900","HOME INFUSION THERAPY SUPPLIER","RENDERING AREA",--,FL,--,HARDEE
O20210513002716,"FLORIDA HOSPITAL HOME INFUSI","11461 N US HIGHWAY 301","STE 105",THONOTOSASSA,FL,33592-3541,"(813) 436-2900","HOME INFUSION THERAPY SUPPLIER","RENDERING AREA",--,FL,--,HIGHLANDS
O20210513002716,"FLORIDA HOSPITAL HOME INFUSI","11461 N US HIGHWAY 301","STE 105",THONOTOSASSA,FL,33592-3541,"(813) 436-2900","HOME INFUSION THERAPY SUPPLIER","RENDERING AREA",--,FL,--,PASCO
O20210609003237,"RED RIVER PHARM OF JONESBORO","2908 S CARAWAY RD",--,JONESBORO,AR,72401-7346,"(870) 336-2195","HOME INFUSION THERAPY SUPPLIER","RENDERING AREA",--,AR,--,POINSETT
O20201202001932,"OPTION CARE ENTERPRISES INC","6401 W WATERS AVE",--,TAMPA,FL,33634-1154,"(800) 396-2933","HOME INFUSION THERAPY SUPPLIER","RENDERING AREA",--,FL,--,--
O20201217000436,"OPTION CARE ENTERPRISES INC","27005 HILLS TECH CT","OPTION CARE","FARMINGTON HILLS",MI,48331-5723,"(800) 323-6961","HOME INFUSION THERAPY SUPPLIER","RENDERING AREA",--,MI,--,--
O20210122001346,"WELLSCRIPT INC","2025 COURT ST","STE D",REDDING,CA,96001-1805,"(530) 225-8898","HOME INFUSION THERAPY SUPPLIER","RENDERING AREA",--,CA,--,SHASTA
O20210721002875,"SENTARA ENTERPRISES","535 INDEPENDENCE PKWY","STE 300",CHESAPEAKE,VA,23320-5176,"(757) 553-3000","HOME INFUSION THERAPY SUPPLIER","RENDERING AREA","FORT EUSTIS",VA,--,--
O20210211002538,"SOUTHEASTERN HOME HEALTH CARE, LLC","7502 LEE DAVIS RD",--,MECHANICSVILLE,VA,23111-3603,"(804) 769-1380","HOME INFUSION THERAPY SUPPLIER","RENDERING AREA",--,VA,--,"HOPEWELL CITY"
O20210211002538,"SOUTHEASTERN HOME HEALTH CARE, LLC","7502 LEE DAVIS RD",--,MECHANICSVILLE,VA,23111-3603,"(804) 769-1380","HOME INFUSION THERAPY SUPPLIER","RENDERING AREA",--,VA,--,"PRINCE GEORGE"
O20210211002538,"SOUTHEASTERN HOME HEALTH CARE, LLC","7502 LEE DAVIS RD",--,MECHANICSVILLE,VA,23111-3603,"(804) 769-1380","HOME INFUSION THERAPY SUPPLIER","SUPPLIER GR. AREA",--,VA,--,"COLONIAL HEIGHTS CITY"
O20210105001419,"TRUSTEES OF THE UNIV OF PA","1070 NEW HOLLAND AVE",--,LANCASTER,PA,17601-5606,"(717) 544-3590","HOME INFUSION THERAPY SUPPLIER","RENDERING AREA",--,PA,--,LEHIGH
O20210106002190,"OPTION CARE ENTERPRISES INC","1015 AVIATION PKWY","STE 700",MORRISVILLE,NC,27560-8540,"(800) 948-9110","HOME INFUSION THERAPY SUPPLIER","RENDERING AREA",--,NC,--,--
O20210607001695,"RED RIVER PHARM OF LITTLE RO","1515 S BOWMAN RD","STE B","LITTLE ROCK",AR,72211-4227,"(501) 907-8949","HOME INFUSION THERAPY SUPPLIER","RENDERING AREA",--,AR,--,FAULKNER
O20201218000587,"HOME I V SPECIALISTS INC","200-206 SOUTH MAIN","HOME IV SPECIALISTS",JONESBORO,AR,72401-2907,"(870) 972-1677","HOME INFUSION THERAPY SUPPLIER","RENDERING AREA",--,AR,--,--
O20210113001311,"HOMECHOICE PARTNERS LLC","2206 DAWSON RD","STE B",ALBANY,GA,31707-3212,"(866) 744-4638","HOME INFUSION THERAPY SUPPLIER","RENDERING AREA",--,GA,--,--
O20210201000464,"HEALTH CARE OF SOUTH FLORIDA","16800 NW 2ND AVE","STE 306","NORTH MIAMI BEACH",FL,33169-5508,"(305) 871-3601","HOME INFUSION THERAPY SUPPLIER","RENDERING AREA",--,FL,--,--
O20210625001423,"VISITING NURSING ASSOCIATION OF WESTERN NEW YORK, INC.","650 AIRBORNE PKWY",--,CHEEKTOWAGA,NY,14225-1434,7166308000-8662,"HOME INFUSION THERAPY SUPPLIER","RENDERING AREA",--,NY,--,ERIE
O20210625001423,"VISITING NURSING ASSOCIATION OF WESTERN NEW YORK, INC.","650 AIRBORNE PKWY",--,CHEEKTOWAGA,NY,14225-1434,7166308000-8662,"HOME INFUSION THERAPY SUPPLIER","RENDERING AREA",--,NY,--,LIVINGSTON
O20210625001423,"VISITING NURSING ASSOCIATION OF WESTERN NEW YORK, INC.","650 AIRBORNE PKWY",--,CHEEKTOWAGA,NY,14225-1434,7166308000-8662,"HOME INFUSION THERAPY SUPPLIER","RENDERING AREA",--,NY,--,ALLEGANY
O20210625001423,"VISITING NURSING ASSOCIATION OF WESTERN NEW YORK, INC.","650 AIRBORNE PKWY",--,CHEEKTOWAGA,NY,14225-1434,7166308000-8662,"HOME INFUSION THERAPY SUPPLIER","RENDERING AREA",--,NY,--,GENESEE
O20210818002720,"PARAGON INFUSION CARE INC","3033 W PRESIDENT GEORGE BUSH HWY","STE 100-A",PLANO,TX,75075-5752,"(972) 588-1000","HOME INFUSION THERAPY SUPPLIER","RENDERING AREA",WISE,TX,--,--
O20210818002720,"PARAGON INFUSION CARE INC","3033 W PRESIDENT GEORGE BUSH HWY","STE 100-A",PLANO,TX,75075-5752,"(972) 588-1000","HOME INFUSION THERAPY SUPPLIER","RENDERING AREA",GRAYSON,TX,--,--
O20201223001304,"HORIZON HOME CARE & HOSPICE","8503 75TH ST","STE B",KENOSHA,WI,53142-7620,"(414) 365-8300","HOME INFUSION THERAPY SUPPLIER","SUPPLIER GR. AREA",--,WI,--,MILWAUKEE
O20201223001304,"HORIZON HOME CARE & HOSPICE","11002 W PARK PL",--,MILWAUKEE,WI,53224-3615,"(414) 365-8300","HOME INFUSION THERAPY SUPPLIER","SUPPLIER GR. AREA",--,WI,--,OZAUKEE
O20201223001304,"HORIZON HOME CARE & HOSPICE","110 LONE OAK LN",--,HARTFORD,WI,53027-2600,"(414) 365-8300","HOME INFUSION THERAPY SUPPLIER","SUPPLIER GR. AREA",--,WI,--,OZAUKEE
O20201223001304,"HORIZON HOME CARE & HOSPICE","11002 W PARK PL",--,MILWAUKEE,WI,53224-3615,"(414) 365-8300","HOME INFUSION THERAPY SUPPLIER","RENDERING AREA",--,WI,--,"FOND DU LAC"
O20201223001304,"HORIZON HOME CARE & HOSPICE","11002 W PARK PL",--,MILWAUKEE,WI,53224-3615,"(414) 365-8300","HOME INFUSION THERAPY SUPPLIER","RENDERING AREA",--,WI,--,RACINE
O20201223001304,"HORIZON HOME CARE & HOSPICE","11002 W PARK PL",--,MILWAUKEE,WI,53224-3615,"(414) 365-8300","HOME INFUSION THERAPY SUPPLIER","SUPPLIER GR. AREA",--,WI,--,"FOND DU LAC"
O20201223001304,"HORIZON HOME CARE & HOSPICE","8503 75TH ST","STE B",KENOSHA,WI,53142-7620,"(414) 365-8300","HOME INFUSION THERAPY SUPPLIER","SUPPLIER GR. AREA",--,WI,--,"FOND DU LAC"
O20201223001304,"HORIZON HOME CARE & HOSPICE","112 E DREXEL AVE",--,"OAK CREEK",WI,53154-2123,"(414) 365-8300","HOME INFUSION THERAPY SUPPLIER","SUPPLIER GR. AREA",--,WI,--,SHEBOYGAN
O20201223001304,"HORIZON HOME CARE & HOSPICE","3232 PLEASANT VALLEY RD",--,"WEST BEND",WI,53095-9274,"(414) 365-8300","HOME INFUSION THERAPY SUPPLIER","RENDERING AREA",--,WI,--,KENOSHA
O20201223001304,"HORIZON HOME CARE & HOSPICE","13111 N PORT WASHINGTON RD",--,MEQUON,WI,53097-2416,"(414) 365-8300","HOME INFUSION THERAPY SUPPLIER","RENDERING AREA",--,WI,--,WALWORTH
O20201223001304,"HORIZON HOME CARE & HOSPICE","112 E DREXEL AVE",--,"OAK CREEK",WI,53154-2123,"(414) 365-8300","HOME INFUSION THERAPY SUPPLIER","SUPPLIER GR. AREA",--,WI,--,DODGE
O20201223001304,"HORIZON HOME CARE & HOSPICE","110 LONE OAK LN",--,HARTFORD,WI,53027-2600,"(414) 365-8300","HOME INFUSION THERAPY SUPPLIER","SUPPLIER GR. AREA",--,WI,--,WAUKESHA
O20201223001304,"HORIZON HOME CARE & HOSPICE","3232 PLEASANT VALLEY RD",--,"WEST BEND",WI,53095-9274,"(414) 365-8300","HOME INFUSION THERAPY SUPPLIER","SUPPLIER GR. AREA",--,WI,--,WAUKESHA
O20201223001304,"HORIZON HOME CARE & HOSPICE","11002 W PARK PL",--,MILWAUKEE,WI,53224-3615,"(414) 365-8300","HOME INFUSION THERAPY SUPPLIER","RENDERING AREA",--,WI,--,MILWAUKEE
O20201223001304,"HORIZON HOME CARE & HOSPICE","3232 PLEASANT VALLEY RD",--,"WEST BEND",WI,53095-9274,"(414) 365-8300","HOME INFUSION THERAPY SUPPLIER","RENDERING AREA",--,WI,--,MILWAUKEE
O20201223001304,"HORIZON HOME CARE & HOSPICE","110 LONE OAK LN",--,HARTFORD,WI,53027-2600,"(414) 365-8300","HOME INFUSION THERAPY SUPPLIER","SUPPLIER GR. AREA",--,WI,--,RACINE
O20201223001304,"HORIZON HOME CARE & HOSPICE","13111 N PORT WASHINGTON RD",--,MEQUON,WI,53097-2416,"(414) 365-8300","HOME INFUSION THERAPY SUPPLIER","RENDERING AREA",--,WI,--,WAUKESHA
O20201223001304,"HORIZON HOME CARE & HOSPICE","110 LONE OAK LN",--,HARTFORD,WI,53027-2600,"(414) 365-8300","HOME INFUSION THERAPY SUPPLIER","RENDERING AREA",--,WI,--,OUTAGAMIE
O20201223001304,"HORIZON HOME CARE & HOSPICE","8503 75TH ST","STE B",KENOSHA,WI,53142-7620,"(414) 365-8300","HOME INFUSION THERAPY SUPPLIER","SUPPLIER GR. AREA",--,WI,--,OUTAGAMIE
O20211022001423,"PREMIER INFUSION AND HEALTHC","19500 NORMANDIE AVE",--,TORRANCE,CA,90502-1108,3103283897-240,"HOME INFUSION THERAPY SUPPLIER","SUPPLIER GR. AREA",--,CA,--,--
O20201130001439,"OPTION CARE ENTERPRISES INC","550 PAIEA ST","STE 236",HONOLULU,HI,96819-1837,"(808) 489-9385","HOME INFUSION THERAPY SUPPLIER","RENDERING AREA",--,HI,--,--
O20231226001164,"ROCHESTER HOME INFUSION INC","221 1ST AVE SW","STE 105",ROCHESTER,MN,55902-3107,"(855) 370-4246","HOME INFUSION THERAPY SUPPLIER","RENDERING AREA",--,MN,--,--
O20240815004022,"1ST AMERICA INFUSION SVCS LL","10 WARREN RD","STE 220",COCKEYSVILLE,MD,21030-2531,"(443) 318-7696","HOME INFUSION THERAPY SUPPLIER","RENDERING AREA",--,MD,--,--
O20240809003465,"DESCANSO HOME HEALTH SERVICE","408 S CITRUS AVE",--,COVINA,CA,91723-2927,"(626) 261-4835","HOME INFUSION THERAPY SUPPLIER","RENDERING AREA",--,CA,--,RIVERSIDE
O20230714001741,"ELITE INFUSION CARE LLC","1440 N HARBOR BLVD","STE 916",FULLERTON,CA,92835-4127,"(714) 519-6993","HOME INFUSION THERAPY SUPPLIER","SUPPLIER GR. AREA",--,CA,--,ORANGE
O20230714001741,"ELITE INFUSION CARE LLC","1440 N HARBOR BLVD","STE 916",FULLERTON,CA,92835-4127,"(714) 519-6993","HOME INFUSION THERAPY SUPPLIER","SUPPLIER GR. AREA",--,CA,--,VENTURA
O20231031001986,"HEALTHPROV L.L.C.","1505 CALLE DEL NORTE","STE 375",LAREDO,TX,78041-6040,"(956) 728-0411","HOME INFUSION THERAPY SUPPLIER","SUPPLIER GR. AREA",--,TX,--,DIMMIT
O20231031001986,"HEALTHPROV L.L.C.","1505 CALLE DEL NORTE","STE 375",LAREDO,TX,78041-6040,"(956) 728-0411","HOME INFUSION THERAPY SUPPLIER","SUPPLIER GR. AREA",--,TX,--,"JIM HOGG"
O20231031001986,"HEALTHPROV L.L.C.","1505 CALLE DEL NORTE","STE 375",LAREDO,TX,78041-6040,"(956) 728-0411","HOME INFUSION THERAPY SUPPLIER","RENDERING AREA",--,TX,--,"JIM HOGG"
O20231004003137,"FAIRVIEW PHARMACY SERVICES","3650 VICTORIA ST N","STE 600",SHOREVIEW,MN,55126-2906,"(612) 672-2233","HOME INFUSION THERAPY SUPPLIER","RENDERING AREA",--,MN,--,--
O20230320000743,"HERITAGE BIOLOGICS LLC","255 NW VICTORIA DR","STE B","LEES SUMMIT",MO,64086-4709,"(855) 937-7273","HOME INFUSION THERAPY SUPPLIER","RENDERING AREA",--,GA,--,--
O20230320000743,"HERITAGE BIOLOGICS LLC","255 NW VICTORIA DR","STE B","LEES SUMMIT",MO,64086-4709,"(855) 937-7273","HOME INFUSION THERAPY SUPPLIER","RENDERING AREA",--,WI,--,--
O20230320000743,"HERITAGE BIOLOGICS LLC","255 NW VICTORIA DR","STE B","LEES SUMMIT",MO,64086-4709,"(855) 937-7273","HOME INFUSION THERAPY SUPPLIER","RENDERING AREA",--,DE,--,--
O20230320000743,"HERITAGE BIOLOGICS LLC","255 NW VICTORIA DR","STE B","LEES SUMMIT",MO,64086-4709,"(855) 937-7273","HOME INFUSION THERAPY SUPPLIER","RENDERING AREA",--,SC,--,--
O20210326000312,"HOME CARE SERVICES INC","160 RARITAN CENTER PKWY","STE 18",EDISON,NJ,08837-3637,"(800) 383-8393","HOME INFUSION THERAPY SUPPLIER","RENDERING AREA",--,ME,--,--
O20210326000312,"HOME CARE SERVICES INC","160 RARITAN CENTER PKWY","STE 18",EDISON,NJ,08837-3637,"(800) 383-8393","HOME INFUSION THERAPY SUPPLIER","RENDERING AREA",--,SC,--,--
O20231017002733,"IMPACT INFUSION CARE LLC","9000 TESORO DR","STE 600","SAN ANTONIO",TX,78217-6130,"(210) 646-4888","HOME INFUSION THERAPY SUPPLIER","RENDERING AREA",--,TX,--,--
O20231207001069,"GTMI CORPORATION","1951 RAMROD AVE","STE 110",HENDERSON,NV,89014-2401,"(702) 476-6996","HOME INFUSION THERAPY SUPPLIER","RENDERING AREA",--,NV,--,--
O20240223003310,"IHC HEALTH SERVICES INC","11520 S REDWOOD RD","STE C","SOUTH JORDAN",UT,84095-7805,"(385) 887-6000","HOME INFUSION THERAPY SUPPLIER","RENDERING AREA",--,UT,--,--
O20201223001304,"HORIZON HOME CARE & HOSPICE","11002 W PARK PL",--,MILWAUKEE,WI,53224-3615,"(414) 365-8300","HOME INFUSION THERAPY SUPPLIER","SUPPLIER GR. AREA",--,WI,--,MANITOWOC
O20201223001304,"HORIZON HOME CARE & HOSPICE","112 E DREXEL AVE",--,"OAK CREEK",WI,53154-2123,"(414) 365-8300","HOME INFUSION THERAPY SUPPLIER","SUPPLIER GR. AREA",--,WI,--,WINNEBAGO
O20230126002474,"MYMICHIGAN MEDICAL MIDLAND","4500 CAMPUS RIDGE DR",--,MIDLAND,MI,48640-6123,"(989) 839-6256","HOME INFUSION THERAPY SUPPLIER","RENDERING AREA",--,MI,--,--
O20221128000976,"MEDILINK RXCARE HAMMONTON","44 S WHITE HORSE PIKE",--,HAMMONTON,NJ,08037-1845,"(609) 956-1900","HOME INFUSION THERAPY SUPPLIER","RENDERING AREA",--,NJ,--,CAMDEN
O20221128000976,"MEDILINK RXCARE HAMMONTON","44 S WHITE HORSE PIKE",--,HAMMONTON,NJ,08037-1845,"(609) 956-1900","HOME INFUSION THERAPY SUPPLIER","RENDERING AREA",--,NJ,--,OCEAN
O20230320000743,"HERITAGE BIOLOGICS LLC","255 NW VICTORIA DR","STE B","LEES SUMMIT",MO,64086-4709,"(855) 937-7273","HOME INFUSION THERAPY SUPPLIER","RENDERING AREA",--,NY,--,--
O20230320000743,"HERITAGE BIOLOGICS LLC","255 NW VICTORIA DR","STE B","LEES SUMMIT",MO,64086-4709,"(855) 937-7273","HOME INFUSION THERAPY SUPPLIER","RENDERING AREA",--,LA,--,--
O20230320000743,"HERITAGE BIOLOGICS LLC","255 NW VICTORIA DR","STE B","LEES SUMMIT",MO,64086-4709,"(855) 937-7273","HOME INFUSION THERAPY SUPPLIER","RENDERING AREA",--,TN,--,--
O20230320000743,"HERITAGE BIOLOGICS LLC","255 NW VICTORIA DR","STE B","LEES SUMMIT",MO,64086-4709,"(855) 937-7273","HOME INFUSION THERAPY SUPPLIER","RENDERING AREA",--,WA,--,--
O20260223003307,"HEALTHQUEST THERAPEUTICS LLC","1311 W SAM HOUSTON PKWY N","STE 100",HOUSTON,TX,77043-4016,"(832) 612-3500","HOME INFUSION THERAPY SUPPLIER","RENDERING AREA",--,TX,--,JEFFERSON
O20260403000172,"MUNSON MEDICAL CENTER","1105 6TH ST","HOME INFUSION","TRAVERSE CITY",MI,49684-2345,"(231) 935-5999","HOME INFUSION THERAPY SUPPLIER","SUPPLIER GR. AREA",--,MI,--,BENZIE
O20260403000172,"MUNSON MEDICAL CENTER","1105 6TH ST","HOME INFUSION","TRAVERSE CITY",MI,49684-2345,"(231) 935-5999","HOME INFUSION THERAPY SUPPLIER","RENDERING AREA",--,MI,49631,OSCEOLA
O20260403000172,"MUNSON MEDICAL CENTER","1105 6TH ST","HOME INFUSION","TRAVERSE CITY",MI,49684-2345,"(231) 935-5999","HOME INFUSION THERAPY SUPPLIER","RENDERING AREA",--,MI,49738,CRAWFORD
O20260624003685,"IRIDIUM SPECIALTY PHARM PLLC","11303 CHIMNEY ROCK RD","STE 105",HOUSTON,TX,77035-2901,"(713) 324-7235","HOME INFUSION THERAPY SUPPLIER","SUPPLIER GR. AREA",--,TX,--,--
O20260311004492,"DISTINCTIVE HOME HEALTH INC","4502 DYER ST","STE 105","LA CRESCENTA",CA,91214-2857,"(818) 484-5730","HOME INFUSION THERAPY SUPPLIER","RENDERING AREA",--,CA,--,--
O20201223001304,"HORIZON HOME CARE & HOSPICE","8503 75TH ST","STE B",KENOSHA,WI,53142-7620,"(414) 365-8300","HOME INFUSION THERAPY SUPPLIER","RENDERING AREA",--,WI,--,MANITOWOC
O20201223001304,"HORIZON HOME CARE & HOSPICE","8503 75TH ST","STE B",KENOSHA,WI,53142-7620,"(414) 365-8300","HOME INFUSION THERAPY SUPPLIER","RENDERING AREA",--,WI,--,WINNEBAGO
O20210226001747,"IVEDCO LLC","3000 KELLWAY DR","STE 110",CARROLLTON,TX,75006-3356,"(800) 333-0660","HOME INFUSION THERAPY SUPPLIER","RENDERING AREA",--,WY,--,--
O20241114000048,"INFUCARE RX, LLC","2540 MARKET ST","STE 1","UPPER CHICHESTER",PA,19014-3437,"(877) 828-3940","HOME INFUSION THERAPY SUPPLIER","SUPPLIER GR. AREA",--,PA,--,--
O20250827004655,"OPTUM PHARMACY 701 LLC","4100 S SAGINAW ST","STE D",FLINT,MI,48507-2605,"(810) 768-9539","HOME INFUSION THERAPY SUPPLIER","RENDERING AREA",--,MI,--,--
O20210302000198,"KABAFUSION IN LLC","11711 N COLLEGE AVE","STE 125",CARMEL,IN,46032-5668,"(800) 906-0050","HOME INFUSION THERAPY SUPPLIER","RENDERING AREA",--,IN,--,--
O20250408000766,"REVERENCE HOME HOSPICE LLC","28120 DEQUINDRE RD",COMPASSUS,WARREN,MI,48092-5603,"(586) 913-0333","HOME INFUSION THERAPY SUPPLIER","RENDERING AREA",--,MI,--,--
O20210326000312,"HOME CARE SERVICES INC","160 RARITAN CENTER PKWY","STE 18",EDISON,NJ,08837-3637,"(800) 383-8393","HOME INFUSION THERAPY SUPPLIER","RENDERING AREA",--,MD,--,--
O20210326000312,"HOME CARE SERVICES INC","160 RARITAN CENTER PKWY","STE 18",EDISON,NJ,08837-3637,"(800) 383-8393","HOME INFUSION THERAPY SUPPLIER","RENDERING AREA",--,DC,--,--
O20210326000312,"HOME CARE SERVICES INC","160 RARITAN CENTER PKWY","STE 18",EDISON,NJ,08837-3637,"(800) 383-8393","HOME INFUSION THERAPY SUPPLIER","RENDERING AREA",--,CO,--,--
O20201216003032,"SOLEO HEALTH INC","1757 E BASELINE RD","STE 133",GILBERT,AZ,85233-1535,"(480) 448-3999","HOME INFUSION THERAPY SUPPLIER","RENDERING AREA",--,AZ,--,--
O20240906001286,"OPTUM INFUSION SVCS 308 LLC","485 N JUNIPER DR","STE 2",CHANDLER,AZ,85226-2543,"(888) 705-4470","HOME INFUSION THERAPY SUPPLIER","RENDERING AREA",--,AZ,--,--
O20210216000051,"KABAFUSION VA, LLC","816 GREENBRIER CIR","STE E",CHESAPEAKE,VA,23320-2642,"(800) 640-2022","HOME INFUSION THERAPY SUPPLIER","RENDERING AREA",--,VA,--,--
O20220926000638,"OPTUM INFUSION SER 501 INC","1867 LACKLAND HILL PKWY",--,"SAINT LOUIS",MO,63146-3545,"(800) 560-8424","HOME INFUSION THERAPY SUPPLIER","SUPPLIER GR. AREA",--,MO,--,--
O20210317000821,"KABAFUSION INC","220 BROOKS ST","STE 1",WORCESTER,MA,01606-3339,"(888) 727-2323","HOME INFUSION THERAPY SUPPLIER","RENDERING AREA",--,CT,--,--
O20260708000822,"PODARIS GROUP LLC","6301 NW 5TH WAY","STE 1410B","FORT LAUDERDALE",FL,33309-6131,"(954) 234-2693","HOME INFUSION THERAPY SUPPLIER","RENDERING AREA",--,FL,--,--
O20240911002435,"INFUSION HEALTH PLC","3145 W CLARK RD","STE 201",YPSILANTI,MI,48197-1120,"(734) 470-0700","HOME INFUSION THERAPY SUPPLIER","RENDERING AREA",--,MI,--,--
O20231019000440,"PERPETUAL MOBILE MED","5015 EAGLE ROCK BLVD","STE 200","LOS ANGELES",CA,90041-2087,"(323) 455-4868","HOME INFUSION THERAPY SUPPLIER","SUPPLIER GR. AREA",--,CA,--,--
O20201215000191,"CRITICAL CARE SYSTEMS LLC","11372 AURORA AVE","OPTION CARE",URBANDALE,IA,50322-7907,"(800) 675-8099","HOME INFUSION THERAPY SUPPLIER","RENDERING AREA",--,IA,--,--
O20220509002548,"FACTOR ONE SOURCE PHARM LLC","217 GLENN ST","STE 300",CUMBERLAND,MD,21502-2590,"(877) 828-3940","HOME INFUSION THERAPY SUPPLIER","RENDERING AREA",--,NH,--,--
O20220509002548,"FACTOR ONE SOURCE PHARM LLC","217 GLENN ST","STE 300",CUMBERLAND,MD,21502-2590,"(877) 828-3940","HOME INFUSION THERAPY SUPPLIER","RENDERING AREA",--,SC,--,--
O20220509002548,"FACTOR ONE SOURCE PHARM LLC","217 GLENN ST","STE 300",CUMBERLAND,MD,21502-2590,"(877) 828-3940","HOME INFUSION THERAPY SUPPLIER","RENDERING AREA",--,AK,--,--
O20220509002548,"FACTOR ONE SOURCE PHARM LLC","217 GLENN ST","STE 300",CUMBERLAND,MD,21502-2590,"(877) 828-3940","HOME INFUSION THERAPY SUPPLIER","RENDERING AREA",--,DE,--,--
O20220509002548,"FACTOR ONE SOURCE PHARM LLC","217 GLENN ST","STE 300",CUMBERLAND,MD,21502-2590,"(877) 828-3940","HOME INFUSION THERAPY SUPPLIER","RENDERING AREA",--,IA,--,--
O20210309002322,"PROVIDENCE HEALTH & SERVICES","6410 NE HALSEY ST","STE 400",PORTLAND,OR,97213-4759,"(503) 215-4633","HOME INFUSION THERAPY SUPPLIER","RENDERING AREA",--,OR,--,CROOK
O20210309002322,"PROVIDENCE HEALTH & SERVICES","6410 NE HALSEY ST","STE 400",PORTLAND,OR,97213-4759,"(503) 215-4633","HOME INFUSION THERAPY SUPPLIER","RENDERING AREA",--,OR,--,JACKSON
O20210309002322,"PROVIDENCE HEALTH & SERVICES","840 ROYAL AVE","STE 120",MEDFORD,OR,97504-6461,"(541) 732-5566","HOME INFUSION THERAPY SUPPLIER","RENDERING AREA",--,OR,--,JACKSON
O20210309002322,"PROVIDENCE HEALTH & SERVICES","6410 NE HALSEY ST","STE 400",PORTLAND,OR,97213-4759,"(503) 215-4633","HOME INFUSION THERAPY SUPPLIER","RENDERING AREA",--,OR,--,MALHEUR
O20230427001393,"EAST TEXAS PHC LLC","602 E WHALEY ST",--,LONGVIEW,TX,75601-6525,"(903) 753-2273","HOME INFUSION THERAPY SUPPLIER","SUPPLIER GR. AREA",--,TX,--,MARION
O20230427001393,"EAST TEXAS PHC LLC","602 E WHALEY ST",--,LONGVIEW,TX,75601-6525,"(903) 753-2273","HOME INFUSION THERAPY SUPPLIER","SUPPLIER GR. AREA",--,TX,--,MORRIS
O20230427001393,"EAST TEXAS PHC LLC","602 E WHALEY ST",--,LONGVIEW,TX,75601-6525,"(903) 753-2273","HOME INFUSION THERAPY SUPPLIER","RENDERING AREA",--,TX,--,TITUS
O20210311001769,"OPTUM INFUSION SVCS 500 INC","33 N PLAINS INDUSTRIAL RD","STE B",WALLINGFORD,CT,06492-5841,"(800) 842-5720","HOME INFUSION THERAPY SUPPLIER","RENDERING AREA",--,CT,--,--
O20260327002960,"ASSISTED HOME RECOVERY, INC.","3916 SEPULVEDA BLVD","STE 207","CULVER CITY",CA,90230-4651,"(213) 381-8310","HOME INFUSION THERAPY SUPPLIER","RENDERING AREA",--,CA,--,--
O20210317000994,"HOME AIDE SVC OF EASTERN NY","433 RIVER ST","STE 3000",TROY,NY,12180-2250,5182746200-1310,"HOME INFUSION THERAPY SUPPLIER","RENDERING AREA",--,NY,--,SARATOGA
O20210629000233,"HEALING HOME HEALTHCARE INC","7000 INFANTRY RIDGE RD","STE 110",MANASSAS,VA,20109-2370,"(703) 650-0576","HOME INFUSION THERAPY SUPPLIER","RENDERING AREA",WARRENTON,VA,--,--
O20210629000233,"HEALING HOME HEALTHCARE INC","7000 INFANTRY RIDGE RD","STE 110",MANASSAS,VA,20109-2370,"(703) 650-0576","HOME INFUSION THERAPY SUPPLIER","RENDERING AREA","FALLS CHURCH",VA,--,--
O20210217000391,"AMATUS HEALTH CARE LLC","2010 VALLEY VIEW LN","STE 200","FARMERS BRANCH",TX,75234-8915,"(972) 249-4999","HOME INFUSION THERAPY SUPPLIER","RENDERING AREA",CASS,TX,--,--
O20210217000391,"AMATUS HEALTH CARE LLC","2010 VALLEY VIEW LN","STE 200","FARMERS BRANCH",TX,75234-8915,"(972) 249-4999","HOME INFUSION THERAPY SUPPLIER","RENDERING AREA",GRAYSON,TX,--,--
O20210217000391,"AMATUS HEALTH CARE LLC","2010 VALLEY VIEW LN","STE 200","FARMERS BRANCH",TX,75234-8915,"(972) 249-4999","HOME INFUSION THERAPY SUPPLIER","RENDERING AREA","VAN ZANDT",TX,--,--
O20210217000391,"AMATUS HEALTH CARE LLC","2010 VALLEY VIEW LN","STE 200","FARMERS BRANCH",TX,75234-8915,"(972) 249-4999","HOME INFUSION THERAPY SUPPLIER","RENDERING AREA",COOKE,TX,--,--
O20210309000658,"KABAFUSION KY LLC","5694 SHEPHERDSVILLE RD",--,LOUISVILLE,KY,40228-1014,"(800) 999-3652","HOME INFUSION THERAPY SUPPLIER","RENDERING AREA",--,KY,--,--
O20210818002720,"PARAGON INFUSION CARE INC","3033 W PRESIDENT GEORGE BUSH HWY","STE 100-A",PLANO,TX,75075-5752,"(972) 588-1000","HOME INFUSION THERAPY SUPPLIER","RENDERING AREA",COMAL,TX,--,--
O20210818002720,"PARAGON INFUSION CARE INC","3033 W PRESIDENT GEORGE BUSH HWY","STE 100-A",PLANO,TX,75075-5752,"(972) 588-1000","HOME INFUSION THERAPY SUPPLIER","RENDERING AREA",FRIO,TX,--,--
O20210416000228,"CATHOLIC HEALTH SYSTEM INFUS","6350 TRANSIT RD",--,DEPEW,NY,14043-1039,"(716) 685-4870","HOME INFUSION THERAPY SUPPLIER","RENDERING AREA",AMHERST,NY,--,--
O20210416000228,"CATHOLIC HEALTH SYSTEM INFUS","6350 TRANSIT RD",--,DEPEW,NY,14043-1039,"(716) 685-4870","HOME INFUSION THERAPY SUPPLIER","RENDERING AREA",HOLLAND,NY,--,--
O20210416000228,"CATHOLIC HEALTH SYSTEM INFUS","6350 TRANSIT RD",--,DEPEW,NY,14043-1039,"(716) 685-4870","HOME INFUSION THERAPY SUPPLIER","RENDERING AREA",CLARENCE,NY,--,--
O20220208001249,"ACCREDO HEALTH GROUP INC","4901 W RENO AVE","STE 950","OKLAHOMA CITY",OK,73127-6394,"(405) 942-3961","HOME INFUSION THERAPY SUPPLIER","RENDERING AREA",--,OK,--,--
O20210907000305,"KABAFUSION NY, LLC","922 SPENCER ST",--,SYRACUSE,NY,13204-1137,"(877) 234-6400","HOME INFUSION THERAPY SUPPLIER","RENDERING AREA",--,NY,--,--
O20250213001979,"CHARTWELL PENNSYLVANIA, LP","1001 OAKDALE RD",--,OAKDALE,PA,15071-1502,"(412) 920-7500","HOME INFUSION THERAPY SUPPLIER","RENDERING AREA",--,PA,--,--
O20201117000563,"INFINITY CARE SERVICES, INC.","1325 N CENTER ST","STE 2A",STOCKTON,CA,95202-1020,"(800) 294-1461","HOME INFUSION THERAPY SUPPLIER","RENDERING AREA",--,CA,--,"CONTRA COSTA"
O20201117000563,"INFINITY CARE SERVICES, INC.","1325 N CENTER ST","STE 2A",STOCKTON,CA,95202-1020,"(800) 294-1461","HOME INFUSION THERAPY SUPPLIER","RENDERING AREA",--,CA,--,SACRAMENTO
O20250820000023,"S BROWARD HOSPITAL DISTRICT","9579 PREMIER PKWY",--,MIRAMAR,FL,33025-3206,"(954) 276-8388","HOME INFUSION THERAPY SUPPLIER","RENDERING AREA",--,FL,--,"PALM BEACH"
O20210204002060,"SUTTER VISITING NURSE ASSOC","1105 ATLANTIC AVE","STE 102",ALAMEDA,CA,94501-1184,"(510) 450-8900","HOME INFUSION THERAPY SUPPLIER","RENDERING AREA",--,CA,--,TUOLUMNE
O20210128000450,"WILLIAM BEAUMONT HOSPITAL","31157 WOODWARD AVE STE 101","COREWELL HEALTH HOME INFUSION THER","ROYAL OAK",MI,48073-0996,"(947) 523-4900","HOME INFUSION THERAPY SUPPLIER","RENDERING AREA",--,MI,--,--
O20201221001553,"BIOSCRIP INFUSION SVCS","6 VREELAND RD","STE 103","FLORHAM PARK",NJ,07932-1501,"(800) 552-3462","HOME INFUSION THERAPY SUPPLIER","RENDERING AREA",--,NJ,--,--
O20210413000440,"PROMPTCARE HOME INFUSION LLC","41 SPRING ST","STE 103B","NEW PROVIDENCE",NJ,07974-1143,"(866) 776-6782","HOME INFUSION THERAPY SUPPLIER","RENDERING AREA",--,NJ,--,--
O20210427001062,"ST JOSEPH HEALTH SYSTEM HOME","200 W CENTER STREET PROMENADE","STE 100A",ANAHEIM,CA,92805-3960,"(714) 712-9500","HOME INFUSION THERAPY SUPPLIER","RENDERING AREA",--,CA,--,ORANGE
O20210728002308,"XINIM CORPORATION","1702 RIDGEWOOD AVE","STE C","HOLLY HILL",FL,32117-1783,3866777377-4,"HOME INFUSION THERAPY SUPPLIER","RENDERING AREA",--,FL,--,FLAGLER
O20210818002720,"PARAGON INFUSION CARE INC","3033 W PRESIDENT GEORGE BUSH HWY","STE 100-A",PLANO,TX,75075-5752,"(972) 588-1000","HOME INFUSION THERAPY SUPPLIER","RENDERING AREA",JEFFERSON,TX,--,--
O20201231001806,"EAST GOSHEN PHARMACY, LLC","3419 CONCORD RD",--,YORK,PA,17402-9001,"(888) 755-1123","HOME INFUSION THERAPY SUPPLIER","RENDERING AREA",--,PA,--,--
O20210120002228,"ALDESI OF FLORIDA, INC.","1800 SW 1ST ST","STE 205",MIAMI,FL,33135-1945,"(305) 817-5559","HOME INFUSION THERAPY SUPPLIER","RENDERING AREA",--,FL,--,MONROE
O20210113001768,"VISITING NURSE ASSOC OF WI","116 N DODGE ST","STE 6",BURLINGTON,WI,53105-1963,"(800) 862-2201","HOME INFUSION THERAPY SUPPLIER","RENDERING AREA",--,WI,--,MANITOWOC
O20210113001768,"VISITING NURSE ASSOC OF WI","11333 W NATIONAL AVE",--,"WEST ALLIS",WI,53227-3111,"(414) 327-2295","HOME INFUSION THERAPY SUPPLIER","RENDERING AREA",--,WI,--,OUTAGAMIE
O20211223000003,"EAST ALABAMA APOTHECARY, LLC","1171 GATEWOOD DR","STE 1200",AUBURN,AL,36830-1817,"(334) 528-2293","HOME INFUSION THERAPY SUPPLIER","RENDERING AREA",--,AL,--,--
O20210326001947,"PROVIDENCE HEALTH & SERVICES","3333 S 120TH PL","STE 100",TUKWILA,WA,98168-5134,"(425) 687-4400","HOME INFUSION THERAPY SUPPLIER","SUPPLIER GR. AREA",--,MT,--,LAKE
O20210326001947,"PROVIDENCE HEALTH & SERVICES","15918 E EUCLID AVE",--,"SPOKANE VALLEY",WA,99216-1815,"(509) 924-1826","HOME INFUSION THERAPY SUPPLIER","SUPPLIER GR. AREA",--,MT,--,RAVALLI
O20210326001947,"PROVIDENCE HEALTH & SERVICES","15918 E EUCLID AVE",--,"SPOKANE VALLEY",WA,99216-1815,"(509) 924-1826","HOME INFUSION THERAPY SUPPLIER","SUPPLIER GR. AREA",--,ID,--,BENEWAH
O20210326001947,"PROVIDENCE HEALTH & SERVICES","3333 S 120TH PL","STE 100",TUKWILA,WA,98168-5134,"(425) 687-4400","HOME INFUSION THERAPY SUPPLIER","SUPPLIER GR. AREA",--,MT,--,FLATHEAD
O20210326001947,"PROVIDENCE HEALTH & SERVICES","15918 E EUCLID AVE",--,"SPOKANE VALLEY",WA,99216-1815,"(509) 924-1826","HOME INFUSION THERAPY SUPPLIER","SUPPLIER GR. AREA",--,MT,--,FLATHEAD
O20210326001947,"PROVIDENCE HEALTH & SERVICES","15918 E EUCLID AVE",--,"SPOKANE VALLEY",WA,99216-1815,"(509) 924-1826","HOME INFUSION THERAPY SUPPLIER","SUPPLIER GR. AREA",--,MT,--,MINERAL
O20210326001947,"PROVIDENCE HEALTH & SERVICES","15918 E EUCLID AVE",--,"SPOKANE VALLEY",WA,99216-1815,"(509) 924-1826","HOME INFUSION THERAPY SUPPLIER","SUPPLIER GR. AREA",--,MT,--,GRANITE
O20210326001947,"PROVIDENCE HEALTH & SERVICES","15918 E EUCLID AVE",--,"SPOKANE VALLEY",WA,99216-1815,"(509) 924-1826","HOME INFUSION THERAPY SUPPLIER","SUPPLIER GR. AREA",--,ID,--,LEWIS
O20210326001947,"PROVIDENCE HEALTH & SERVICES","15918 E EUCLID AVE",--,"SPOKANE VALLEY",WA,99216-1815,"(509) 924-1826","HOME INFUSION THERAPY SUPPLIER","SUPPLIER GR. AREA",--,ID,--,LATAH
O20210326001947,"PROVIDENCE HEALTH & SERVICES","3333 S 120TH PL","STE 100",TUKWILA,WA,98168-5134,"(425) 687-4400","HOME INFUSION THERAPY SUPPLIER","SUPPLIER GR. AREA",--,ID,--,BOUNDARY
O20210326001947,"PROVIDENCE HEALTH & SERVICES","3333 S 120TH PL","STE 100",TUKWILA,WA,98168-5134,"(425) 687-4400","HOME INFUSION THERAPY SUPPLIER","SUPPLIER GR. AREA",--,MT,--,LINCOLN
O20210326001947,"PROVIDENCE HEALTH & SERVICES","15918 E EUCLID AVE",--,"SPOKANE VALLEY",WA,99216-1815,"(509) 924-1826","HOME INFUSION THERAPY SUPPLIER","RENDERING AREA",--,WA,--,DOUGLAS
O20210326001947,"PROVIDENCE HEALTH & SERVICES","15918 E EUCLID AVE",--,"SPOKANE VALLEY",WA,99216-1815,"(509) 924-1826","HOME INFUSION THERAPY SUPPLIER","RENDERING AREA",--,WA,--,LINCOLN
O20210326001947,"PROVIDENCE HEALTH & SERVICES","3333 S 120TH PL","STE 100",TUKWILA,WA,98168-5134,"(425) 687-4400","HOME INFUSION THERAPY SUPPLIER","RENDERING AREA",--,WA,--,STEVENS
O20210326001947,"PROVIDENCE HEALTH & SERVICES","3333 S 120TH PL","STE 100",TUKWILA,WA,98168-5134,"(425) 687-4400","HOME INFUSION THERAPY SUPPLIER","RENDERING AREA",--,WA,--,WHITMAN
O20210326001947,"PROVIDENCE HEALTH & SERVICES","3333 S 120TH PL","STE 100",TUKWILA,WA,98168-5134,"(425) 687-4400","HOME INFUSION THERAPY SUPPLIER","SUPPLIER GR. AREA",--,ID,--,BONNER
O20210326001947,"PROVIDENCE HEALTH & SERVICES","15918 E EUCLID AVE",--,"SPOKANE VALLEY",WA,99216-1815,"(509) 924-1826","HOME INFUSION THERAPY SUPPLIER","SUPPLIER GR. AREA",--,ID,--,BONNER
O20210326001947,"PROVIDENCE HEALTH & SERVICES","15918 E EUCLID AVE",--,"SPOKANE VALLEY",WA,99216-1815,"(509) 924-1826","HOME INFUSION THERAPY SUPPLIER","RENDERING AREA",--,WA,--,FERRY
O20210326001947,"PROVIDENCE HEALTH & SERVICES","15918 E EUCLID AVE",--,"SPOKANE VALLEY",WA,99216-1815,"(509) 924-1826","HOME INFUSION THERAPY SUPPLIER","RENDERING AREA",--,WA,--,SNOHOMISH
O20210326001947,"PROVIDENCE HEALTH & SERVICES","3333 S 120TH PL","STE 100",TUKWILA,WA,98168-5134,"(425) 687-4400","HOME INFUSION THERAPY SUPPLIER","RENDERING AREA",--,WA,--,WHATCOM
O20210326001947,"PROVIDENCE HEALTH & SERVICES","15918 E EUCLID AVE",--,"SPOKANE VALLEY",WA,99216-1815,"(509) 924-1826","HOME INFUSION THERAPY SUPPLIER","RENDERING AREA",--,WA,--,"SAN JUAN"
O20210128000309,"EHS HOME HEALTH CARE SERVICE","2311 W 22ND ST","STE 300","OAK BROOK",IL,60523-4103,"(630) 963-7900","HOME INFUSION THERAPY SUPPLIER","RENDERING AREA",--,IL,--,DUPAGE
O20210128000309,"EHS HOME HEALTH CARE SERVICE","2311 W 22ND ST","STE 300","OAK BROOK",IL,60523-4103,"(630) 963-7900","HOME INFUSION THERAPY SUPPLIER","RENDERING AREA",--,IL,--,KANKAKEE
O20210128000309,"EHS HOME HEALTH CARE SERVICE","2311 W 22ND ST","STE 300","OAK BROOK",IL,60523-4103,"(630) 963-7900","HOME INFUSION THERAPY SUPPLIER","RENDERING AREA",--,IL,--,KENDALL
O20210204001682,"I. V. CARE OF MIDDLE GEORGIA","151 COLLEGE ST","STE A",MACON,GA,31201-1655,"(478) 743-8997","HOME INFUSION THERAPY SUPPLIER","RENDERING AREA",--,GA,--,LAURENS
O20210204001682,"I. V. CARE OF MIDDLE GEORGIA","151 COLLEGE ST","STE A",MACON,GA,31201-1655,"(478) 743-8997","HOME INFUSION THERAPY SUPPLIER","RENDERING AREA",--,GA,--,EFFINGHAM
O20210607001990,"CORAM ALT SITE SVCS INC","12310 WORLD TRADE DR","STE 100","SAN DIEGO",CA,92128-3793,"(800) 540-7887","HOME INFUSION THERAPY SUPPLIER","RENDERING AREA",--,CA,--,--
O20210818002720,"PARAGON INFUSION CARE INC","3033 W PRESIDENT GEORGE BUSH HWY","STE 100-A",PLANO,TX,75075-5752,"(972) 588-1000","HOME INFUSION THERAPY SUPPLIER","RENDERING AREA",GALVESTON,TX,--,--
O20210204002060,"SUTTER VISITING NURSE ASSOC","8318 FERGUSON AVE",--,SACRAMENTO,CA,95828-0902,"(916) 379-3200","HOME INFUSION THERAPY SUPPLIER","RENDERING AREA",--,CA,--,AMADOR
O20210204002060,"SUTTER VISITING NURSE ASSOC","1105 ATLANTIC AVE","STE 102",ALAMEDA,CA,94501-1184,"(510) 450-8900","HOME INFUSION THERAPY SUPPLIER","RENDERING AREA",--,CA,--,LAKE
O20210204002060,"SUTTER VISITING NURSE ASSOC","1105 ATLANTIC AVE","STE 102",ALAMEDA,CA,94501-1184,"(510) 450-8900","HOME INFUSION THERAPY SUPPLIER","RENDERING AREA",--,CA,--,MARIN
O20210204002060,"SUTTER VISITING NURSE ASSOC","1105 ATLANTIC AVE","STE 102",ALAMEDA,CA,94501-1184,"(510) 450-8900","HOME INFUSION THERAPY SUPPLIER","RENDERING AREA",--,CA,--,NEVADA
O20201216001645,"UNITYPOINT AT HOME","11333 AURORA AVE",--,URBANDALE,IA,50322-7908,"(800) 368-5758","HOME INFUSION THERAPY SUPPLIER","RENDERING AREA",--,IA,--,--
O20210428002102,"ORION HOME HEALTH INC","5836 LINCOLN AVE","STE 120","MORTON GROVE",IL,60053-3351,"(847) 410-0240","HOME INFUSION THERAPY SUPPLIER","RENDERING AREA",--,IL,--,COOK
O20211001000860,"AMERICARE PHARMACEUTICAL SERVICES,INC.","317 NASSAU BLVD",--,"GARDEN CITY SOUTH",NY,11530-5313,"(516) 292-7948","HOME INFUSION THERAPY SUPPLIER","RENDERING AREA",--,NY,--,NASSAU
O20210721002875,"SENTARA ENTERPRISES","535 INDEPENDENCE PKWY","STE 300",CHESAPEAKE,VA,23320-5176,"(757) 553-3000","HOME INFUSION THERAPY SUPPLIER","RENDERING AREA",COURTLAND,VA,--,--
O20201221000248,"HACKENSACK MERIDIAN AMB CARE","34 INDUSTRIAL WAY E","STE 7A",EATONTOWN,NJ,07724-3319,"(732) 897-7830","HOME INFUSION THERAPY SUPPLIER","RENDERING AREA",--,NJ,--,--
O20210721002875,"SENTARA ENTERPRISES","535 INDEPENDENCE PKWY","STE 300",CHESAPEAKE,VA,23320-5176,"(757) 553-3000","HOME INFUSION THERAPY SUPPLIER","RENDERING AREA",SHACKLEFORDS,VA,--,--
O20210923002377,"PATHWRITE INC","8601 CROSS PARK DR","STE 400",AUSTIN,TX,78754-4578,"(512) 823-2000","HOME INFUSION THERAPY SUPPLIER","RENDERING AREA",--,TX,--,GUADALUPE
O20210923002377,"PATHWRITE INC","8601 CROSS PARK DR","STE 400",AUSTIN,TX,78754-4578,"(512) 823-2000","HOME INFUSION THERAPY SUPPLIER","RENDERING AREA",--,TX,--,LEE
O20201209000620,"UNIVERSITY OF KS AUTHORITY","11300 CORPORATE AVE","STE 160",LENEXA,KS,66219-1365,"(913) 588-2600","HOME INFUSION THERAPY SUPPLIER","RENDERING AREA",--,KS,--,ATCHISON
O20201228000944,"OPTION CARE ENTERPRISES INC","4708 W SAHARA AVE",--,"LAS VEGAS",NV,89102-3510,"(866) 258-3099","HOME INFUSION THERAPY SUPPLIER","RENDERING AREA",--,NV,--,--
O20210610000830,"ACCREDO HEALTH GROUP INC","9307 KIRBY DR",--,HOUSTON,TX,77054-2516,"(713) 791-1552","HOME INFUSION THERAPY SUPPLIER","RENDERING AREA",--,TX,--,--
O20201209000620,"UNIVERSITY OF KS AUTHORITY","11300 CORPORATE AVE","STE 160",LENEXA,KS,66219-1365,"(913) 588-2600","HOME INFUSION THERAPY SUPPLIER","RENDERING AREA",--,KS,--,JOHNSON
O20201209000620,"UNIVERSITY OF KS AUTHORITY","11300 CORPORATE AVE","STE 160",LENEXA,KS,66219-1365,"(913) 588-2600","HOME INFUSION THERAPY SUPPLIER","RENDERING AREA",--,KS,--,LINN
O20201209000620,"UNIVERSITY OF KS AUTHORITY","11300 CORPORATE AVE","STE 160",LENEXA,KS,66219-1365,"(913) 588-2600","HOME INFUSION THERAPY SUPPLIER","RENDERING AREA",--,KS,--,OSAGE
O20201209000620,"UNIVERSITY OF KS AUTHORITY","11300 CORPORATE AVE","STE 160",LENEXA,KS,66219-1365,"(913) 588-2600","HOME INFUSION THERAPY SUPPLIER","RENDERING AREA",--,KS,--,POTTAWATOMIE
O20201209000620,"UNIVERSITY OF KS AUTHORITY","11300 CORPORATE AVE","STE 160",LENEXA,KS,66219-1365,"(913) 588-2600","HOME INFUSION THERAPY SUPPLIER","SUPPLIER GR. AREA",--,KS,--,WYANDOTTE
O20201209000620,"UNIVERSITY OF KS AUTHORITY","11300 CORPORATE AVE","STE 160",LENEXA,KS,66219-1365,"(913) 588-2600","HOME INFUSION THERAPY SUPPLIER","SUPPLIER GR. AREA",--,KS,--,COFFEY
O20201209000620,"UNIVERSITY OF KS AUTHORITY","11300 CORPORATE AVE","STE 160",LENEXA,KS,66219-1365,"(913) 588-2600","HOME INFUSION THERAPY SUPPLIER","SUPPLIER GR. AREA",--,KS,--,DONIPHAN
O20201209000620,"UNIVERSITY OF KS AUTHORITY","11300 CORPORATE AVE","STE 160",LENEXA,KS,66219-1365,"(913) 588-2600","HOME INFUSION THERAPY SUPPLIER","SUPPLIER GR. AREA",--,KS,--,NEMAHA
O20201209000620,"UNIVERSITY OF KS AUTHORITY","11300 CORPORATE AVE","STE 160",LENEXA,KS,66219-1365,"(913) 588-2600","HOME INFUSION THERAPY SUPPLIER","RENDERING AREA",--,KS,--,WABAUNSEE
O20210609003237,"RED RIVER PHARM OF JONESBORO","2908 S CARAWAY RD",--,JONESBORO,AR,72401-7346,"(870) 336-2195","HOME INFUSION THERAPY SUPPLIER","RENDERING AREA",--,AR,--,WHITE
O20210111002027,"SOLEO HEALTH INC","1600 OAKBROOK DR","STE 560",NORCROSS,GA,30093-1848,"(470) 226-2300","HOME INFUSION THERAPY SUPPLIER","RENDERING AREA",--,GA,--,--
O20210106000922,"HOMECHOICE PARTNERS LLC","2201 CROWN POINT EXECUTIVE DR","STE C",CHARLOTTE,NC,28227-7808,"(855) 551-8600","HOME INFUSION THERAPY SUPPLIER","RENDERING AREA",--,NC,--,--
O20210721002875,"SENTARA ENTERPRISES","535 INDEPENDENCE PKWY","STE 300",CHESAPEAKE,VA,23320-5176,"(757) 553-3000","HOME INFUSION THERAPY SUPPLIER","RENDERING AREA",LANEXA,VA,--,--
O20210721002875,"SENTARA ENTERPRISES","535 INDEPENDENCE PKWY","STE 300",CHESAPEAKE,VA,23320-5176,"(757) 553-3000","HOME INFUSION THERAPY SUPPLIER","RENDERING AREA",LACKEY,VA,--,--
O20210129000418,"1ST AMERICA INFUSION SVCS LL","18451 DALLAS PKWY","STE 130",DALLAS,TX,75287-5202,"(601) 988-1700","HOME INFUSION THERAPY SUPPLIER","RENDERING AREA",--,TX,--,--
O20210105001419,"TRUSTEES OF THE UNIV OF PA","1070 NEW HOLLAND AVE",--,LANCASTER,PA,17601-5606,"(717) 544-3590","HOME INFUSION THERAPY SUPPLIER","RENDERING AREA",--,PA,--,CHESTER
O20201223001304,"HORIZON HOME CARE & HOSPICE","3232 PLEASANT VALLEY RD",--,"WEST BEND",WI,53095-9274,"(414) 365-8300","HOME INFUSION THERAPY SUPPLIER","SUPPLIER GR. AREA",--,WI,--,OZAUKEE
O20201223001304,"HORIZON HOME CARE & HOSPICE","110 LONE OAK LN",--,HARTFORD,WI,53027-2600,"(414) 365-8300","HOME INFUSION THERAPY SUPPLIER","SUPPLIER GR. AREA",--,WI,--,WASHINGTON
O20201223001304,"HORIZON HOME CARE & HOSPICE","3232 PLEASANT VALLEY RD",--,"WEST BEND",WI,53095-9274,"(414) 365-8300","HOME INFUSION THERAPY SUPPLIER","RENDERING AREA",--,WI,--,DODGE
O20201223001304,"HORIZON HOME CARE & HOSPICE","110 LONE OAK LN",--,HARTFORD,WI,53027-2600,"(414) 365-8300","HOME INFUSION THERAPY SUPPLIER","RENDERING AREA",--,WI,--,"FOND DU LAC"
O20201223001304,"HORIZON HOME CARE & HOSPICE","3232 PLEASANT VALLEY RD",--,"WEST BEND",WI,53095-9274,"(414) 365-8300","HOME INFUSION THERAPY SUPPLIER","RENDERING AREA",--,WI,--,"FOND DU LAC"
O20201223001304,"HORIZON HOME CARE & HOSPICE","8503 75TH ST","STE B",KENOSHA,WI,53142-7620,"(414) 365-8300","HOME INFUSION THERAPY SUPPLIER","RENDERING AREA",--,WI,--,JEFFERSON
O20201223001304,"HORIZON HOME CARE & HOSPICE","112 E DREXEL AVE",--,"OAK CREEK",WI,53154-2123,"(414) 365-8300","HOME INFUSION THERAPY SUPPLIER","RENDERING AREA",--,WI,--,RACINE
O20201223001304,"HORIZON HOME CARE & HOSPICE","3232 PLEASANT VALLEY RD",--,"WEST BEND",WI,53095-9274,"(414) 365-8300","HOME INFUSION THERAPY SUPPLIER","RENDERING AREA",--,WI,--,OZAUKEE
O20201223001304,"HORIZON HOME CARE & HOSPICE","110 LONE OAK LN",--,HARTFORD,WI,53027-2600,"(414) 365-8300","HOME INFUSION THERAPY SUPPLIER","SUPPLIER GR. AREA",--,WI,--,"FOND DU LAC"
O20201223001304,"HORIZON HOME CARE & HOSPICE","11002 W PARK PL",--,MILWAUKEE,WI,53224-3615,"(414) 365-8300","HOME INFUSION THERAPY SUPPLIER","RENDERING AREA",--,WI,--,KENOSHA
O20201223001304,"HORIZON HOME CARE & HOSPICE","110 LONE OAK LN",--,HARTFORD,WI,53027-2600,"(414) 365-8300","HOME INFUSION THERAPY SUPPLIER","RENDERING AREA",--,WI,--,WALWORTH
O20201223001304,"HORIZON HOME CARE & HOSPICE","11002 W PARK PL",--,MILWAUKEE,WI,53224-3615,"(414) 365-8300","HOME INFUSION THERAPY SUPPLIER","SUPPLIER GR. AREA",--,WI,--,DODGE
O20201223001304,"HORIZON HOME CARE & HOSPICE","110 LONE OAK LN",--,HARTFORD,WI,53027-2600,"(414) 365-8300","HOME INFUSION THERAPY SUPPLIER","RENDERING AREA",--,WI,--,MILWAUKEE
O20201223001304,"HORIZON HOME CARE & HOSPICE","13111 N PORT WASHINGTON RD",--,MEQUON,WI,53097-2416,"(414) 365-8300","HOME INFUSION THERAPY SUPPLIER","SUPPLIER GR. AREA",--,WI,--,RACINE
O20201223001304,"HORIZON HOME CARE & HOSPICE","11002 W PARK PL",--,MILWAUKEE,WI,53224-3615,"(414) 365-8300","HOME INFUSION THERAPY SUPPLIER","RENDERING AREA",--,WI,--,WAUKESHA
O20201223001304,"HORIZON HOME CARE & HOSPICE","110 LONE OAK LN",--,HARTFORD,WI,53027-2600,"(414) 365-8300","HOME INFUSION THERAPY SUPPLIER","RENDERING AREA",--,WI,--,WAUKESHA
O20201223001304,"HORIZON HOME CARE & HOSPICE","13111 N PORT WASHINGTON RD",--,MEQUON,WI,53097-2416,"(414) 365-8300","HOME INFUSION THERAPY SUPPLIER","SUPPLIER GR. AREA",--,WI,--,JEFFERSON
O20201223001304,"HORIZON HOME CARE & HOSPICE","8503 75TH ST","STE B",KENOSHA,WI,53142-7620,"(414) 365-8300","HOME INFUSION THERAPY SUPPLIER","RENDERING AREA",--,WI,--,WASHINGTON
O20201223001304,"HORIZON HOME CARE & HOSPICE","3232 PLEASANT VALLEY RD",--,"WEST BEND",WI,53095-9274,"(414) 365-8300","HOME INFUSION THERAPY SUPPLIER","RENDERING AREA",--,WI,--,WASHINGTON
O20201223001304,"HORIZON HOME CARE & HOSPICE","11002 W PARK PL",--,MILWAUKEE,WI,53224-3615,"(414) 365-8300","HOME INFUSION THERAPY SUPPLIER","SUPPLIER GR. AREA",--,WI,--,OUTAGAMIE
O20220308001732,"HENRY FORD HEALTH SYSTEM","21298 MELROSE AVE",--,SOUTHFIELD,MI,48075-7901,"(313) 874-6500","HOME INFUSION THERAPY SUPPLIER","RENDERING AREA",--,MI,--,--
O20201201001531,"OPTION CARE ENTERPRISES INC","3401 S MERIDIAN AVE",--,"OKLAHOMA CITY",OK,73119-2415,"(800) 346-3949","HOME INFUSION THERAPY SUPPLIER","RENDERING AREA",--,OK,--,--
O20240306000385,"JGBB LLC","7151 CASCADE VALLEY CT","STE 101-102","LAS VEGAS",NV,89128-0497,"(702) 825-4900","HOME INFUSION THERAPY SUPPLIER","RENDERING AREA",--,NV,--,--
O20240315001989,"EMILYS HOME HEALTH CARE INC","16461 SHERMAN WAY","STE 160","VAN NUYS",CA,91406-3810,"(818) 208-9388","HOME INFUSION THERAPY SUPPLIER","RENDERING AREA",--,CA,--,RIVERSIDE
O20240315001989,"EMILYS HOME HEALTH CARE INC","16461 SHERMAN WAY","STE 160","VAN NUYS",CA,91406-3810,"(818) 208-9388","HOME INFUSION THERAPY SUPPLIER","RENDERING AREA",--,CA,--,VENTURA
O20231019002472,"SOLEO HEALTH INC","1250B E COUNTY LINE RD",--,RIDGELAND,MS,39157-1936,"(844) 717-2055","HOME INFUSION THERAPY SUPPLIER","RENDERING AREA",--,MS,--,--
O20230714001741,"ELITE INFUSION CARE LLC","1440 N HARBOR BLVD","STE 916",FULLERTON,CA,92835-4127,"(714) 519-6993","HOME INFUSION THERAPY SUPPLIER","RENDERING AREA",--,CA,--,VENTURA
O20230714001741,"ELITE INFUSION CARE LLC","1440 N HARBOR BLVD","STE 916",FULLERTON,CA,92835-4127,"(714) 519-6993","HOME INFUSION THERAPY SUPPLIER","RENDERING AREA",--,CA,--,"SAN DIEGO"
O20230714001741,"ELITE INFUSION CARE LLC","1440 N HARBOR BLVD","STE 916",FULLERTON,CA,92835-4127,"(714) 519-6993","HOME INFUSION THERAPY SUPPLIER","RENDERING AREA",--,CA,--,"SAN BERNARDINO"
O20230417002787,"REGENTS OF THE UNIVERSITY OF CALIFORNIA","3575 BUSINESS DR","# 1601",SACRAMENTO,CA,95820-2160,"(916) 703-4663","HOME INFUSION THERAPY SUPPLIER","RENDERING AREA",--,CA,--,--
O20231031001986,"HEALTHPROV L.L.C.","1505 CALLE DEL NORTE","STE 375",LAREDO,TX,78041-6040,"(956) 728-0411","HOME INFUSION THERAPY SUPPLIER","RENDERING AREA",--,TX,--,ZAPATA
O20230320000743,"HERITAGE BIOLOGICS LLC","255 NW VICTORIA DR","STE B","LEES SUMMIT",MO,64086-4709,"(855) 937-7273","HOME INFUSION THERAPY SUPPLIER","RENDERING AREA",--,MN,--,--
O20230320000743,"HERITAGE BIOLOGICS LLC","255 NW VICTORIA DR","STE B","LEES SUMMIT",MO,64086-4709,"(855) 937-7273","HOME INFUSION THERAPY SUPPLIER","RENDERING AREA",--,VA,--,--
O20230320000743,"HERITAGE BIOLOGICS LLC","255 NW VICTORIA DR","STE B","LEES SUMMIT",MO,64086-4709,"(855) 937-7273","HOME INFUSION THERAPY SUPPLIER","RENDERING AREA",--,CA,--,--
O20241210004789,"FAST ACCESS SPECIALTY TRPT(S","8101 RIDGEPOINT DR","STE 100",IRVING,TX,75063-3165,"(877) 828-3940","HOME INFUSION THERAPY SUPPLIER","RENDERING AREA",--,LA,--,--
O20241028002886,"KABAFUSION MD LLC","8989 HERRMANN DR","STE 140",COLUMBIA,MD,21045-5154,"(888) 214-7624","HOME INFUSION THERAPY SUPPLIER","RENDERING AREA",--,VA,--,--
O20210310001014,"AT HOME INFUSION SERVICES","4207 VINELAND RD","STE M-1016",ORLANDO,FL,32811-7489,"(800) 421-5596","HOME INFUSION THERAPY SUPPLIER","RENDERING AREA",--,GA,--,--
O20210212001063,"KABAFUSION LLC","5860 W LAS POSITAS BLVD","STE 19",PLEASANTON,CA,94588-8557,"(855) 434-4844","HOME INFUSION THERAPY SUPPLIER","RENDERING AREA",--,CA,--,--
O20201223001304,"HORIZON HOME CARE & HOSPICE","8503 75TH ST","STE B",KENOSHA,WI,53142-7620,"(414) 365-8300","HOME INFUSION THERAPY SUPPLIER","SUPPLIER GR. AREA",--,WI,--,CALUMET
O20221128000976,"MEDILINK RXCARE HAMMONTON","44 S WHITE HORSE PIKE",--,HAMMONTON,NJ,08037-1845,"(609) 956-1900","HOME INFUSION THERAPY SUPPLIER","RENDERING AREA",--,NJ,08037,ATLANTIC
O20230320000743,"HERITAGE BIOLOGICS LLC","255 NW VICTORIA DR","STE B","LEES SUMMIT",MO,64086-4709,"(855) 937-7273","HOME INFUSION THERAPY SUPPLIER","RENDERING AREA",--,NE,--,--
O20230508000918,"OPTIVRX, LLC","1600 BREDA DR","FL B",KNOXVILLE,TN,37918-1405,"(865) 500-4987","HOME INFUSION THERAPY SUPPLIER","RENDERING AREA",--,TN,--,--
O20260313000209,"ONE CARE PHARMACY LLC","2025 CHICAGO AVE","STE A3",RIVERSIDE,CA,92507-2315,"(951) 900-1120","HOME INFUSION THERAPY SUPPLIER","RENDERING AREA",--,CA,--,--
O20250806002498,"SAPPHIRE HOME HEALTH CARE","1315 MILSTEAD RD NE",--,CONYERS,GA,30012-3824,"(470) 217-8445","HOME INFUSION THERAPY SUPPLIER","SUPPLIER GR. AREA",--,GA,--,--
O20260403000172,"MUNSON MEDICAL CENTER","1105 6TH ST","HOME INFUSION","TRAVERSE CITY",MI,49684-2345,"(231) 935-5999","HOME INFUSION THERAPY SUPPLIER","SUPPLIER GR. AREA",--,MI,--,CHARLEVOIX
O20260403000172,"MUNSON MEDICAL CENTER","1105 6TH ST","HOME INFUSION","TRAVERSE CITY",MI,49684-2345,"(231) 935-5999","HOME INFUSION THERAPY SUPPLIER","RENDERING AREA",--,MI,48854,MASON
O20210324002584,"KABAFUSION AL, LLC","360F QUALITY CIR NW","STE 630",HUNTSVILLE,AL,35806-4546,"(800) 838-2464","HOME INFUSION THERAPY SUPPLIER","RENDERING AREA",--,GA,--,--
O20260630001561,"KABAFUSION SC, LLC","5955 CORE RD","STE 512","NORTH CHARLESTON",SC,29406-6085,"(888) 211-7439","HOME INFUSION THERAPY SUPPLIER","RENDERING AREA",--,SC,--,--
O20210105001419,"TRUSTEES OF THE UNIV OF PA","625 CLARK AVE STE 10","PENN HOME INFUSION THERAPY","KING OF PRUSSIA",PA,19406-4025,"(610) 992-3920","HOME INFUSION THERAPY SUPPLIER","RENDERING AREA",--,PA,--,LEBANON
O20210105001419,"TRUSTEES OF THE UNIV OF PA","625 CLARK AVE STE 10","PENN HOME INFUSION THERAPY","KING OF PRUSSIA",PA,19406-4025,"(610) 992-3920","HOME INFUSION THERAPY SUPPLIER","RENDERING AREA",--,PA,--,YORK
O20260505000613,"HARPERS PHARMACY INC","132 S ANITA DR","STE 310",ORANGE,CA,92868-3317,"(877) 778-3773","HOME INFUSION THERAPY SUPPLIER","RENDERING AREA",--,CA,--,"SANTA BARBARA"
O20260310001281,"ASHAPURAKRUPA INFUSION LLC","250 OLD RIVER ROAD","SUITE B","WILKES BARRE",PA,18702-1611,"(570) 208-1522","HOME INFUSION THERAPY SUPPLIER","RENDERING AREA",--,PA,--,LUZERNE
O20260310001281,"ASHAPURAKRUPA INFUSION LLC","250 OLD RIVER ROAD","SUITE B","WILKES BARRE",PA,18702-1611,"(570) 208-1522","HOME INFUSION THERAPY SUPPLIER","RENDERING AREA",--,PA,--,LACKAWANNA
O20260505000613,"HARPERS PHARMACY INC","132 S ANITA DR","STE 310",ORANGE,CA,92868-3317,"(877) 778-3773","HOME INFUSION THERAPY SUPPLIER","RENDERING AREA",--,CA,--,ORANGE
O20201223001304,"HORIZON HOME CARE & HOSPICE","13111 N PORT WASHINGTON RD",--,MEQUON,WI,53097-2416,"(414) 365-8300","HOME INFUSION THERAPY SUPPLIER","RENDERING AREA",--,WI,--,MANITOWOC
O20201223001304,"HORIZON HOME CARE & HOSPICE","11002 W PARK PL",--,MILWAUKEE,WI,53224-3615,"(414) 365-8300","HOME INFUSION THERAPY SUPPLIER","RENDERING AREA",--,WI,--,WINNEBAGO
O20210226001747,"IVEDCO LLC","3000 KELLWAY DR","STE 110",CARROLLTON,TX,75006-3356,"(800) 333-0660","HOME INFUSION THERAPY SUPPLIER","RENDERING AREA",--,CO,--,--
O20210226001747,"IVEDCO LLC","3000 KELLWAY DR","STE 110",CARROLLTON,TX,75006-3356,"(800) 333-0660","HOME INFUSION THERAPY SUPPLIER","RENDERING AREA",--,LA,--,--
O20210226001747,"IVEDCO LLC","3000 KELLWAY DR","STE 110",CARROLLTON,TX,75006-3356,"(800) 333-0660","HOME INFUSION THERAPY SUPPLIER","RENDERING AREA",--,MS,--,--
O20210226001747,"IVEDCO LLC","3000 KELLWAY DR","STE 110",CARROLLTON,TX,75006-3356,"(800) 333-0660","HOME INFUSION THERAPY SUPPLIER","RENDERING AREA",--,NM,--,--
O20210226001747,"IVEDCO LLC","3000 KELLWAY DR","STE 110",CARROLLTON,TX,75006-3356,"(800) 333-0660","HOME INFUSION THERAPY SUPPLIER","RENDERING AREA",--,OK,--,--
O20210226001747,"IVEDCO LLC","3000 KELLWAY DR","STE 110",CARROLLTON,TX,75006-3356,"(800) 333-0660","HOME INFUSION THERAPY SUPPLIER","RENDERING AREA",--,TN,--,--
O20210226000556,"KABAFUSION, INC.","223 WITMER RD",--,HORSHAM,PA,19044-2212,"(877) 629-4844","HOME INFUSION THERAPY SUPPLIER","RENDERING AREA",--,NJ,--,--
O20201214001092,"SOLEO HEALTH INC","474 NORTHLAKE BLVD","STE 1016","ALTAMONTE SPRINGS",FL,32701-5245,"(407) 670-1230","HOME INFUSION THERAPY SUPPLIER","RENDERING AREA",--,FL,--,--
O20260626003735,"SUPPORT HOME HEALTH CARE LLC","2300 N BARRINGTON RD STE 400",--,"HOFFMAN ESTATES",IL,60169-2036,"(224) 254-4393","HOME INFUSION THERAPY SUPPLIER","SUPPLIER GR. AREA",--,IL,--,DUPAGE
O20210317000821,"KABAFUSION INC","220 BROOKS ST","STE 1",WORCESTER,MA,01606-3339,"(888) 727-2323","HOME INFUSION THERAPY SUPPLIER","RENDERING AREA",--,ME,--,--
O20210317000821,"KABAFUSION INC","220 BROOKS ST","STE 1",WORCESTER,MA,01606-3339,"(888) 727-2323","HOME INFUSION THERAPY SUPPLIER","RENDERING AREA",--,VT,--,--
O20260708000822,"PODARIS GROUP LLC","6301 NW 5TH WAY","STE 1410B","FORT LAUDERDALE",FL,33309-6131,"(954) 234-2693","HOME INFUSION THERAPY SUPPLIER","SUPPLIER GR. AREA",--,FL,--,--
O20250324000014,"MINISTRY HOME CARE SERVICES","10050 S 27TH ST","STE 100","OAK CREEK",WI,53154-5520,"(414) 563-0510","HOME INFUSION THERAPY SUPPLIER",--,--,--,--,--
O20240430000169,"ACCREDO HEALTH GROUP INC","39625 LEWIS DR","STE 800",NOVI,MI,48377-2962,"(248) 489-0300","HOME INFUSION THERAPY SUPPLIER",--,--,--,--,--
O20240415003636,"INFUSERX LLC","375 E. MILLSAP RD",--,FAYETTEVILLE,AR,72703-6289,"(479) 935-4949","HOME INFUSION THERAPY SUPPLIER",--,--,--,--,--
O20210121000184,"I V SOLUTIONS LLC","165 HANSEN CT","STE 106","WOOD DALE",IL,60191-1110,8479454444-1110,"HOME INFUSION THERAPY SUPPLIER","RENDERING AREA",--,IL,--,KANE
O20220203001062,"MKARE MANAGEMENT INC","147 AUBURN RDG",--,"SPRING BRANCH",TX,78070-6001,"(210) 663-1886","HOME INFUSION THERAPY SUPPLIER","RENDERING AREA",--,TX,--,COMAL
O20220203001062,"MKARE MANAGEMENT INC","147 AUBURN RDG",--,"SPRING BRANCH",TX,78070-6001,"(210) 663-1886","HOME INFUSION THERAPY SUPPLIER","RENDERING AREA",--,TX,--,KERR
O20250428002383,"INFUPHARMA LLC","1239 NE 8TH AVE",--,"FORT LAUDERDALE",FL,33304-2001,"(954) 923-3839","HOME INFUSION THERAPY SUPPLIER","SUPPLIER GR. AREA",--,FL,--,--
O20220509002548,"FACTOR ONE SOURCE PHARM LLC","217 GLENN ST","STE 300",CUMBERLAND,MD,21502-2590,"(877) 828-3940","HOME INFUSION THERAPY SUPPLIER","RENDERING AREA",--,MD,--,--
O20220509002548,"FACTOR ONE SOURCE PHARM LLC","217 GLENN ST","STE 300",CUMBERLAND,MD,21502-2590,"(877) 828-3940","HOME INFUSION THERAPY SUPPLIER","RENDERING AREA",--,AZ,--,--
O20220509002548,"FACTOR ONE SOURCE PHARM LLC","217 GLENN ST","STE 300",CUMBERLAND,MD,21502-2590,"(877) 828-3940","HOME INFUSION THERAPY SUPPLIER","RENDERING AREA",--,CO,--,--
O20220509002548,"FACTOR ONE SOURCE PHARM LLC","217 GLENN ST","STE 300",CUMBERLAND,MD,21502-2590,"(877) 828-3940","HOME INFUSION THERAPY SUPPLIER","RENDERING AREA",--,HI,--,--
O20220509002548,"FACTOR ONE SOURCE PHARM LLC","217 GLENN ST","STE 300",CUMBERLAND,MD,21502-2590,"(877) 828-3940","HOME INFUSION THERAPY SUPPLIER","RENDERING AREA",--,ID,--,--
O20220509002548,"FACTOR ONE SOURCE PHARM LLC","217 GLENN ST","STE 300",CUMBERLAND,MD,21502-2590,"(877) 828-3940","HOME INFUSION THERAPY SUPPLIER","RENDERING AREA",--,MI,--,--
O20210309002322,"PROVIDENCE HEALTH & SERVICES","6410 NE HALSEY ST","STE 400",PORTLAND,OR,97213-4759,"(503) 215-4633","HOME INFUSION THERAPY SUPPLIER","RENDERING AREA",--,OR,--,BAKER
O20210309002322,"PROVIDENCE HEALTH & SERVICES","840 ROYAL AVE","STE 120",MEDFORD,OR,97504-6461,"(541) 732-5566","HOME INFUSION THERAPY SUPPLIER","RENDERING AREA",--,OR,--,BENTON
O20210309002322,"PROVIDENCE HEALTH & SERVICES","840 ROYAL AVE","STE 120",MEDFORD,OR,97504-6461,"(541) 732-5566","HOME INFUSION THERAPY SUPPLIER","RENDERING AREA",--,OR,--,CLACKAMAS
O20210309002322,"PROVIDENCE HEALTH & SERVICES","840 ROYAL AVE","STE 120",MEDFORD,OR,97504-6461,"(541) 732-5566","HOME INFUSION THERAPY SUPPLIER","RENDERING AREA",--,OR,--,CURRY
O20210309002322,"PROVIDENCE HEALTH & SERVICES","6410 NE HALSEY ST","STE 400",PORTLAND,OR,97213-4759,"(503) 215-4633","HOME INFUSION THERAPY SUPPLIER","RENDERING AREA",--,OR,--,DESCHUTES
O20210309002322,"PROVIDENCE HEALTH & SERVICES","6410 NE HALSEY ST","STE 400",PORTLAND,OR,97213-4759,"(503) 215-4633","HOME INFUSION THERAPY SUPPLIER","RENDERING AREA",--,OR,--,GRANT
O20210309002322,"PROVIDENCE HEALTH & SERVICES","840 ROYAL AVE","STE 120",MEDFORD,OR,97504-6461,"(541) 732-5566","HOME INFUSION THERAPY SUPPLIER","RENDERING AREA",--,OR,--,JEFFERSON
O20210309002322,"PROVIDENCE HEALTH & SERVICES","6410 NE HALSEY ST","STE 400",PORTLAND,OR,97213-4759,"(503) 215-4633","HOME INFUSION THERAPY SUPPLIER","RENDERING AREA",--,OR,--,JOSEPHINE
O20210309002322,"PROVIDENCE HEALTH & SERVICES","6410 NE HALSEY ST","STE 400",PORTLAND,OR,97213-4759,"(503) 215-4633","HOME INFUSION THERAPY SUPPLIER","RENDERING AREA",--,OR,--,MARION
O20210309002322,"PROVIDENCE HEALTH & SERVICES","6410 NE HALSEY ST","STE 400",PORTLAND,OR,97213-4759,"(503) 215-4633","HOME INFUSION THERAPY SUPPLIER","RENDERING AREA",--,OR,--,WASCO
O20230427001393,"EAST TEXAS PHC LLC","602 E WHALEY ST",--,LONGVIEW,TX,75601-6525,"(903) 753-2273","HOME INFUSION THERAPY SUPPLIER","SUPPLIER GR. AREA",--,TX,--,HENDERSON
O20230427001393,"EAST TEXAS PHC LLC","602 E WHALEY ST",--,LONGVIEW,TX,75601-6525,"(903) 753-2273","HOME INFUSION THERAPY SUPPLIER","SUPPLIER GR. AREA",--,TX,--,WOOD
O20230427001393,"EAST TEXAS PHC LLC","602 E WHALEY ST",--,LONGVIEW,TX,75601-6525,"(903) 753-2273","HOME INFUSION THERAPY SUPPLIER","RENDERING AREA",--,TX,--,GREGG
O20230427001393,"EAST TEXAS PHC LLC","602 E WHALEY ST",--,LONGVIEW,TX,75601-6525,"(903) 753-2273","HOME INFUSION THERAPY SUPPLIER","RENDERING AREA",--,TX,--,HENDERSON
O20210625002390,"ACCESS TO CARE LLC","3645 N BRIARWOOD LN","STE D",MUNCIE,IN,47304-5337,"(765) 282-4766","HOME INFUSION THERAPY SUPPLIER","RENDERING AREA",--,IN,--,--
O20210629000233,"HEALING HOME HEALTHCARE INC","7000 INFANTRY RIDGE RD","STE 110",MANASSAS,VA,20109-2370,"(703) 650-0576","HOME INFUSION THERAPY SUPPLIER","RENDERING AREA","MANASSAS PARK",VA,--,--
O20210215000954,"INNOVATIVE SERVICES INC","25 POST RD",--,COLONIE,NY,12205-4781,"(518) 801-0510","HOME INFUSION THERAPY SUPPLIER","RENDERING AREA",--,NY,--,--
O20210217000391,"AMATUS HEALTH CARE LLC","2010 VALLEY VIEW LN","STE 200","FARMERS BRANCH",TX,75234-8915,"(972) 249-4999","HOME INFUSION THERAPY SUPPLIER","RENDERING AREA",NAVARRO,TX,--,--
O20210217000391,"AMATUS HEALTH CARE LLC","2010 VALLEY VIEW LN","STE 200","FARMERS BRANCH",TX,75234-8915,"(972) 249-4999","HOME INFUSION THERAPY SUPPLIER","RENDERING AREA",FRANKLIN,TX,--,--
O20210217000391,"AMATUS HEALTH CARE LLC","2010 VALLEY VIEW LN","STE 200","FARMERS BRANCH",TX,75234-8915,"(972) 249-4999","HOME INFUSION THERAPY SUPPLIER","RENDERING AREA",RAINS,TX,--,--
O20210217000391,"AMATUS HEALTH CARE LLC","2010 VALLEY VIEW LN","STE 200","FARMERS BRANCH",TX,75234-8915,"(972) 249-4999","HOME INFUSION THERAPY SUPPLIER","RENDERING AREA",TARRANT,TX,--,--
O20210217000391,"AMATUS HEALTH CARE LLC","2010 VALLEY VIEW LN","STE 200","FARMERS BRANCH",TX,75234-8915,"(972) 249-4999","HOME INFUSION THERAPY SUPPLIER","RENDERING AREA",ERATH,TX,--,--
O20210217000391,"AMATUS HEALTH CARE LLC","2010 VALLEY VIEW LN","STE 200","FARMERS BRANCH",TX,75234-8915,"(972) 249-4999","HOME INFUSION THERAPY SUPPLIER","RENDERING AREA",HENDERSON,TX,--,--
O20210301001035,"PATHWAYS HEALTHCARE LLC","101 STATION DR","STE 240",WESTWOOD,MA,02090-2336,"(781) 706-1079","HOME INFUSION THERAPY SUPPLIER","RENDERING AREA",--,MA,--,--
O20210818002720,"PARAGON INFUSION CARE INC","3033 W PRESIDENT GEORGE BUSH HWY","STE 100-A",PLANO,TX,75075-5752,"(972) 588-1000","HOME INFUSION THERAPY SUPPLIER","RENDERING AREA",ATASCOSA,TX,--,--
O20210818002720,"PARAGON INFUSION CARE INC","3033 W PRESIDENT GEORGE BUSH HWY","STE 100-A",PLANO,TX,75075-5752,"(972) 588-1000","HOME INFUSION THERAPY SUPPLIER","RENDERING AREA",WILSON,TX,--,--
O20210416000228,"CATHOLIC HEALTH SYSTEM INFUS","6350 TRANSIT RD",--,DEPEW,NY,14043-1039,"(716) 685-4870","HOME INFUSION THERAPY SUPPLIER","RENDERING AREA","ORCHARD PARK",NY,--,--
O20210416000228,"CATHOLIC HEALTH SYSTEM INFUS","6350 TRANSIT RD",--,DEPEW,NY,14043-1039,"(716) 685-4870","HOME INFUSION THERAPY SUPPLIER","RENDERING AREA",BUFFALO,NY,--,--
O20210416000228,"CATHOLIC HEALTH SYSTEM INFUS","6350 TRANSIT RD",--,DEPEW,NY,14043-1039,"(716) 685-4870","HOME INFUSION THERAPY SUPPLIER","RENDERING AREA","EAST AMHERST",NY,--,--
O20210416000228,"CATHOLIC HEALTH SYSTEM INFUS","6350 TRANSIT RD",--,DEPEW,NY,14043-1039,"(716) 685-4870","HOME INFUSION THERAPY SUPPLIER","RENDERING AREA",ELMA,NY,--,--
O20210416000228,"CATHOLIC HEALTH SYSTEM INFUS","6350 TRANSIT RD",--,DEPEW,NY,14043-1039,"(716) 685-4870","HOME INFUSION THERAPY SUPPLIER","RENDERING AREA",EDEN,NY,--,--
O20210416000228,"CATHOLIC HEALTH SYSTEM INFUS","6350 TRANSIT RD",--,DEPEW,NY,14043-1039,"(716) 685-4870","HOME INFUSION THERAPY SUPPLIER","RENDERING AREA",MARILLA,NY,--,--
O20210416000228,"CATHOLIC HEALTH SYSTEM INFUS","6350 TRANSIT RD",--,DEPEW,NY,14043-1039,"(716) 685-4870","HOME INFUSION THERAPY SUPPLIER","RENDERING AREA",TONAWANDA,NY,--,--
O20220127002435,"ACCREDO HEALTH GROUP INC","22623 68TH AVE S",--,KENT,WA,98032-1981,"(253) 872-2121","HOME INFUSION THERAPY SUPPLIER","RENDERING AREA",--,WA,--,--
O20220926000638,"OPTUM INFUSION SER 501 INC","1867 LACKLAND HILL PKWY",--,"SAINT LOUIS",MO,63146-3545,"(800) 560-8424","HOME INFUSION THERAPY SUPPLIER","RENDERING AREA",--,MO,--,--
O20210520000140,"CORAM ALT SITE SVCS INC","6 SPRING MILL DR",--,MALVERN,PA,19355-1200,"(610) 733-1600","HOME INFUSION THERAPY SUPPLIER","RENDERING AREA",--,PA,--,--
O20210204002060,"SUTTER VISITING NURSE ASSOC","8318 FERGUSON AVE",--,SACRAMENTO,CA,95828-0902,"(916) 379-3200","HOME INFUSION THERAPY SUPPLIER","RENDERING AREA",--,CA,--,SUTTER
O20210204002060,"SUTTER VISITING NURSE ASSOC","8318 FERGUSON AVE",--,SACRAMENTO,CA,95828-0902,"(916) 379-3200","HOME INFUSION THERAPY SUPPLIER","RENDERING AREA",--,CA,--,BUTTE
O20210202000202,"OPTUM INFUSION SVCS 305 LLC","15529 COLLEGE BLVD",--,LENEXA,KS,66219-1351,"(877) 342-9352","HOME INFUSION THERAPY SUPPLIER","RENDERING AREA",--,KS,--,--
O20210427001062,"ST JOSEPH HEALTH SYSTEM HOME","200 W CENTER STREET PROMENADE","STE 100A",ANAHEIM,CA,92805-3960,"(714) 712-9500","HOME INFUSION THERAPY SUPPLIER","RENDERING AREA",--,CA,--,"LOS ANGELES"
O20210427001062,"ST JOSEPH HEALTH SYSTEM HOME","200 W CENTER STREET PROMENADE","STE 100A",ANAHEIM,CA,92805-3960,"(714) 712-9500","HOME INFUSION THERAPY SUPPLIER","RENDERING AREA",--,CA,--,RIVERSIDE
O20210111002388,"SOLEO HEALTH INC","2866 DAUPHIN ST","STE H",MOBILE,AL,36606-2482,"(844) 234-6074","HOME INFUSION THERAPY SUPPLIER","RENDERING AREA",--,AL,--,--
O20210111001780,"OPTION CARE INFUSION SERVICE","624 GRASSMERE PARK","STE 22",NASHVILLE,TN,37211-3671,"(877) 726-0776","HOME INFUSION THERAPY SUPPLIER","RENDERING AREA",--,TN,--,--
O20210209000081,"OPTUM INFUSION SERVICES 101,","931 CONKLIN ST","STE D",FARMINGDALE,NY,11735-2429,"(631) 391-9670","HOME INFUSION THERAPY SUPPLIER","RENDERING AREA",--,NY,--,--
O20210113000857,"1ST AMERICA INFUSION SVCS LL","120 OXMOOR BLVD","STE 100",BIRMINGHAM,AL,35209-5921,2056679193-7102,"HOME INFUSION THERAPY SUPPLIER","RENDERING AREA",--,AL,--,--
O20210326001947,"PROVIDENCE HEALTH & SERVICES","3333 S 120TH PL","STE 100",TUKWILA,WA,98168-5134,"(425) 687-4400","HOME INFUSION THERAPY SUPPLIER","SUPPLIER GR. AREA",--,MT,--,SANDERS
O20210326001947,"PROVIDENCE HEALTH & SERVICES","15918 E EUCLID AVE",--,"SPOKANE VALLEY",WA,99216-1815,"(509) 924-1826","HOME INFUSION THERAPY SUPPLIER","SUPPLIER GR. AREA",--,MT,--,SANDERS
O20210326001947,"PROVIDENCE HEALTH & SERVICES","3333 S 120TH PL","STE 100",TUKWILA,WA,98168-5134,"(425) 687-4400","HOME INFUSION THERAPY SUPPLIER","SUPPLIER GR. AREA",--,ID,--,LATAH
O20210326001947,"PROVIDENCE HEALTH & SERVICES","15918 E EUCLID AVE",--,"SPOKANE VALLEY",WA,99216-1815,"(509) 924-1826","HOME INFUSION THERAPY SUPPLIER","SUPPLIER GR. AREA",--,MT,--,LINCOLN
O20210326001947,"PROVIDENCE HEALTH & SERVICES","3333 S 120TH PL","STE 100",TUKWILA,WA,98168-5134,"(425) 687-4400","HOME INFUSION THERAPY SUPPLIER","SUPPLIER GR. AREA",--,MT,--,POWELL
O20210326001947,"PROVIDENCE HEALTH & SERVICES","3333 S 120TH PL","STE 100",TUKWILA,WA,98168-5134,"(425) 687-4400","HOME INFUSION THERAPY SUPPLIER","RENDERING AREA",--,WA,--,SPOKANE
O20210326001947,"PROVIDENCE HEALTH & SERVICES","15918 E EUCLID AVE",--,"SPOKANE VALLEY",WA,99216-1815,"(509) 924-1826","HOME INFUSION THERAPY SUPPLIER","RENDERING AREA",--,WA,--,STEVENS
O20210326001947,"PROVIDENCE HEALTH & SERVICES","15918 E EUCLID AVE",--,"SPOKANE VALLEY",WA,99216-1815,"(509) 924-1826","HOME INFUSION THERAPY SUPPLIER","RENDERING AREA",--,WA,--,ADAMS
O20210326001947,"PROVIDENCE HEALTH & SERVICES","15918 E EUCLID AVE",--,"SPOKANE VALLEY",WA,99216-1815,"(509) 924-1826","HOME INFUSION THERAPY SUPPLIER","RENDERING AREA",--,WA,--,GARFIELD
O20210326001947,"PROVIDENCE HEALTH & SERVICES","3333 S 120TH PL","STE 100",TUKWILA,WA,98168-5134,"(425) 687-4400","HOME INFUSION THERAPY SUPPLIER","RENDERING AREA",--,WA,--,KING
O20210326001947,"PROVIDENCE HEALTH & SERVICES","15918 E EUCLID AVE",--,"SPOKANE VALLEY",WA,99216-1815,"(509) 924-1826","HOME INFUSION THERAPY SUPPLIER","RENDERING AREA",--,WA,--,KING
O20210107002559,"BIOSCRIP PHARMACY SERVICES,","5700 PERIMETER DR","STE B",DUBLIN,OH,43017-3253,"(877) 410-0132","HOME INFUSION THERAPY SUPPLIER","RENDERING AREA",--,OH,--,--
O20210326001947,"PROVIDENCE HEALTH & SERVICES","3333 S 120TH PL","STE 100",TUKWILA,WA,98168-5134,"(425) 687-4400","HOME INFUSION THERAPY SUPPLIER","RENDERING AREA",--,WA,--,KITSAP
O20210326001947,"PROVIDENCE HEALTH & SERVICES","15918 E EUCLID AVE",--,"SPOKANE VALLEY",WA,99216-1815,"(509) 924-1826","HOME INFUSION THERAPY SUPPLIER","RENDERING AREA",--,WA,--,KITSAP
O20210326001947,"PROVIDENCE HEALTH & SERVICES","3333 S 120TH PL","STE 100",TUKWILA,WA,98168-5134,"(425) 687-4400","HOME INFUSION THERAPY SUPPLIER","RENDERING AREA",--,WA,--,JEFFERSON
O20210212002222,"REGIONCARE INC","200 COMMUNITY DR",--,"GREAT NECK",NY,11021-5510,"(516) 414-3900","HOME INFUSION THERAPY SUPPLIER","RENDERING AREA",--,NY,--,SUFFOLK
O20210204001682,"I. V. CARE OF MIDDLE GEORGIA","151 COLLEGE ST","STE A",MACON,GA,31201-1655,"(478) 743-8997","HOME INFUSION THERAPY SUPPLIER","RENDERING AREA",--,GA,--,PULASKI
O20210204001682,"I. V. CARE OF MIDDLE GEORGIA","151 COLLEGE ST","STE A",MACON,GA,31201-1655,"(478) 743-8997","HOME INFUSION THERAPY SUPPLIER","RENDERING AREA",--,GA,--,TWIGGS
O20210204001682,"I. V. CARE OF MIDDLE GEORGIA","151 COLLEGE ST","STE A",MACON,GA,31201-1655,"(478) 743-8997","HOME INFUSION THERAPY SUPPLIER","RENDERING AREA",--,GA,--,BRYAN
O20210204001682,"I. V. CARE OF MIDDLE GEORGIA","151 COLLEGE ST","STE A",MACON,GA,31201-1655,"(478) 743-8997","HOME INFUSION THERAPY SUPPLIER","RENDERING AREA",--,GA,--,EMANUEL
O20210721002875,"SENTARA ENTERPRISES","535 INDEPENDENCE PKWY","STE 300",CHESAPEAKE,VA,23320-5176,"(757) 553-3000","HOME INFUSION THERAPY SUPPLIER","RENDERING AREA",NORFOLK,VA,--,--
O20210121000128,"SOLEO HEALTH INC","950 CALCON HOOK RD","STE 19","SHARON HILL",PA,19079-1822,"(866) 737-1919","HOME INFUSION THERAPY SUPPLIER","RENDERING AREA",--,PA,--,--
O20210204002060,"SUTTER VISITING NURSE ASSOC","1105 ATLANTIC AVE","STE 102",ALAMEDA,CA,94501-1184,"(510) 450-8900","HOME INFUSION THERAPY SUPPLIER","RENDERING AREA",--,CA,--,CALAVERAS
O20210204002060,"SUTTER VISITING NURSE ASSOC","1105 ATLANTIC AVE","STE 102",ALAMEDA,CA,94501-1184,"(510) 450-8900","HOME INFUSION THERAPY SUPPLIER","RENDERING AREA",--,CA,--,"CONTRA COSTA"
O20210204002060,"SUTTER VISITING NURSE ASSOC","1105 ATLANTIC AVE","STE 102",ALAMEDA,CA,94501-1184,"(510) 450-8900","HOME INFUSION THERAPY SUPPLIER","RENDERING AREA",--,CA,--,MENDOCINO
O20210204002060,"SUTTER VISITING NURSE ASSOC","8318 FERGUSON AVE",--,SACRAMENTO,CA,95828-0902,"(916) 379-3200","HOME INFUSION THERAPY SUPPLIER","RENDERING AREA",--,CA,--,NEVADA
O20210204002060,"SUTTER VISITING NURSE ASSOC","1105 ATLANTIC AVE","STE 102",ALAMEDA,CA,94501-1184,"(510) 450-8900","HOME INFUSION THERAPY SUPPLIER","RENDERING AREA",--,CA,--,"SAN BENITO"
O20210204002060,"SUTTER VISITING NURSE ASSOC","1105 ATLANTIC AVE","STE 102",ALAMEDA,CA,94501-1184,"(510) 450-8900","HOME INFUSION THERAPY SUPPLIER","RENDERING AREA",--,CA,--,"SAN FRANCISCO"
O20210204002060,"SUTTER VISITING NURSE ASSOC","8318 FERGUSON AVE",--,SACRAMENTO,CA,95828-0902,"(916) 379-3200","HOME INFUSION THERAPY SUPPLIER","RENDERING AREA",--,CA,--,"SAN FRANCISCO"
O20210204002060,"SUTTER VISITING NURSE ASSOC","1105 ATLANTIC AVE","STE 102",ALAMEDA,CA,94501-1184,"(510) 450-8900","HOME INFUSION THERAPY SUPPLIER","RENDERING AREA",--,CA,--,"SANTA CLARA"
O20210204002060,"SUTTER VISITING NURSE ASSOC","1105 ATLANTIC AVE","STE 102",ALAMEDA,CA,94501-1184,"(510) 450-8900","HOME INFUSION THERAPY SUPPLIER","RENDERING AREA",--,CA,--,"SANTA CRUZ"
O20210204002060,"SUTTER VISITING NURSE ASSOC","8318 FERGUSON AVE",--,SACRAMENTO,CA,95828-0902,"(916) 379-3200","HOME INFUSION THERAPY SUPPLIER","RENDERING AREA",--,CA,--,"SANTA CRUZ"
O20210204002060,"SUTTER VISITING NURSE ASSOC","8318 FERGUSON AVE",--,SACRAMENTO,CA,95828-0902,"(916) 379-3200","HOME INFUSION THERAPY SUPPLIER","RENDERING AREA",--,CA,--,SOLANO
O20210106001394,"CONTINUUMRX INC","2650 LEEMAN FERRY RD SW","STE C",HUNTSVILLE,AL,35801-6532,"(800) 665-2850","HOME INFUSION THERAPY SUPPLIER","RENDERING AREA",--,AL,--,--
O20210121000742,"SOLEO HEALTH INC","5 SHAWMUT RD","STE 103",CANTON,MA,02021-1408,"(781) 298-3427","HOME INFUSION THERAPY SUPPLIER","RENDERING AREA",--,MA,--,--
O20210923002377,"PATHWRITE INC","8601 CROSS PARK DR","STE 400",AUSTIN,TX,78754-4578,"(512) 823-2000","HOME INFUSION THERAPY SUPPLIER","RENDERING AREA",--,TX,--,BURNET
O20201209000620,"UNIVERSITY OF KS AUTHORITY","11300 CORPORATE AVE","STE 160",LENEXA,KS,66219-1365,"(913) 588-2600","HOME INFUSION THERAPY SUPPLIER","RENDERING AREA",--,KS,--,ALLEN
O20201228000944,"OPTION CARE ENTERPRISES INC","7300 S VIRGINIA ST","STE A",RENO,NV,89511-1123,"(800) 829-8416","HOME INFUSION THERAPY SUPPLIER","RENDERING AREA",--,NV,--,--
O20201209000620,"UNIVERSITY OF KS AUTHORITY","11300 CORPORATE AVE","STE 160",LENEXA,KS,66219-1365,"(913) 588-2600","HOME INFUSION THERAPY SUPPLIER","SUPPLIER GR. AREA",--,KS,--,DOUGLAS
O20201209000620,"UNIVERSITY OF KS AUTHORITY","11300 CORPORATE AVE","STE 160",LENEXA,KS,66219-1365,"(913) 588-2600","HOME INFUSION THERAPY SUPPLIER","SUPPLIER GR. AREA",--,KS,--,LYON
O20201209000620,"UNIVERSITY OF KS AUTHORITY","11300 CORPORATE AVE","STE 160",LENEXA,KS,66219-1365,"(913) 588-2600","HOME INFUSION THERAPY SUPPLIER","RENDERING AREA",--,KS,--,WYANDOTTE
O20210129002236,"ACCREDO HEALTH GROUP INC","2100 RIVERCHASE CTR","STE 405",HOOVER,AL,35244-1852,"(205) 987-0778","HOME INFUSION THERAPY SUPPLIER","RENDERING AREA",--,AL,--,--
O20210208001144,"OPTUM INFUSION SER 501 INC","8131 W BOSTIAN RD","STE A345",WOODINVILLE,WA,98072-5029,"(866) 234-4120","HOME INFUSION THERAPY SUPPLIER","RENDERING AREA",--,WA,--,--
O20210609003237,"RED RIVER PHARM OF JONESBORO","2908 S CARAWAY RD",--,JONESBORO,AR,72401-7346,"(870) 336-2195","HOME INFUSION THERAPY SUPPLIER","RENDERING AREA",--,AR,--,CRAIGHEAD
O20210609003237,"RED RIVER PHARM OF JONESBORO","2908 S CARAWAY RD",--,JONESBORO,AR,72401-7346,"(870) 336-2195","HOME INFUSION THERAPY SUPPLIER","RENDERING AREA",--,AR,--,RANDOLPH
O20210903000246,"INTRAMED PLUS LLC","112 SALUDA RIDGE CT","STE 100","WEST COLUMBIA",SC,29169-3461,"(803) 794-0200","HOME INFUSION THERAPY SUPPLIER","RENDERING AREA",--,SC,--,--
O20210721002875,"SENTARA ENTERPRISES","535 INDEPENDENCE PKWY","STE 300",CHESAPEAKE,VA,23320-5176,"(757) 553-3000","HOME INFUSION THERAPY SUPPLIER","RENDERING AREA",HAYES,VA,--,--
O20210721002875,"SENTARA ENTERPRISES","535 INDEPENDENCE PKWY","STE 300",CHESAPEAKE,VA,23320-5176,"(757) 553-3000","HOME INFUSION THERAPY SUPPLIER","RENDERING AREA",DUTTON,VA,--,--
O20210721002875,"SENTARA ENTERPRISES","535 INDEPENDENCE PKWY","STE 300",CHESAPEAKE,VA,23320-5176,"(757) 553-3000","HOME INFUSION THERAPY SUPPLIER","RENDERING AREA",YORKTOWN,VA,--,--
O20210721002875,"SENTARA ENTERPRISES","535 INDEPENDENCE PKWY","STE 300",CHESAPEAKE,VA,23320-5176,"(757) 553-3000","HOME INFUSION THERAPY SUPPLIER","RENDERING AREA",SEAFORD,VA,--,--
O20210211002538,"SOUTHEASTERN HOME HEALTH CARE, LLC","7502 LEE DAVIS RD",--,MECHANICSVILLE,VA,23111-3603,"(804) 769-1380","HOME INFUSION THERAPY SUPPLIER","RENDERING AREA",--,VA,--,CAROLINE
O20210211002538,"SOUTHEASTERN HOME HEALTH CARE, LLC","7502 LEE DAVIS RD",--,MECHANICSVILLE,VA,23111-3603,"(804) 769-1380","HOME INFUSION THERAPY SUPPLIER","SUPPLIER GR. AREA",--,VA,--,HANOVER
O20210105001419,"TRUSTEES OF THE UNIV OF PA","625 CLARK AVE STE 10","PENN HOME INFUSION THERAPY","KING OF PRUSSIA",PA,19406-4025,"(610) 992-3920","HOME INFUSION THERAPY SUPPLIER","RENDERING AREA",--,PA,--,DELAWARE
O20210105001419,"TRUSTEES OF THE UNIV OF PA","1070 NEW HOLLAND AVE",--,LANCASTER,PA,17601-5606,"(717) 544-3590","HOME INFUSION THERAPY SUPPLIER","RENDERING AREA",--,PA,--,DELAWARE
O20210105001419,"TRUSTEES OF THE UNIV OF PA","1070 NEW HOLLAND AVE",--,LANCASTER,PA,17601-5606,"(717) 544-3590","HOME INFUSION THERAPY SUPPLIER","RENDERING AREA",--,PA,--,BERKS
O20210202000669,"OPTION CARE ENTERPRISES INC","9601 BAPTIST HEALTH DR","STE 110","LITTLE ROCK",AR,72205-6323,"(833) 269-4994","HOME INFUSION THERAPY SUPPLIER","RENDERING AREA",--,AR,--,--
O20210408001566,"FLORIDA HOSPITAL HOME INFUSI","556 FLORIDA CENTRAL PKWY","STE 1044",LONGWOOD,FL,32750-5177,"(407) 865-5489","HOME INFUSION THERAPY SUPPLIER","RENDERING AREA",--,FL,--,SEMINOLE
O20210412001909,"VISION INFUSION SERVICES INC","URB PALMAS INDUSTRIAL PARK","CALLE 869 KM 2.0",CATANO,PR,00962,"(787) 783-2245","HOME INFUSION THERAPY SUPPLIER","RENDERING AREA",--,PR,--,--
O20210818002720,"PARAGON INFUSION CARE INC","3033 W PRESIDENT GEORGE BUSH HWY","STE 100-A",PLANO,TX,75075-5752,"(972) 588-1000","HOME INFUSION THERAPY SUPPLIER","RENDERING AREA",DALLAS,TX,--,--
O20210818002720,"PARAGON INFUSION CARE INC","3033 W PRESIDENT GEORGE BUSH HWY","STE 100-A",PLANO,TX,75075-5752,"(972) 588-1000","HOME INFUSION THERAPY SUPPLIER","RENDERING AREA",COOKE,TX,--,--
O20210504000819,"IVY HOME INFUSIONS L.L.C.","1200 AIRPORT HEIGHTS DR","STE 195",ANCHORAGE,AK,99508-2982,"(951) 999-1872","HOME INFUSION THERAPY SUPPLIER","SUPPLIER GR. AREA",--,AK,--,--
O20201223001304,"HORIZON HOME CARE & HOSPICE","8503 75TH ST","STE B",KENOSHA,WI,53142-7620,"(414) 365-8300","HOME INFUSION THERAPY SUPPLIER","SUPPLIER GR. AREA",--,WI,--,OZAUKEE
O20201223001304,"HORIZON HOME CARE & HOSPICE","8503 75TH ST","STE B",KENOSHA,WI,53142-7620,"(414) 365-8300","HOME INFUSION THERAPY SUPPLIER","SUPPLIER GR. AREA",--,WI,--,WASHINGTON
O20201223001304,"HORIZON HOME CARE & HOSPICE","13111 N PORT WASHINGTON RD",--,MEQUON,WI,53097-2416,"(414) 365-8300","HOME INFUSION THERAPY SUPPLIER","SUPPLIER GR. AREA",--,WI,--,WASHINGTON
O20201223001304,"HORIZON HOME CARE & HOSPICE","110 LONE OAK LN",--,HARTFORD,WI,53027-2600,"(414) 365-8300","HOME INFUSION THERAPY SUPPLIER","RENDERING AREA",--,WI,--,DODGE
O20201223001304,"HORIZON HOME CARE & HOSPICE","112 E DREXEL AVE",--,"OAK CREEK",WI,53154-2123,"(414) 365-8300","HOME INFUSION THERAPY SUPPLIER","RENDERING AREA",--,WI,--,"FOND DU LAC"
O20201223001304,"HORIZON HOME CARE & HOSPICE","112 E DREXEL AVE",--,"OAK CREEK",WI,53154-2123,"(414) 365-8300","HOME INFUSION THERAPY SUPPLIER","RENDERING AREA",--,WI,--,JEFFERSON
O20201223001304,"HORIZON HOME CARE & HOSPICE","3232 PLEASANT VALLEY RD",--,"WEST BEND",WI,53095-9274,"(414) 365-8300","HOME INFUSION THERAPY SUPPLIER","RENDERING AREA",--,WI,--,JEFFERSON
O20201223001304,"HORIZON HOME CARE & HOSPICE","110 LONE OAK LN",--,HARTFORD,WI,53027-2600,"(414) 365-8300","HOME INFUSION THERAPY SUPPLIER","RENDERING AREA",--,WI,--,OZAUKEE
O20201223001304,"HORIZON HOME CARE & HOSPICE","11002 W PARK PL",--,MILWAUKEE,WI,53224-3615,"(414) 365-8300","HOME INFUSION THERAPY SUPPLIER","RENDERING AREA",--,WI,--,SHEBOYGAN
O20201223001304,"HORIZON HOME CARE & HOSPICE","8503 75TH ST","STE B",KENOSHA,WI,53142-7620,"(414) 365-8300","HOME INFUSION THERAPY SUPPLIER","SUPPLIER GR. AREA",--,WI,--,DODGE
O20201223001304,"HORIZON HOME CARE & HOSPICE","13111 N PORT WASHINGTON RD",--,MEQUON,WI,53097-2416,"(414) 365-8300","HOME INFUSION THERAPY SUPPLIER","RENDERING AREA",--,WI,--,MILWAUKEE
O20201223001304,"HORIZON HOME CARE & HOSPICE","11002 W PARK PL",--,MILWAUKEE,WI,53224-3615,"(414) 365-8300","HOME INFUSION THERAPY SUPPLIER","SUPPLIER GR. AREA",--,WI,--,RACINE
O20201223001304,"HORIZON HOME CARE & HOSPICE","8503 75TH ST","STE B",KENOSHA,WI,53142-7620,"(414) 365-8300","HOME INFUSION THERAPY SUPPLIER","SUPPLIER GR. AREA",--,WI,--,RACINE
O20201223001304,"HORIZON HOME CARE & HOSPICE","110 LONE OAK LN",--,HARTFORD,WI,53027-2600,"(414) 365-8300","HOME INFUSION THERAPY SUPPLIER","SUPPLIER GR. AREA",--,WI,--,JEFFERSON
O20201223001304,"HORIZON HOME CARE & HOSPICE","112 E DREXEL AVE",--,"OAK CREEK",WI,53154-2123,"(414) 365-8300","HOME INFUSION THERAPY SUPPLIER","SUPPLIER GR. AREA",--,WI,--,JEFFERSON
O20201223001304,"HORIZON HOME CARE & HOSPICE","11002 W PARK PL",--,MILWAUKEE,WI,53224-3615,"(414) 365-8300","HOME INFUSION THERAPY SUPPLIER","SUPPLIER GR. AREA",--,WI,--,WALWORTH
O20201223001304,"HORIZON HOME CARE & HOSPICE","112 E DREXEL AVE",--,"OAK CREEK",WI,53154-2123,"(414) 365-8300","HOME INFUSION THERAPY SUPPLIER","SUPPLIER GR. AREA",--,WI,--,WALWORTH
O20201223001304,"HORIZON HOME CARE & HOSPICE","13111 N PORT WASHINGTON RD",--,MEQUON,WI,53097-2416,"(414) 365-8300","HOME INFUSION THERAPY SUPPLIER","SUPPLIER GR. AREA",--,WI,--,WALWORTH
O20201223001304,"HORIZON HOME CARE & HOSPICE","110 LONE OAK LN",--,HARTFORD,WI,53027-2600,"(414) 365-8300","HOME INFUSION THERAPY SUPPLIER","RENDERING AREA",--,WI,--,WASHINGTON
O20201223001304,"HORIZON HOME CARE & HOSPICE","13111 N PORT WASHINGTON RD",--,MEQUON,WI,53097-2416,"(414) 365-8300","HOME INFUSION THERAPY SUPPLIER","RENDERING AREA",--,WI,--,OUTAGAMIE
O20201223001304,"HORIZON HOME CARE & HOSPICE","3232 PLEASANT VALLEY RD",--,"WEST BEND",WI,53095-9274,"(414) 365-8300","HOME INFUSION THERAPY SUPPLIER","RENDERING AREA",--,WI,--,OUTAGAMIE
O20201223001304,"HORIZON HOME CARE & HOSPICE","112 E DREXEL AVE",--,"OAK CREEK",WI,53154-2123,"(414) 365-8300","HOME INFUSION THERAPY SUPPLIER","SUPPLIER GR. AREA",--,WI,--,KENOSHA
O20210106000898,"HAWAII HOME INF ASSOC LTD","4490 KOLOPA ST","STE B",LIHUE,HI,96766-2027,"(808) 245-3787","HOME INFUSION THERAPY SUPPLIER","RENDERING AREA",--,HI,--,--
O20221019000193,"ACCREDO HEALTH GROUP INC","520 ELMWOOD PARK BLVD","STE 100","NEW ORLEANS",LA,70123-6826,"(501) 731-6113","HOME INFUSION THERAPY SUPPLIER","RENDERING AREA",--,LA,--,--
O20220608003319,"PROSPER INFUSION, INC.","12637 RACE TRACK RD",--,WESTCHASE,FL,33626-1331,"(813) 749-0786","HOME INFUSION THERAPY SUPPLIER","RENDERING AREA",--,FL,--,--
O20201201001821,"OPTION CARE ENTERPRISES INC","9360 KIRBY DR STE 100","OPTION CARE",HOUSTON,TX,77054-2515,"(800) 554-1758","HOME INFUSION THERAPY SUPPLIER","RENDERING AREA",--,TX,--,--
O20200519000276,"ACCEPTANCE HOME HEALTH LLC","8131 LYNDON B JOHNSON FWY","STE 750",DALLAS,TX,75251-1331,"(214) 257-8585","HOME INFUSION THERAPY SUPPLIER","RENDERING AREA",--,TX,--,--
O20240305003858,"PAIN TREATMENT CENTERS OF AMERICA PLLC","108 N SHACKLEFORD RD",--,"LITTLE ROCK",AR,72211-2840,"(844) 215-0731","HOME INFUSION THERAPY SUPPLIER","RENDERING AREA",--,AR,--,--
O20230714001741,"ELITE INFUSION CARE LLC","1440 N HARBOR BLVD","STE 916",FULLERTON,CA,92835-4127,"(714) 519-6993","HOME INFUSION THERAPY SUPPLIER","SUPPLIER GR. AREA",--,CA,--,"SAN BERNARDINO"
O20230118000701,"VASCULAR ACCESS PLUS LLC","8556 E ASH RD",--,FIRTH,NE,68358-7587,"(402) 450-4264","HOME INFUSION THERAPY SUPPLIER","SUPPLIER GR. AREA",--,NE,--,--
O20231031001986,"HEALTHPROV L.L.C.","1505 CALLE DEL NORTE","STE 375",LAREDO,TX,78041-6040,"(956) 728-0411","HOME INFUSION THERAPY SUPPLIER","SUPPLIER GR. AREA",--,TX,--,MAVERICK
O20231031001986,"HEALTHPROV L.L.C.","1505 CALLE DEL NORTE","STE 375",LAREDO,TX,78041-6040,"(956) 728-0411","HOME INFUSION THERAPY SUPPLIER","RENDERING AREA",--,TX,--,MAVERICK
O20231031001986,"HEALTHPROV L.L.C.","1505 CALLE DEL NORTE","STE 375",LAREDO,TX,78041-6040,"(956) 728-0411","HOME INFUSION THERAPY SUPPLIER","RENDERING AREA",--,TX,--,ZAVALA
O20221216000740,"ACCREDO HEALTH GROUP INC","2915 WATERS RD","STE 109",EAGAN,MN,55121-1562,"(651) 681-0885","HOME INFUSION THERAPY SUPPLIER","RENDERING AREA",--,MN,--,--
O20230320000743,"HERITAGE BIOLOGICS LLC","255 NW VICTORIA DR","STE B","LEES SUMMIT",MO,64086-4709,"(855) 937-7273","HOME INFUSION THERAPY SUPPLIER","RENDERING AREA",--,AZ,--,--
O20230320000743,"HERITAGE BIOLOGICS LLC","255 NW VICTORIA DR","STE B","LEES SUMMIT",MO,64086-4709,"(855) 937-7273","HOME INFUSION THERAPY SUPPLIER","RENDERING AREA",--,DC,--,--
O20230320000743,"HERITAGE BIOLOGICS LLC","255 NW VICTORIA DR","STE B","LEES SUMMIT",MO,64086-4709,"(855) 937-7273","HOME INFUSION THERAPY SUPPLIER","RENDERING AREA",--,KS,--,--
O20210226001747,"IVEDCO LLC","3000 KELLWAY DR","STE 110",CARROLLTON,TX,75006-3356,"(800) 333-0660","HOME INFUSION THERAPY SUPPLIER","RENDERING AREA",--,KY,--,--
O20240903002228,"SISU HEALTHCARE SOLUTIONS IN","914 S 52ND ST","STE 110",TEMPE,AZ,85281-9500,"(480) 999-4488","HOME INFUSION THERAPY SUPPLIER","SUPPLIER GR. AREA",--,AZ,--,--
O20210319001034,"KABAFUSION NC LLC","9401 SOUTHERN PINE BLVD","STE J",CHARLOTTE,NC,28273-5596,"(866) 583-2140","HOME INFUSION THERAPY SUPPLIER","RENDERING AREA",--,NC,--,--
O20210310001014,"AT HOME INFUSION SERVICES","3500 NW BOCA RATON BLVD","STE 704","BOCA RATON",FL,33431-5854,"(877) 309-2207","HOME INFUSION THERAPY SUPPLIER","RENDERING AREA",--,GA,--,--
O20201223001304,"HORIZON HOME CARE & HOSPICE","112 E DREXEL AVE",--,"OAK CREEK",WI,53154-2123,"(414) 365-8300","HOME INFUSION THERAPY SUPPLIER","SUPPLIER GR. AREA",--,WI,--,MANITOWOC
O20201223001304,"HORIZON HOME CARE & HOSPICE","3232 PLEASANT VALLEY RD",--,"WEST BEND",WI,53095-9274,"(414) 365-8300","HOME INFUSION THERAPY SUPPLIER","SUPPLIER GR. AREA",--,WI,--,WINNEBAGO
O20230126002474,"MYMICHIGAN MEDICAL MIDLAND","4000 WELLNESS DR","STE H1344",MIDLAND,MI,48670-2000,"(989) 839-6256","HOME INFUSION THERAPY SUPPLIER","SUPPLIER GR. AREA",--,MI,--,--
O20230320000743,"HERITAGE BIOLOGICS LLC","255 NW VICTORIA DR","STE B","LEES SUMMIT",MO,64086-4709,"(855) 937-7273","HOME INFUSION THERAPY SUPPLIER","RENDERING AREA",--,OK,--,--
O20260403000172,"MUNSON MEDICAL CENTER","1105 6TH ST","HOME INFUSION","TRAVERSE CITY",MI,49684-2345,"(231) 935-5999","HOME INFUSION THERAPY SUPPLIER","SUPPLIER GR. AREA",--,MI,--,ANTRIM
O20251104003779,"INFUSION CARE GROUP LLC","12730 COLDWATER RD","STE 102","FORT WAYNE",IN,46845-8670,"(260) 458-1263","HOME INFUSION THERAPY SUPPLIER","SUPPLIER GR. AREA",--,IN,--,--
O20210317000994,"HOME AIDE SVC OF EASTERN NY","433 RIVER ST","STE 3000",TROY,NY,12180-2250,5182746200-1310,"HOME INFUSION THERAPY SUPPLIER","RENDERING AREA",--,NY,--,WARREN
O20210317000994,"HOME AIDE SVC OF EASTERN NY","433 RIVER ST","STE 3000",TROY,NY,12180-2250,5182746200-1310,"HOME INFUSION THERAPY SUPPLIER","RENDERING AREA",--,NY,--,WASHINGTON
O20260403000172,"MUNSON MEDICAL CENTER","1105 6TH ST","HOME INFUSION","TRAVERSE CITY",MI,49684-2345,"(231) 935-5999","HOME INFUSION THERAPY SUPPLIER","RENDERING AREA",--,MI,49684,"GRAND TRAVERSE"
O20260403000172,"MUNSON MEDICAL CENTER","1105 6TH ST","HOME INFUSION","TRAVERSE CITY",MI,49684-2345,"(231) 935-5999","HOME INFUSION THERAPY SUPPLIER","RENDERING AREA",--,MI,49626,MANISTEE
O20250213001979,"CHARTWELL PENNSYLVANIA, LP","1001 OAKDALE RD",--,OAKDALE,PA,15071-1502,"(412) 920-7500","HOME INFUSION THERAPY SUPPLIER","RENDERING AREA",--,IN,--,--
O20260403000172,"MUNSON MEDICAL CENTER","1105 6TH ST","HOME INFUSION","TRAVERSE CITY",MI,49684-2345,"(231) 935-5999","HOME INFUSION THERAPY SUPPLIER","RENDERING AREA",--,MI,49657,MISSAUKEE
O20260403000172,"MUNSON MEDICAL CENTER","1105 6TH ST","HOME INFUSION","TRAVERSE CITY",MI,49684-2345,"(231) 935-5999","HOME INFUSION THERAPY SUPPLIER","RENDERING AREA",--,MI,49646,KALKASKA
O20210303000913,"MEDILINK HOMECARE, INC.","129 N WHITE HORSE PIKE","STE 1",HAMMONTON,NJ,08037-1893,"(800) 984-1014","HOME INFUSION THERAPY SUPPLIER","RENDERING AREA",--,PA,--,--
O20201223001304,"HORIZON HOME CARE & HOSPICE","110 LONE OAK LN",--,HARTFORD,WI,53027-2600,"(414) 365-8300","HOME INFUSION THERAPY SUPPLIER","RENDERING AREA",--,WI,--,CALUMET
O20201223001304,"HORIZON HOME CARE & HOSPICE","3232 PLEASANT VALLEY RD",--,"WEST BEND",WI,53095-9274,"(414) 365-8300","HOME INFUSION THERAPY SUPPLIER","RENDERING AREA",--,WI,--,MANITOWOC
O20210226001747,"IVEDCO LLC","3000 KELLWAY DR","STE 110",CARROLLTON,TX,75006-3356,"(800) 333-0660","HOME INFUSION THERAPY SUPPLIER","RENDERING AREA",--,AR,--,--
O20210226001747,"IVEDCO LLC","10920 W SAM HOUSTON PKWY N","STE 800/950, KABAFUSION TX",HOUSTON,TX,77064-6322,"(877) 801-4087","HOME INFUSION THERAPY SUPPLIER","RENDERING AREA",--,GA,--,--
O20210226001747,"IVEDCO LLC","10920 W SAM HOUSTON PKWY N","STE 800/950, KABAFUSION TX",HOUSTON,TX,77064-6322,"(877) 801-4087","HOME INFUSION THERAPY SUPPLIER","RENDERING AREA",--,OK,--,--
O20251215002342,"DRUID CITY INFUSION","611 MCFARLAND BLVD","STE C",NORTHPORT,AL,35476-3333,"(205) 409-9601","HOME INFUSION THERAPY SUPPLIER","RENDERING AREA",--,AL,--,--
O20241218002477,"ETOWN INFUSION PHARMACY LLC","914 N DIXIE AVE","STE 101",ELIZABETHTOWN,KY,42701-2536,"(270) 506-2463","HOME INFUSION THERAPY SUPPLIER","RENDERING AREA",--,KY,--,--
O20210226000556,"KABAFUSION, INC.","223 WITMER RD",--,HORSHAM,PA,19044-2212,"(877) 629-4844","HOME INFUSION THERAPY SUPPLIER","RENDERING AREA",--,DE,--,--
O20241109000150,"HOMECARE RX INC","45 ROUTE 46","STE 610","PINE BROOK",NJ,07058-9390,"(877) 828-3940","HOME INFUSION THERAPY SUPPLIER","SUPPLIER GR. AREA",--,NJ,--,--
O20210326000312,"HOME CARE SERVICES INC","160 RARITAN CENTER PKWY","STE 18",EDISON,NJ,08837-3637,"(800) 383-8393","HOME INFUSION THERAPY SUPPLIER","RENDERING AREA",--,PA,--,--
O20210326000312,"HOME CARE SERVICES INC","160 RARITAN CENTER PKWY","STE 18",EDISON,NJ,08837-3637,"(800) 383-8393","HOME INFUSION THERAPY SUPPLIER","RENDERING AREA",--,NY,--,--
O20210326000312,"HOME CARE SERVICES INC","160 RARITAN CENTER PKWY","STE 18",EDISON,NJ,08837-3637,"(800) 383-8393","HOME INFUSION THERAPY SUPPLIER","RENDERING AREA",--,IN,--,--
O20210326000312,"HOME CARE SERVICES INC","160 RARITAN CENTER PKWY","STE 18",EDISON,NJ,08837-3637,"(800) 383-8393","HOME INFUSION THERAPY SUPPLIER","RENDERING AREA",--,NV,--,--
O20210326000312,"HOME CARE SERVICES INC","160 RARITAN CENTER PKWY","STE 18",EDISON,NJ,08837-3637,"(800) 383-8393","HOME INFUSION THERAPY SUPPLIER","RENDERING AREA",--,WI,--,--
O20210326000312,"HOME CARE SERVICES INC","160 RARITAN CENTER PKWY","STE 18",EDISON,NJ,08837-3637,"(800) 383-8393","HOME INFUSION THERAPY SUPPLIER","RENDERING AREA",--,MA,--,--
O20250129000262,"THE EAST ALABAMA HEALTH CARE AUTHORITY","1171 GATEWOOD DR","STE 1200",AUBURN,AL,36830-1817,"(334) 528-3950","HOME INFUSION THERAPY SUPPLIER","RENDERING AREA",--,GA,--,--
O20260626003735,"SUPPORT HOME HEALTH CARE LLC","2300 N BARRINGTON RD STE 400",--,"HOFFMAN ESTATES",IL,60169-2036,"(224) 254-4393","HOME INFUSION THERAPY SUPPLIER","RENDERING AREA",--,IL,--,LAKE
O20260903004105,"COLQUITT REGIONAL MEDICAL CENTER","13 HOSPITAL PARK",--,MOULTRIE,GA,31768-6772,"(229) 891-9013","HOME INFUSION THERAPY SUPPLIER","RENDERING AREA",--,GA,--,--
O20210317000821,"KABAFUSION INC","220 BROOKS ST","STE 1",WORCESTER,MA,01606-3339,"(888) 727-2323","HOME INFUSION THERAPY SUPPLIER","RENDERING AREA",--,MN,--,--
O20210317000821,"KABAFUSION INC","220 BROOKS ST","STE 1",WORCESTER,MA,01606-3339,"(888) 727-2323","HOME INFUSION THERAPY SUPPLIER","RENDERING AREA",--,NY,--,--
O20201202000029,"INFUSION PARTNERS OF MELBOUR","3040 VENTURE LN","STE 103",MELBOURNE,FL,32934-8173,"(888) 420-1690","HOME INFUSION THERAPY SUPPLIER",--,--,--,--,--
O20210121000184,"I V SOLUTIONS LLC","165 HANSEN CT","STE 106","WOOD DALE",IL,60191-1110,8479454444-1110,"HOME INFUSION THERAPY SUPPLIER","RENDERING AREA",--,IL,--,KANKAKEE
O20220203001062,"MKARE MANAGEMENT INC","147 AUBURN RDG",--,"SPRING BRANCH",TX,78070-6001,"(210) 663-1886","HOME INFUSION THERAPY SUPPLIER","RENDERING AREA",--,TX,--,MEDINA
O20201214001821,"CRITICAL CARE SYSTEMS LLC","7850 S HARDY DR","STE 105",TEMPE,AZ,85284-1122,"(888) 897-9395","HOME INFUSION THERAPY SUPPLIER","RENDERING AREA",--,AZ,--,--
O20260127003422,"KABAFUSION TN LLC","2970 SIDCO DR",--,NASHVILLE,TN,37204-3715,"(877) 397-8341","HOME INFUSION THERAPY SUPPLIER","RENDERING AREA",--,TN,--,--
O20240122004305,"ELEVA RECOVERY LLC","CALLE SANTA CRUZ # 70","PLAZA SAN PABLO II",BAYAMON,PR,00961,"(787) 706-5255","HOME INFUSION THERAPY SUPPLIER","SUPPLIER GR. AREA",--,PR,--,--
O20220509002548,"FACTOR ONE SOURCE PHARM LLC","217 GLENN ST","STE 300",CUMBERLAND,MD,21502-2590,"(877) 828-3940","HOME INFUSION THERAPY SUPPLIER","RENDERING AREA",--,OK,--,--
O20220509002548,"FACTOR ONE SOURCE PHARM LLC","217 GLENN ST","STE 300",CUMBERLAND,MD,21502-2590,"(877) 828-3940","HOME INFUSION THERAPY SUPPLIER","RENDERING AREA",--,PA,--,--
O20220509002548,"FACTOR ONE SOURCE PHARM LLC","217 GLENN ST","STE 300",CUMBERLAND,MD,21502-2590,"(877) 828-3940","HOME INFUSION THERAPY SUPPLIER","RENDERING AREA",--,TN,--,--
O20220509002548,"FACTOR ONE SOURCE PHARM LLC","217 GLENN ST","STE 300",CUMBERLAND,MD,21502-2590,"(877) 828-3940","HOME INFUSION THERAPY SUPPLIER","RENDERING AREA",--,UT,--,--
O20220509002548,"FACTOR ONE SOURCE PHARM LLC","217 GLENN ST","STE 300",CUMBERLAND,MD,21502-2590,"(877) 828-3940","HOME INFUSION THERAPY SUPPLIER","RENDERING AREA",--,VA,--,--
O20220509002548,"FACTOR ONE SOURCE PHARM LLC","217 GLENN ST","STE 300",CUMBERLAND,MD,21502-2590,"(877) 828-3940","HOME INFUSION THERAPY SUPPLIER","RENDERING AREA",--,GA,--,--
O20210309002322,"PROVIDENCE HEALTH & SERVICES","840 ROYAL AVE","STE 120",MEDFORD,OR,97504-6461,"(541) 732-5566","HOME INFUSION THERAPY SUPPLIER","RENDERING AREA",--,OR,--,COLUMBIA
O20210309002322,"PROVIDENCE HEALTH & SERVICES","6410 NE HALSEY ST","STE 400",PORTLAND,OR,97213-4759,"(503) 215-4633","HOME INFUSION THERAPY SUPPLIER","RENDERING AREA",--,OR,--,DOUGLAS
O20210309002322,"PROVIDENCE HEALTH & SERVICES","840 ROYAL AVE","STE 120",MEDFORD,OR,97504-6461,"(541) 732-5566","HOME INFUSION THERAPY SUPPLIER","RENDERING AREA",--,OR,--,HARNEY
O20210309002322,"PROVIDENCE HEALTH & SERVICES","840 ROYAL AVE","STE 120",MEDFORD,OR,97504-6461,"(541) 732-5566","HOME INFUSION THERAPY SUPPLIER","RENDERING AREA",--,OR,--,WASCO
O20210309002322,"PROVIDENCE HEALTH & SERVICES","840 ROYAL AVE","STE 120",MEDFORD,OR,97504-6461,"(541) 732-5566","HOME INFUSION THERAPY SUPPLIER","RENDERING AREA",--,OR,--,YAMHILL
O20210309002322,"PROVIDENCE HEALTH & SERVICES","840 ROYAL AVE","STE 120",MEDFORD,OR,97504-6461,"(541) 732-5566","HOME INFUSION THERAPY SUPPLIER","RENDERING AREA",--,OR,--,LANE
O20230427001393,"EAST TEXAS PHC LLC","602 E WHALEY ST",--,LONGVIEW,TX,75601-6525,"(903) 753-2273","HOME INFUSION THERAPY SUPPLIER","RENDERING AREA",--,TX,--,CASS
O20230427001393,"EAST TEXAS PHC LLC","602 E WHALEY ST",--,LONGVIEW,TX,75601-6525,"(903) 753-2273","HOME INFUSION THERAPY SUPPLIER","RENDERING AREA",--,TX,--,FRANKLIN
O20230427001393,"EAST TEXAS PHC LLC","602 E WHALEY ST",--,LONGVIEW,TX,75601-6525,"(903) 753-2273","HOME INFUSION THERAPY SUPPLIER","RENDERING AREA",--,TX,--,MARION
O20241227002681,"KABAFUSION OH, LLC","4153 ARLINGATE PLZ",--,COLUMBUS,OH,43228-4115,"(877) 378-4063","HOME INFUSION THERAPY SUPPLIER","RENDERING AREA",--,OH,--,--
O20210216002291,"WALNUT HOME THERAPEUTICS INC","3500 HORIZON DR",--,"KING OF PRUSSIA",PA,19406-2659,"(215) 955-5200","HOME INFUSION THERAPY SUPPLIER","SUPPLIER GR. AREA",--,PA,--,--
O20210216002291,"WALNUT HOME THERAPEUTICS INC","3500 HORIZON DR",--,"KING OF PRUSSIA",PA,19406-2659,"(215) 955-5200","HOME INFUSION THERAPY SUPPLIER","RENDERING AREA",--,PA,--,--
O20210225000879,"KABAFUSION OF MI, LLC","3631 44TH ST SE","STE C",KENTWOOD,MI,49512-3971,"(866) 576-0326","HOME INFUSION THERAPY SUPPLIER","RENDERING AREA",--,MI,--,--
O20210323001847,"SOLEO HEALTH INC","9030 MONTGOMERY RD","STE D",CINCINNATI,OH,45242-7741,"(866) 346-9866","HOME INFUSION THERAPY SUPPLIER","RENDERING AREA",--,OH,--,--
O20220805001010,"HAN SAM CORP","36919 COOK ST","STE 102","PALM DESERT",CA,92211-6069,"(760) 340-3248","HOME INFUSION THERAPY SUPPLIER","RENDERING AREA",--,CA,--,--
O20220805001010,"HAN SAM CORP","16782 VON KARMAN AVE","STE 12",IRVINE,CA,92606-2417,"(949) 471-0164","HOME INFUSION THERAPY SUPPLIER","RENDERING AREA",--,CA,--,--
O20230403002670,"OHIO VALLEY MEDEX INC","700 E SPRING ST",--,"NEW ALBANY",IN,47150-2938,"(812) 944-9284","HOME INFUSION THERAPY SUPPLIER","SUPPLIER GR. AREA",--,IN,--,--
O20201201002897,"OPTION CARE ENTERPRISES INC","132 MISSION RANCH BLVD",--,CHICO,CA,95926-2186,"(800) 417-1337","HOME INFUSION THERAPY SUPPLIER","RENDERING AREA",--,CA,--,--
O20240328002376,"GRAND CANYON HOME HEALTH CAR","2432 W PEORIA AVE","STE 1073",PHOENIX,AZ,85029-4730,"(347) 458-8086","HOME INFUSION THERAPY SUPPLIER","RENDERING AREA",--,AZ,--,--
O20210301000117,"MED SHOP TOTAL CARE INC","470 E LOOP 281","MED SHOP TOTAL CARE PHARMACY",LONGVIEW,TX,75605-7939,"(903) 234-0080","HOME INFUSION THERAPY SUPPLIER","RENDERING AREA",--,TX,--,--
O20210319000101,"PRI-MED INFUSION SERVICES","5517 N CUMBERLAND AVE","STE 915",CHICAGO,IL,60656-4740,"(800) 831-7740","HOME INFUSION THERAPY SUPPLIER","RENDERING AREA",--,IL,--,--
O20221115000705,"ACCREDO HEALTH GROUP INC","45 ROUTE 46","STE 609","PINE BROOK",NJ,07058-9397,"(973) 276-0254","HOME INFUSION THERAPY SUPPLIER","RENDERING AREA",--,NJ,--,--
O20210217000391,"AMATUS HEALTH CARE LLC","2010 VALLEY VIEW LN","STE 200","FARMERS BRANCH",TX,75234-8915,"(972) 249-4999","HOME INFUSION THERAPY SUPPLIER","RENDERING AREA",MORRIS,TX,--,--
O20210217000391,"AMATUS HEALTH CARE LLC","2010 VALLEY VIEW LN","STE 200","FARMERS BRANCH",TX,75234-8915,"(972) 249-4999","HOME INFUSION THERAPY SUPPLIER","RENDERING AREA",WOOD,TX,--,--
O20210217000391,"AMATUS HEALTH CARE LLC","2010 VALLEY VIEW LN","STE 200","FARMERS BRANCH",TX,75234-8915,"(972) 249-4999","HOME INFUSION THERAPY SUPPLIER","RENDERING AREA",DALLAS,TX,--,--
O20210217000391,"AMATUS HEALTH CARE LLC","2010 VALLEY VIEW LN","STE 200","FARMERS BRANCH",TX,75234-8915,"(972) 249-4999","HOME INFUSION THERAPY SUPPLIER","RENDERING AREA",GREGG,TX,--,--
O20210217000391,"AMATUS HEALTH CARE LLC","2010 VALLEY VIEW LN","STE 200","FARMERS BRANCH",TX,75234-8915,"(972) 249-4999","HOME INFUSION THERAPY SUPPLIER","RENDERING AREA",SMITH,TX,--,--
O20210818002720,"PARAGON INFUSION CARE INC","3033 W PRESIDENT GEORGE BUSH HWY","STE 100-A",PLANO,TX,75075-5752,"(972) 588-1000","HOME INFUSION THERAPY SUPPLIER","RENDERING AREA",KENDALL,TX,--,--
O20210818002720,"PARAGON INFUSION CARE INC","3033 W PRESIDENT GEORGE BUSH HWY","STE 100-A",PLANO,TX,75075-5752,"(972) 588-1000","HOME INFUSION THERAPY SUPPLIER","RENDERING AREA",GONZALES,TX,--,--
O20210818002720,"PARAGON INFUSION CARE INC","3033 W PRESIDENT GEORGE BUSH HWY","STE 100-A",PLANO,TX,75075-5752,"(972) 588-1000","HOME INFUSION THERAPY SUPPLIER","RENDERING AREA",MEDINO,TX,--,--
O20210818002720,"PARAGON INFUSION CARE INC","3033 W PRESIDENT GEORGE BUSH HWY","STE 100-A",PLANO,TX,75075-5752,"(972) 588-1000","HOME INFUSION THERAPY SUPPLIER","RENDERING AREA",KERR,TX,--,--
O20210818002720,"PARAGON INFUSION CARE INC","3033 W PRESIDENT GEORGE BUSH HWY","STE 100-A",PLANO,TX,75075-5752,"(972) 588-1000","HOME INFUSION THERAPY SUPPLIER","RENDERING AREA",GILLESPIE,TX,--,--
O20210326000312,"HOME CARE SERVICES INC","160 RARITAN CENTER PKWY","STE 18",EDISON,NJ,08837-3637,"(800) 383-8393","HOME INFUSION THERAPY SUPPLIER","RENDERING AREA",--,VA,--,--
O20210416000228,"CATHOLIC HEALTH SYSTEM INFUS","6350 TRANSIT RD",--,DEPEW,NY,14043-1039,"(716) 685-4870","HOME INFUSION THERAPY SUPPLIER","RENDERING AREA",FARNHAM,NY,--,--
O20210416000228,"CATHOLIC HEALTH SYSTEM INFUS","6350 TRANSIT RD",--,DEPEW,NY,14043-1039,"(716) 685-4870","HOME INFUSION THERAPY SUPPLIER","RENDERING AREA",GOWANDA,NY,--,--
O20210416000228,"CATHOLIC HEALTH SYSTEM INFUS","6350 TRANSIT RD",--,DEPEW,NY,14043-1039,"(716) 685-4870","HOME INFUSION THERAPY SUPPLIER","RENDERING AREA",SPRINGVILLE,NY,--,--
O20210416000228,"CATHOLIC HEALTH SYSTEM INFUS","6350 TRANSIT RD",--,DEPEW,NY,14043-1039,"(716) 685-4870","HOME INFUSION THERAPY SUPPLIER","RENDERING AREA",COWLESVILLE,NY,--,--
O20210416000228,"CATHOLIC HEALTH SYSTEM INFUS","6350 TRANSIT RD",--,DEPEW,NY,14043-1039,"(716) 685-4870","HOME INFUSION THERAPY SUPPLIER","RENDERING AREA",LAWTONS,NY,--,--
O20210416000228,"CATHOLIC HEALTH SYSTEM INFUS","6350 TRANSIT RD",--,DEPEW,NY,14043-1039,"(716) 685-4870","HOME INFUSION THERAPY SUPPLIER","RENDERING AREA",SARDINIA,NY,--,--
O20210907000305,"KABAFUSION NY, LLC","12 JUPITER LN","STE 6",ALBANY,NY,12205-6918,"(800) 238-2247","HOME INFUSION THERAPY SUPPLIER","RENDERING AREA",--,NY,--,--
O20220810003389,"EVERCARE CHOICE INC","31 CERONE PL",--,NEWBURGH,NY,12550-5104,"(845) 569-0500","HOME INFUSION THERAPY SUPPLIER","RENDERING AREA",--,NY,--,ORANGE
O20210224002590,"UNIVERSITY PROFESSIONAL SERV","9317 SW NIMBUS AVE",--,BEAVERTON,OR,97008-7146,"(503) 346-3850","HOME INFUSION THERAPY SUPPLIER","RENDERING AREA",--,OR,--,--
O20201117000563,"INFINITY CARE SERVICES, INC.","1325 N CENTER ST","STE 2A",STOCKTON,CA,95202-1020,"(800) 294-1461","HOME INFUSION THERAPY SUPPLIER","RENDERING AREA",--,CA,--,"SAN JOAQUIN"
O20210324000505,"OPTUM INFUSION SERVICES 207","6767 OLD MADISON PIKE NW","STE 305",HUNTSVILLE,AL,35806-2173,"(256) 534-4663","HOME INFUSION THERAPY SUPPLIER","RENDERING AREA",--,AL,--,--
O20210204002060,"SUTTER VISITING NURSE ASSOC","1105 ATLANTIC AVE","STE 102",ALAMEDA,CA,94501-1184,"(510) 450-8900","HOME INFUSION THERAPY SUPPLIER","RENDERING AREA",--,CA,--,STANISLAUS
O20201207002573,"CRESCENT HEALTHCARE INC","11980 TELEGRAPH RD","STE 100","SANTA FE SPRINGS",CA,90670-6089,"(800) 879-4844","HOME INFUSION THERAPY SUPPLIER","RENDERING AREA",--,CA,--,--
O20201207001175,"OPTION CARE ENTERPRISES INC","10924 JOHN GALT BLVD",--,OMAHA,NE,68137-2309,"(800) 279-0980","HOME INFUSION THERAPY SUPPLIER","RENDERING AREA",--,NE,--,--
O20210326000312,"HOME CARE SERVICES INC","160 RARITAN CENTER PKWY","STE 18",EDISON,NJ,08837-3637,"(800) 383-8393","HOME INFUSION THERAPY SUPPLIER","RENDERING AREA",--,NJ,--,--
O20210728002308,"XINIM CORPORATION","1702 RIDGEWOOD AVE","STE C","HOLLY HILL",FL,32117-1783,3866777377-4,"HOME INFUSION THERAPY SUPPLIER","SUPPLIER GR. AREA",--,FL,--,--
O20210120002228,"ALDESI OF FLORIDA, INC.","1800 SW 1ST ST","STE 205",MIAMI,FL,33135-1945,"(305) 817-5559","HOME INFUSION THERAPY SUPPLIER","RENDERING AREA",--,FL,--,MIAMI-DADE
O20210106001584,"NUFACTOR INC","1601 OLD GREENSBORO RD","STE B",KERNERSVILLE,NC,27284-6855,"(844) 871-4773","HOME INFUSION THERAPY SUPPLIER","SUPPLIER GR. AREA",--,NC,--,--
O20201214001681,"CRITICAL CARE SYSTEMS LLC","2233 S PRESIDENTS DR","STE B","SALT LAKE CITY",UT,84120-7244,"(866) 978-9600","HOME INFUSION THERAPY SUPPLIER","RENDERING AREA",--,UT,--,--
O20210113001768,"VISITING NURSE ASSOC OF WI","116 N DODGE ST","STE 6",BURLINGTON,WI,53105-1963,"(800) 862-2201","HOME INFUSION THERAPY SUPPLIER","RENDERING AREA",--,WI,--,DOOR
O20210113001768,"VISITING NURSE ASSOC OF WI","11333 W NATIONAL AVE",--,"WEST ALLIS",WI,53227-3111,"(414) 327-2295","HOME INFUSION THERAPY SUPPLIER","RENDERING AREA",--,WI,--,"FOND DU LAC"
O20210113001768,"VISITING NURSE ASSOC OF WI","931 DISCOVERY RD",--,"GREEN BAY",WI,54311-8002,"(920) 288-5100","HOME INFUSION THERAPY SUPPLIER","RENDERING AREA",--,WI,--,OUTAGAMIE
O20210326001947,"PROVIDENCE HEALTH & SERVICES","15918 E EUCLID AVE",--,"SPOKANE VALLEY",WA,99216-1815,"(509) 924-1826","HOME INFUSION THERAPY SUPPLIER","SUPPLIER GR. AREA",--,ID,--,CLEARWATER
O20210721002875,"SENTARA ENTERPRISES","535 INDEPENDENCE PKWY","STE 300",CHESAPEAKE,VA,23320-5176,"(757) 553-3000","HOME INFUSION THERAPY SUPPLIER","RENDERING AREA",SUFFOLK,VA,--,--
O20210326001947,"PROVIDENCE HEALTH & SERVICES","3333 S 120TH PL","STE 100",TUKWILA,WA,98168-5134,"(425) 687-4400","HOME INFUSION THERAPY SUPPLIER","SUPPLIER GR. AREA",--,ID,--,LEWIS
O20210326001947,"PROVIDENCE HEALTH & SERVICES","3333 S 120TH PL","STE 100",TUKWILA,WA,98168-5134,"(425) 687-4400","HOME INFUSION THERAPY SUPPLIER","SUPPLIER GR. AREA",--,ID,--,KOOTENAI
O20210326001947,"PROVIDENCE HEALTH & SERVICES","15918 E EUCLID AVE",--,"SPOKANE VALLEY",WA,99216-1815,"(509) 924-1826","HOME INFUSION THERAPY SUPPLIER","SUPPLIER GR. AREA",--,OR,--,UMATILLA
O20210326001947,"PROVIDENCE HEALTH & SERVICES","15918 E EUCLID AVE",--,"SPOKANE VALLEY",WA,99216-1815,"(509) 924-1826","HOME INFUSION THERAPY SUPPLIER","RENDERING AREA",--,WA,--,CHELAN
O20210326001947,"PROVIDENCE HEALTH & SERVICES","3333 S 120TH PL","STE 100",TUKWILA,WA,98168-5134,"(425) 687-4400","HOME INFUSION THERAPY SUPPLIER","RENDERING AREA",--,WA,--,GRANT
O20210326001947,"PROVIDENCE HEALTH & SERVICES","15918 E EUCLID AVE",--,"SPOKANE VALLEY",WA,99216-1815,"(509) 924-1826","HOME INFUSION THERAPY SUPPLIER","RENDERING AREA",--,WA,--,SPOKANE
O20210326001947,"PROVIDENCE HEALTH & SERVICES","15918 E EUCLID AVE",--,"SPOKANE VALLEY",WA,99216-1815,"(509) 924-1826","HOME INFUSION THERAPY SUPPLIER","SUPPLIER GR. AREA",--,MT,--,"SILVER BOW"
O20210326001947,"PROVIDENCE HEALTH & SERVICES","15918 E EUCLID AVE",--,"SPOKANE VALLEY",WA,99216-1815,"(509) 924-1826","HOME INFUSION THERAPY SUPPLIER","RENDERING AREA",--,WA,--,"PEND OREILLE"
O20210326001947,"PROVIDENCE HEALTH & SERVICES","3333 S 120TH PL","STE 100",TUKWILA,WA,98168-5134,"(425) 687-4400","HOME INFUSION THERAPY SUPPLIER","RENDERING AREA",--,WA,--,FRANKLIN
O20210326001947,"PROVIDENCE HEALTH & SERVICES","15918 E EUCLID AVE",--,"SPOKANE VALLEY",WA,99216-1815,"(509) 924-1826","HOME INFUSION THERAPY SUPPLIER","RENDERING AREA",--,WA,--,FRANKLIN
O20210326001947,"PROVIDENCE HEALTH & SERVICES","15918 E EUCLID AVE",--,"SPOKANE VALLEY",WA,99216-1815,"(509) 924-1826","HOME INFUSION THERAPY SUPPLIER","RENDERING AREA",--,WA,--,BENTON
O20210326001947,"PROVIDENCE HEALTH & SERVICES","3333 S 120TH PL","STE 100",TUKWILA,WA,98168-5134,"(425) 687-4400","HOME INFUSION THERAPY SUPPLIER","RENDERING AREA",--,WA,--,ASOTIN
O20210326001947,"PROVIDENCE HEALTH & SERVICES","15918 E EUCLID AVE",--,"SPOKANE VALLEY",WA,99216-1815,"(509) 924-1826","HOME INFUSION THERAPY SUPPLIER","RENDERING AREA",--,WA,--,ASOTIN
O20210326001947,"PROVIDENCE HEALTH & SERVICES","3333 S 120TH PL","STE 100",TUKWILA,WA,98168-5134,"(425) 687-4400","HOME INFUSION THERAPY SUPPLIER","RENDERING AREA",--,WA,--,THURSTON
O20210326001947,"PROVIDENCE HEALTH & SERVICES","3333 S 120TH PL","STE 100",TUKWILA,WA,98168-5134,"(425) 687-4400","HOME INFUSION THERAPY SUPPLIER","RENDERING AREA",--,WA,--,CLALLAM
O20210211000181,"OPTUM INFUSION SVCS 103 LLC","9204 BERGER RD","STE A",COLUMBIA,MD,21046-1729,"(800) 715-6650","HOME INFUSION THERAPY SUPPLIER","RENDERING AREA",--,MD,--,--
O20210204001682,"I. V. CARE OF MIDDLE GEORGIA","151 COLLEGE ST","STE A",MACON,GA,31201-1655,"(478) 743-8997","HOME INFUSION THERAPY SUPPLIER","RENDERING AREA",--,GA,--,HARRIS
O20210326001947,"PROVIDENCE HEALTH & SERVICES","3333 S 120TH PL","STE 100",TUKWILA,WA,98168-5134,"(425) 687-4400","HOME INFUSION THERAPY SUPPLIER","RENDERING AREA",--,WA,--,PACIFIC
O20210326001947,"PROVIDENCE HEALTH & SERVICES","15918 E EUCLID AVE",--,"SPOKANE VALLEY",WA,99216-1815,"(509) 924-1826","HOME INFUSION THERAPY SUPPLIER","RENDERING AREA",--,WA,--,JEFFERSON
O20210212002222,"REGIONCARE INC","200 COMMUNITY DR",--,"GREAT NECK",NY,11021-5510,"(516) 414-3900","HOME INFUSION THERAPY SUPPLIER","RENDERING AREA",--,NY,--,BRONX
O20210212002222,"REGIONCARE INC","200 COMMUNITY DR",--,"GREAT NECK",NY,11021-5510,"(516) 414-3900","HOME INFUSION THERAPY SUPPLIER","RENDERING AREA",--,NY,--,NASSAU
O20210212002222,"REGIONCARE INC","200 COMMUNITY DR",--,"GREAT NECK",NY,11021-5510,"(516) 414-3900","HOME INFUSION THERAPY SUPPLIER","RENDERING AREA",--,NY,--,DUTCHESS
O20210212002222,"REGIONCARE INC","200 COMMUNITY DR",--,"GREAT NECK",NY,11021-5510,"(516) 414-3900","HOME INFUSION THERAPY SUPPLIER","RENDERING AREA",--,NY,--,ORANGE
O20210128000309,"EHS HOME HEALTH CARE SERVICE","2311 W 22ND ST","STE 300","OAK BROOK",IL,60523-4103,"(630) 963-7900","HOME INFUSION THERAPY SUPPLIER","RENDERING AREA",--,IL,--,GRUNDY
O20210204001682,"I. V. CARE OF MIDDLE GEORGIA","151 COLLEGE ST","STE A",MACON,GA,31201-1655,"(478) 743-8997","HOME INFUSION THERAPY SUPPLIER","RENDERING AREA",--,GA,--,MUSCOGEE
O20210204001682,"I. V. CARE OF MIDDLE GEORGIA","151 COLLEGE ST","STE A",MACON,GA,31201-1655,"(478) 743-8997","HOME INFUSION THERAPY SUPPLIER","RENDERING AREA",--,GA,--,CRAWFORD
O20210204001682,"I. V. CARE OF MIDDLE GEORGIA","151 COLLEGE ST","STE A",MACON,GA,31201-1655,"(478) 743-8997","HOME INFUSION THERAPY SUPPLIER","RENDERING AREA",--,GA,--,BALDWIN
O20210204001682,"I. V. CARE OF MIDDLE GEORGIA","151 COLLEGE ST","STE A",MACON,GA,31201-1655,"(478) 743-8997","HOME INFUSION THERAPY SUPPLIER","RENDERING AREA",--,GA,--,BULLOCH
O20220308000669,"SPHINX PHAR GRP WEBSTER INC","3569 BUSINESS CENTER DR","STE 130 PYRA INF CTR",PEARLAND,TX,77584-1914,"(832) 932-5836","HOME INFUSION THERAPY SUPPLIER","SUPPLIER GR. AREA",--,TX,--,--
O20220308000669,"SPHINX PHAR GRP WEBSTER INC","3569 BUSINESS CENTER DR","STE 130 PYRA INF CTR",PEARLAND,TX,77584-1914,"(832) 932-5836","HOME INFUSION THERAPY SUPPLIER","RENDERING AREA",--,TX,--,--
O20210427001419,"OPTUM INFUSION SVCS 500 INC","4620 S SAM HOUSTON PKWY W","STE 440",HOUSTON,TX,77053-2608,"(800) 980-6968","HOME INFUSION THERAPY SUPPLIER","RENDERING AREA",--,TX,--,--
O20210818002720,"PARAGON INFUSION CARE INC","3033 W PRESIDENT GEORGE BUSH HWY","STE 100-A",PLANO,TX,75075-5752,"(972) 588-1000","HOME INFUSION THERAPY SUPPLIER","RENDERING AREA",AUSTIN,TX,--,--
O20210818002720,"PARAGON INFUSION CARE INC","3033 W PRESIDENT GEORGE BUSH HWY","STE 100-A",PLANO,TX,75075-5752,"(972) 588-1000","HOME INFUSION THERAPY SUPPLIER","RENDERING AREA",BRAZORIA,TX,--,--
O20210818002720,"PARAGON INFUSION CARE INC","3033 W PRESIDENT GEORGE BUSH HWY","STE 100-A",PLANO,TX,75075-5752,"(972) 588-1000","HOME INFUSION THERAPY SUPPLIER","RENDERING AREA",HARRIS,TX,--,--
O20210204002060,"SUTTER VISITING NURSE ASSOC","8318 FERGUSON AVE",--,SACRAMENTO,CA,95828-0902,"(916) 379-3200","HOME INFUSION THERAPY SUPPLIER","RENDERING AREA",--,CA,--,"EL DORADO"
O20210204002060,"SUTTER VISITING NURSE ASSOC","1105 ATLANTIC AVE","STE 102",ALAMEDA,CA,94501-1184,"(510) 450-8900","HOME INFUSION THERAPY SUPPLIER","RENDERING AREA",--,CA,--,MERCED
O20210204002060,"SUTTER VISITING NURSE ASSOC","8318 FERGUSON AVE",--,SACRAMENTO,CA,95828-0902,"(916) 379-3200","HOME INFUSION THERAPY SUPPLIER","RENDERING AREA",--,CA,--,"SAN MATEO"
O20210204002060,"SUTTER VISITING NURSE ASSOC","1105 ATLANTIC AVE","STE 102",ALAMEDA,CA,94501-1184,"(510) 450-8900","HOME INFUSION THERAPY SUPPLIER","RENDERING AREA",--,CA,--,SONOMA
O20210106001394,"CONTINUUMRX INC","2 PERIMETER PARK S","STE 250E",BIRMINGHAM,AL,35243-3388,"(800) 665-2850","HOME INFUSION THERAPY SUPPLIER","RENDERING AREA",--,AL,--,--
O20210312002356,"LOMA LINDA UNIVERSITY MEDICA","11255 MOUNTAIN VIEW AVE","STE A","LOMA LINDA",CA,92354-3809,"(909) 558-3088","HOME INFUSION THERAPY SUPPLIER","RENDERING AREA",--,CA,--,"SAN BERNARDINO"
O20210114000258,"SOLEO HEALTH INC","2100 RIVERCHASE CTR",--,HOOVER,AL,35244-1858,"(205) 994-7103","HOME INFUSION THERAPY SUPPLIER","RENDERING AREA",--,AL,--,--
O20210428002102,"ORION HOME HEALTH INC","5836 LINCOLN AVE","STE 120","MORTON GROVE",IL,60053-3351,"(847) 410-0240","HOME INFUSION THERAPY SUPPLIER","RENDERING AREA",--,IL,--,WILL
O20211001000860,"AMERICARE PHARMACEUTICAL SERVICES,INC.","317 NASSAU BLVD",--,"GARDEN CITY SOUTH",NY,11530-5313,"(516) 292-7948","HOME INFUSION THERAPY SUPPLIER","RENDERING AREA",--,NY,--,BRONX
O20210721002875,"SENTARA ENTERPRISES","535 INDEPENDENCE PKWY","STE 300",CHESAPEAKE,VA,23320-5176,"(757) 553-3000","HOME INFUSION THERAPY SUPPLIER","RENDERING AREA",WINDSOR,VA,--,--
O20210721002875,"SENTARA ENTERPRISES","535 INDEPENDENCE PKWY","STE 300",CHESAPEAKE,VA,23320-5176,"(757) 553-3000","HOME INFUSION THERAPY SUPPLIER","RENDERING AREA",BOYKINS,VA,--,--
O20210923002377,"PATHWRITE INC","8601 CROSS PARK DR","STE 400",AUSTIN,TX,78754-4578,"(512) 823-2000","HOME INFUSION THERAPY SUPPLIER","RENDERING AREA",--,TX,--,GILLESPIE
O20210923002377,"PATHWRITE INC","8601 CROSS PARK DR","STE 400",AUSTIN,TX,78754-4578,"(512) 823-2000","HOME INFUSION THERAPY SUPPLIER","RENDERING AREA",--,TX,--,MCLENNAN
O20210923002377,"PATHWRITE INC","8601 CROSS PARK DR","STE 400",AUSTIN,TX,78754-4578,"(512) 823-2000","HOME INFUSION THERAPY SUPPLIER","RENDERING AREA",--,TX,--,WILLIAMSON
O20210610000830,"ACCREDO HEALTH GROUP INC","4343 W ROYAL LN","STE 124",IRVING,TX,75063-2299,"(972) 929-6800","HOME INFUSION THERAPY SUPPLIER","RENDERING AREA",--,TX,--,--
O20201209000620,"UNIVERSITY OF KS AUTHORITY","11300 CORPORATE AVE","STE 160",LENEXA,KS,66219-1365,"(913) 588-2600","HOME INFUSION THERAPY SUPPLIER","RENDERING AREA",--,KS,--,NEMAHA
O20201209000620,"UNIVERSITY OF KS AUTHORITY","11300 CORPORATE AVE","STE 160",LENEXA,KS,66219-1365,"(913) 588-2600","HOME INFUSION THERAPY SUPPLIER","SUPPLIER GR. AREA",--,KS,--,JEFFERSON
O20201209000620,"UNIVERSITY OF KS AUTHORITY","11300 CORPORATE AVE","STE 160",LENEXA,KS,66219-1365,"(913) 588-2600","HOME INFUSION THERAPY SUPPLIER","SUPPLIER GR. AREA",--,KS,--,SHAWNEE
O20210609003237,"RED RIVER PHARM OF JONESBORO","2908 S CARAWAY RD",--,JONESBORO,AR,72401-7346,"(870) 336-2195","HOME INFUSION THERAPY SUPPLIER","RENDERING AREA",--,AR,--,CROSS
O20210609003237,"RED RIVER PHARM OF JONESBORO","2908 S CARAWAY RD",--,JONESBORO,AR,72401-7346,"(870) 336-2195","HOME INFUSION THERAPY SUPPLIER","RENDERING AREA",--,AR,--,JACKSON
O20210609003237,"RED RIVER PHARM OF JONESBORO","2908 S CARAWAY RD",--,JONESBORO,AR,72401-7346,"(870) 336-2195","HOME INFUSION THERAPY SUPPLIER","RENDERING AREA",--,AR,--,LAWRENCE
O20210609003237,"RED RIVER PHARM OF JONESBORO","2908 S CARAWAY RD",--,JONESBORO,AR,72401-7346,"(870) 336-2195","HOME INFUSION THERAPY SUPPLIER","RENDERING AREA",--,AR,--,SHARP
O20201202001932,"OPTION CARE ENTERPRISES INC","11650 MIRAMAR PKWY, STE 100","OPTION CARE",MIRAMAR,FL,33025-5821,"(800) 683-5252","HOME INFUSION THERAPY SUPPLIER","RENDERING AREA",--,FL,--,--
O20210122001346,"WELLSCRIPT INC","2025 COURT ST","STE D",REDDING,CA,96001-1805,"(530) 225-8898","HOME INFUSION THERAPY SUPPLIER","RENDERING AREA",--,CA,--,SISKIYOU
O20210721002875,"SENTARA ENTERPRISES","535 INDEPENDENCE PKWY","STE 300",CHESAPEAKE,VA,23320-5176,"(757) 553-3000","HOME INFUSION THERAPY SUPPLIER","RENDERING AREA",BARHAMSVILLE,VA,--,--
O20210211002538,"SOUTHEASTERN HOME HEALTH CARE, LLC","7502 LEE DAVIS RD",--,MECHANICSVILLE,VA,23111-3603,"(804) 769-1380","HOME INFUSION THERAPY SUPPLIER","RENDERING AREA",--,VA,--,"KING WILLIAM"
O20210211002538,"SOUTHEASTERN HOME HEALTH CARE, LLC","7502 LEE DAVIS RD",--,MECHANICSVILLE,VA,23111-3603,"(804) 769-1380","HOME INFUSION THERAPY SUPPLIER","RENDERING AREA",--,VA,--,"NEW KENT"
O20210211002538,"SOUTHEASTERN HOME HEALTH CARE, LLC","7502 LEE DAVIS RD",--,MECHANICSVILLE,VA,23111-3603,"(804) 769-1380","HOME INFUSION THERAPY SUPPLIER","SUPPLIER GR. AREA",--,VA,--,CAROLINE
O20210211002538,"SOUTHEASTERN HOME HEALTH CARE, LLC","7502 LEE DAVIS RD",--,MECHANICSVILLE,VA,23111-3603,"(804) 769-1380","HOME INFUSION THERAPY SUPPLIER","SUPPLIER GR. AREA",--,VA,--,CHESTERFIELD
O20210211002538,"SOUTHEASTERN HOME HEALTH CARE, LLC","7502 LEE DAVIS RD",--,MECHANICSVILLE,VA,23111-3603,"(804) 769-1380","HOME INFUSION THERAPY SUPPLIER","SUPPLIER GR. AREA",--,VA,--,"KING WILLIAM"
O20210105001419,"TRUSTEES OF THE UNIV OF PA","625 CLARK AVE STE 10","PENN HOME INFUSION THERAPY","KING OF PRUSSIA",PA,19406-4025,"(610) 992-3920","HOME INFUSION THERAPY SUPPLIER","RENDERING AREA",--,PA,--,CHESTER
O20210105001419,"TRUSTEES OF THE UNIV OF PA","625 CLARK AVE STE 10","PENN HOME INFUSION THERAPY","KING OF PRUSSIA",PA,19406-4025,"(610) 992-3920","HOME INFUSION THERAPY SUPPLIER","RENDERING AREA",--,PA,--,MONTGOMERY
O20210105001419,"TRUSTEES OF THE UNIV OF PA","1070 NEW HOLLAND AVE",--,LANCASTER,PA,17601-5606,"(717) 544-3590","HOME INFUSION THERAPY SUPPLIER","RENDERING AREA",--,PA,--,NORTHAMPTON
O20210408001566,"FLORIDA HOSPITAL HOME INFUSI","556 FLORIDA CENTRAL PKWY","STE 1044",LONGWOOD,FL,32750-5177,"(407) 865-5489","HOME INFUSION THERAPY SUPPLIER","RENDERING AREA",--,FL,--,OSCEOLA
O20210607001695,"RED RIVER PHARM OF LITTLE RO","1515 S BOWMAN RD","STE B","LITTLE ROCK",AR,72211-4227,"(501) 907-8949","HOME INFUSION THERAPY SUPPLIER","RENDERING AREA",--,AR,--,PULASKI
O20210113001449,"INFUSCIENCE SOUTH CAROLINA LLC","7001 CHATHAM CENTER DR","STE 2000",SAVANNAH,GA,31405-1372,"(855) 238-1881","HOME INFUSION THERAPY SUPPLIER","RENDERING AREA",--,GA,--,--
O20210625001423,"VISITING NURSING ASSOCIATION OF WESTERN NEW YORK, INC.","650 AIRBORNE PKWY",--,CHEEKTOWAGA,NY,14225-1434,7166308000-8662,"HOME INFUSION THERAPY SUPPLIER","RENDERING AREA",--,NY,--,CATTARAUGUS
O20210625001423,"VISITING NURSING ASSOCIATION OF WESTERN NEW YORK, INC.","650 AIRBORNE PKWY",--,CHEEKTOWAGA,NY,14225-1434,7166308000-8662,"HOME INFUSION THERAPY SUPPLIER","RENDERING AREA",--,NY,--,STEUBEN
O20210818002720,"PARAGON INFUSION CARE INC","3033 W PRESIDENT GEORGE BUSH HWY","STE 100-A",PLANO,TX,75075-5752,"(972) 588-1000","HOME INFUSION THERAPY SUPPLIER","RENDERING AREA",TARRANT,TX,--,--
O20201223001304,"HORIZON HOME CARE & HOSPICE","13111 N PORT WASHINGTON RD",--,MEQUON,WI,53097-2416,"(414) 365-8300","HOME INFUSION THERAPY SUPPLIER","SUPPLIER GR. AREA",--,WI,--,OZAUKEE
O20201223001304,"HORIZON HOME CARE & HOSPICE","11002 W PARK PL",--,MILWAUKEE,WI,53224-3615,"(414) 365-8300","HOME INFUSION THERAPY SUPPLIER","SUPPLIER GR. AREA",--,WI,--,WASHINGTON
O20201223001304,"HORIZON HOME CARE & HOSPICE","112 E DREXEL AVE",--,"OAK CREEK",WI,53154-2123,"(414) 365-8300","HOME INFUSION THERAPY SUPPLIER","SUPPLIER GR. AREA",--,WI,--,WASHINGTON
O20201223001304,"HORIZON HOME CARE & HOSPICE","11002 W PARK PL",--,MILWAUKEE,WI,53224-3615,"(414) 365-8300","HOME INFUSION THERAPY SUPPLIER","RENDERING AREA",--,WI,--,DODGE
O20201223001304,"HORIZON HOME CARE & HOSPICE","8503 75TH ST","STE B",KENOSHA,WI,53142-7620,"(414) 365-8300","HOME INFUSION THERAPY SUPPLIER","RENDERING AREA",--,WI,--,DODGE
O20201223001304,"HORIZON HOME CARE & HOSPICE","13111 N PORT WASHINGTON RD",--,MEQUON,WI,53097-2416,"(414) 365-8300","HOME INFUSION THERAPY SUPPLIER","RENDERING AREA",--,WI,--,DODGE
O20201223001304,"HORIZON HOME CARE & HOSPICE","11002 W PARK PL",--,MILWAUKEE,WI,53224-3615,"(414) 365-8300","HOME INFUSION THERAPY SUPPLIER","RENDERING AREA",--,WI,--,JEFFERSON
O20201223001304,"HORIZON HOME CARE & HOSPICE","13111 N PORT WASHINGTON RD",--,MEQUON,WI,53097-2416,"(414) 365-8300","HOME INFUSION THERAPY SUPPLIER","RENDERING AREA",--,WI,--,JEFFERSON
O20201223001304,"HORIZON HOME CARE & HOSPICE","110 LONE OAK LN",--,HARTFORD,WI,53027-2600,"(414) 365-8300","HOME INFUSION THERAPY SUPPLIER","RENDERING AREA",--,WI,--,RACINE
O20201223001304,"HORIZON HOME CARE & HOSPICE","3232 PLEASANT VALLEY RD",--,"WEST BEND",WI,53095-9274,"(414) 365-8300","HOME INFUSION THERAPY SUPPLIER","RENDERING AREA",--,WI,--,RACINE
O20201223001304,"HORIZON HOME CARE & HOSPICE","3232 PLEASANT VALLEY RD",--,"WEST BEND",WI,53095-9274,"(414) 365-8300","HOME INFUSION THERAPY SUPPLIER","SUPPLIER GR. AREA",--,WI,--,"FOND DU LAC"
O20201223001304,"HORIZON HOME CARE & HOSPICE","11002 W PARK PL",--,MILWAUKEE,WI,53224-3615,"(414) 365-8300","HOME INFUSION THERAPY SUPPLIER","SUPPLIER GR. AREA",--,WI,--,SHEBOYGAN
O20201223001304,"HORIZON HOME CARE & HOSPICE","8503 75TH ST","STE B",KENOSHA,WI,53142-7620,"(414) 365-8300","HOME INFUSION THERAPY SUPPLIER","RENDERING AREA",--,WI,--,KENOSHA
O20201223001304,"HORIZON HOME CARE & HOSPICE","110 LONE OAK LN",--,HARTFORD,WI,53027-2600,"(414) 365-8300","HOME INFUSION THERAPY SUPPLIER","RENDERING AREA",--,WI,--,KENOSHA
O20201223001304,"HORIZON HOME CARE & HOSPICE","3232 PLEASANT VALLEY RD",--,"WEST BEND",WI,53095-9274,"(414) 365-8300","HOME INFUSION THERAPY SUPPLIER","RENDERING AREA",--,WI,--,SHEBOYGAN
O20201223001304,"HORIZON HOME CARE & HOSPICE","110 LONE OAK LN",--,HARTFORD,WI,53027-2600,"(414) 365-8300","HOME INFUSION THERAPY SUPPLIER","SUPPLIER GR. AREA",--,WI,--,DODGE
O20201223001304,"HORIZON HOME CARE & HOSPICE","13111 N PORT WASHINGTON RD",--,MEQUON,WI,53097-2416,"(414) 365-8300","HOME INFUSION THERAPY SUPPLIER","SUPPLIER GR. AREA",--,WI,--,DODGE
O20201223001304,"HORIZON HOME CARE & HOSPICE","11002 W PARK PL",--,MILWAUKEE,WI,53224-3615,"(414) 365-8300","HOME INFUSION THERAPY SUPPLIER","SUPPLIER GR. AREA",--,WI,--,WAUKESHA
O20201223001304,"HORIZON HOME CARE & HOSPICE","13111 N PORT WASHINGTON RD",--,MEQUON,WI,53097-2416,"(414) 365-8300","HOME INFUSION THERAPY SUPPLIER","RENDERING AREA",--,WI,--,WASHINGTON
O20201223001304,"HORIZON HOME CARE & HOSPICE","11002 W PARK PL",--,MILWAUKEE,WI,53224-3615,"(414) 365-8300","HOME INFUSION THERAPY SUPPLIER","RENDERING AREA",--,WI,--,OUTAGAMIE
O20201223001304,"HORIZON HOME CARE & HOSPICE","13111 N PORT WASHINGTON RD",--,MEQUON,WI,53097-2416,"(414) 365-8300","HOME INFUSION THERAPY SUPPLIER","SUPPLIER GR. AREA",--,WI,--,KENOSHA
O20210409001022,"CORAM HEALTHCARE/CAROLINA","720 GRACERN RD","STE 123",COLUMBIA,SC,29210-7657,"(803) 731-5076","HOME INFUSION THERAPY SUPPLIER","RENDERING AREA",--,SC,--,--
O20210107001134,"BIOSCRIP INFUSION SVCS","2600 MIDDLETOWN CMNS","STE 131",FAIRMONT,WV,26554-2859,"(800) 478-2938","HOME INFUSION THERAPY SUPPLIER","RENDERING AREA",--,WV,--,--
O20201125000937,"INFUSCIENCE, LLC","4151 LAFAYETTE CENTER DR","STE 600 BIOSCRIP INFUSION SERVICES",CHANTILLY,VA,20151-1230,"(888) 990-4638","HOME INFUSION THERAPY SUPPLIER","RENDERING AREA",--,DC,--,--
O20200519000276,"ACCEPTANCE HOME HEALTH LLC","8131 LYNDON B JOHNSON FWY","STE 750",DALLAS,TX,75251-1331,"(214) 257-8585","HOME INFUSION THERAPY SUPPLIER","SUPPLIER GR. AREA",--,TX,--,--
O20240814001956,"SOLEO HEALTH INC","500 HUNTMAR PARK DR","STE D",HERNDON,VA,20170-5147,"(703) 439-1000","HOME INFUSION THERAPY SUPPLIER","SUPPLIER GR. AREA",--,VA,--,--
O20240814004814,"KABAFUSION ME LLC","12 NORTHBROOK DR","BUILDING B, STE 1",FALMOUTH,ME,04105-1475,"(877) 373-1523","HOME INFUSION THERAPY SUPPLIER","RENDERING AREA",--,ME,--,--
O20240315001989,"EMILYS HOME HEALTH CARE INC","16461 SHERMAN WAY","STE 160","VAN NUYS",CA,91406-3810,"(818) 208-9388","HOME INFUSION THERAPY SUPPLIER","RENDERING AREA",--,CA,--,ORANGE
O20240606003561,"BIOLOGIC INFUSION INC","8851 WATSON ST","STE A",CYPRESS,CA,90630-2268,"(855) 855-3221","HOME INFUSION THERAPY SUPPLIER","RENDERING AREA",--,CA,--,--
O20230714001741,"ELITE INFUSION CARE LLC","1440 N HARBOR BLVD","STE 916",FULLERTON,CA,92835-4127,"(714) 519-6993","HOME INFUSION THERAPY SUPPLIER","SUPPLIER GR. AREA",--,CA,--,"SAN DIEGO"
O20230714001741,"ELITE INFUSION CARE LLC","1440 N HARBOR BLVD","STE 916",FULLERTON,CA,92835-4127,"(714) 519-6993","HOME INFUSION THERAPY SUPPLIER","RENDERING AREA",--,CA,--,"LOS ANGELES"
O20231213001612,"OPTION CARE HOME CARE INC","9401 CHIVERS AVE",--,"SUN VALLEY",CA,91352-2655,"(800) 800-4852","HOME INFUSION THERAPY SUPPLIER","RENDERING AREA",--,CA,--,--
O20231031001986,"HEALTHPROV L.L.C.","1505 CALLE DEL NORTE","STE 375",LAREDO,TX,78041-6040,"(956) 728-0411","HOME INFUSION THERAPY SUPPLIER","SUPPLIER GR. AREA",--,TX,--,WEBB
O20231031001986,"HEALTHPROV L.L.C.","1505 CALLE DEL NORTE","STE 375",LAREDO,TX,78041-6040,"(956) 728-0411","HOME INFUSION THERAPY SUPPLIER","SUPPLIER GR. AREA",--,TX,--,STARR
O20231031001986,"HEALTHPROV L.L.C.","1505 CALLE DEL NORTE","STE 375",LAREDO,TX,78041-6040,"(956) 728-0411","HOME INFUSION THERAPY SUPPLIER","RENDERING AREA",--,TX,--,WEBB
O20230320000743,"HERITAGE BIOLOGICS LLC","255 NW VICTORIA DR","STE B","LEES SUMMIT",MO,64086-4709,"(855) 937-7273","HOME INFUSION THERAPY SUPPLIER","RENDERING AREA",--,IN,--,--
O20230320000743,"HERITAGE BIOLOGICS LLC","255 NW VICTORIA DR","STE B","LEES SUMMIT",MO,64086-4709,"(855) 937-7273","HOME INFUSION THERAPY SUPPLIER","RENDERING AREA",--,IL,--,--
O20230320000743,"HERITAGE BIOLOGICS LLC","255 NW VICTORIA DR","STE B","LEES SUMMIT",MO,64086-4709,"(855) 937-7273","HOME INFUSION THERAPY SUPPLIER","RENDERING AREA",--,ND,--,--
O20230320000743,"HERITAGE BIOLOGICS LLC","255 NW VICTORIA DR","STE B","LEES SUMMIT",MO,64086-4709,"(855) 937-7273","HOME INFUSION THERAPY SUPPLIER","RENDERING AREA",--,TX,--,--
O20230320000743,"HERITAGE BIOLOGICS LLC","255 NW VICTORIA DR","STE B","LEES SUMMIT",MO,64086-4709,"(855) 937-7273","HOME INFUSION THERAPY SUPPLIER","RENDERING AREA",--,NJ,--,--
O20210326000312,"HOME CARE SERVICES INC","160 RARITAN CENTER PKWY","STE 18",EDISON,NJ,08837-3637,"(800) 383-8393","HOME INFUSION THERAPY SUPPLIER","RENDERING AREA",--,NC,--,--
O20250327003194,"PSG OF SARASOTA LLC","5315 AVION PARK DR","STE 120",TAMPA,FL,33607-1461,8446505802-201,"HOME INFUSION THERAPY SUPPLIER","RENDERING AREA",TAMPA,FL,33607-1461,--
O20240424002894,"PSG OF SARASOTA LLC","140 NORTHWAY CT",--,RALEIGH,NC,27615-4916,8446505802-201,"HOME INFUSION THERAPY SUPPLIER","SUPPLIER GR. AREA",RALEIGH,NC,27615-4916,--
O20220509002548,"FACTOR ONE SOURCE PHARM LLC","217 GLENN ST","STE 300",CUMBERLAND,MD,21502-2590,"(877) 828-3940","HOME INFUSION THERAPY SUPPLIER","SUPPLIER GR. AREA",--,MD,--,--
O20201223001304,"HORIZON HOME CARE & HOSPICE","11002 W PARK PL",--,MILWAUKEE,WI,53224-3615,"(414) 365-8300","HOME INFUSION THERAPY SUPPLIER","SUPPLIER GR. AREA",--,WI,--,CALUMET
O20230126002474,"MYMICHIGAN MEDICAL MIDLAND","4000 WELLNESS DR","STE H1344",MIDLAND,MI,48670-2000,"(989) 839-6256","HOME INFUSION THERAPY SUPPLIER","RENDERING AREA",--,MI,--,--
O20221128000976,"MEDILINK RXCARE HAMMONTON","44 S WHITE HORSE PIKE",--,HAMMONTON,NJ,08037-1845,"(609) 956-1900","HOME INFUSION THERAPY SUPPLIER","RENDERING AREA",--,NJ,--,CUMBERLAND
O20230320000743,"HERITAGE BIOLOGICS LLC","255 NW VICTORIA DR","STE B","LEES SUMMIT",MO,64086-4709,"(855) 937-7273","HOME INFUSION THERAPY SUPPLIER","RENDERING AREA",--,VT,--,--
O20230320000743,"HERITAGE BIOLOGICS LLC","255 NW VICTORIA DR","STE B","LEES SUMMIT",MO,64086-4709,"(855) 937-7273","HOME INFUSION THERAPY SUPPLIER","RENDERING AREA",--,AL,--,--
O20230320000743,"HERITAGE BIOLOGICS LLC","255 NW VICTORIA DR","STE B","LEES SUMMIT",MO,64086-4709,"(855) 937-7273","HOME INFUSION THERAPY SUPPLIER","RENDERING AREA",--,UT,--,--
O20260223003307,"HEALTHQUEST THERAPEUTICS LLC","1311 W SAM HOUSTON PKWY N","STE 100",HOUSTON,TX,77043-4016,"(832) 612-3500","HOME INFUSION THERAPY SUPPLIER","RENDERING AREA",--,TX,--,MONTGOMERY
O20260223003307,"HEALTHQUEST THERAPEUTICS LLC","1311 W SAM HOUSTON PKWY N","STE 100",HOUSTON,TX,77043-4016,"(832) 612-3500","HOME INFUSION THERAPY SUPPLIER","SUPPLIER GR. AREA",--,TX,--,HARRIS
O20260223003307,"HEALTHQUEST THERAPEUTICS LLC","1311 W SAM HOUSTON PKWY N","STE 100",HOUSTON,TX,77043-4016,"(832) 612-3500","HOME INFUSION THERAPY SUPPLIER","SUPPLIER GR. AREA",--,TX,--,JEFFERSON
O20260403000172,"MUNSON MEDICAL CENTER","1105 6TH ST","HOME INFUSION","TRAVERSE CITY",MI,49684-2345,"(231) 935-5999","HOME INFUSION THERAPY SUPPLIER","SUPPLIER GR. AREA",--,MI,--,MANISTEE
O20210324002584,"KABAFUSION AL, LLC","360F QUALITY CIR NW","STE 630",HUNTSVILLE,AL,35806-4546,"(800) 838-2464","HOME INFUSION THERAPY SUPPLIER","RENDERING AREA",--,FL,--,--
O20260310002763,"CURE STAT RX HOME INFUSION A","6725 MESA RIDGE RD","STE 230","SAN DIEGO",CA,92121-2925,"(858) 275-2144","HOME INFUSION THERAPY SUPPLIER","RENDERING AREA",--,CA,--,"SAN DIEGO"
O20210105001419,"TRUSTEES OF THE UNIV OF PA","1070 NEW HOLLAND AVE",--,LANCASTER,PA,17601-5606,"(717) 544-3590","HOME INFUSION THERAPY SUPPLIER","RENDERING AREA",--,PA,--,YORK
O20201223001304,"HORIZON HOME CARE & HOSPICE","112 E DREXEL AVE",--,"OAK CREEK",WI,53154-2123,"(414) 365-8300","HOME INFUSION THERAPY SUPPLIER","RENDERING AREA",--,WI,--,CALUMET
O20241114000048,"INFUCARE RX, LLC","2540 MARKET ST","STE 1","UPPER CHICHESTER",PA,19014-3437,"(877) 828-3940","HOME INFUSION THERAPY SUPPLIER","RENDERING AREA",--,NY,--,--
O20250909004448,"ACCURATE CARE INC.","275 12TH ST","STE 210",WHEELING,IL,60090-2015,"(847) 215-6155","HOME INFUSION THERAPY SUPPLIER","RENDERING AREA",--,IL,--,--
O20210830003236,"ACCESS HOME CARE","820 OAK HARBOR BLVD",--,SLIDELL,LA,70458-8825,"(985) 707-2790","HOME INFUSION THERAPY SUPPLIER","SUPPLIER GR. AREA",--,LA,--,--
O20241108002639,"DM CLINICAL COLLABORATIONS","6108 SAN FERNANDO RD",--,GLENDALE,CA,91201-2240,"(877) 828-3940","HOME INFUSION THERAPY SUPPLIER","RENDERING AREA",--,CA,--,--
O20210326000312,"HOME CARE SERVICES INC","160 RARITAN CENTER PKWY","STE 18",EDISON,NJ,08837-3637,"(800) 383-8393","HOME INFUSION THERAPY SUPPLIER","RENDERING AREA",--,OH,--,--
O20210326000312,"HOME CARE SERVICES INC","160 RARITAN CENTER PKWY","STE 18",EDISON,NJ,08837-3637,"(800) 383-8393","HOME INFUSION THERAPY SUPPLIER","RENDERING AREA",--,NH,--,--
O20210326000312,"HOME CARE SERVICES INC","160 RARITAN CENTER PKWY","STE 18",EDISON,NJ,08837-3637,"(800) 383-8393","HOME INFUSION THERAPY SUPPLIER","RENDERING AREA",--,RI,--,--
O20210308001462,"KABAFUSION AR LLC","3727 N INVESTMENT DR",--,FAYETTEVILLE,AR,72703-5479,"(866) 263-2770","HOME INFUSION THERAPY SUPPLIER","RENDERING AREA",--,MO,--,--
O20260727003577,"ONEIRO MANAGEMENT GROUP","8026 LORRAINE AVE","STE 207",STOCKTON,CA,95210-4224,"(209) 898-7345","HOME INFUSION THERAPY SUPPLIER","RENDERING AREA",--,CA,--,--
O20260626003735,"SUPPORT HOME HEALTH CARE LLC","2300 N BARRINGTON RD STE 400",--,"HOFFMAN ESTATES",IL,60169-2036,"(224) 254-4393","HOME INFUSION THERAPY SUPPLIER","RENDERING AREA",--,IL,--,COOK
O20210317000821,"KABAFUSION INC","220 BROOKS ST","STE 1",WORCESTER,MA,01606-3339,"(888) 727-2323","HOME INFUSION THERAPY SUPPLIER","RENDERING AREA",--,NH,--,--
O20210317000821,"KABAFUSION INC","220 BROOKS ST","STE 1",WORCESTER,MA,01606-3339,"(888) 727-2323","HOME INFUSION THERAPY SUPPLIER","RENDERING AREA",--,FL,--,--
O20210317000821,"KABAFUSION INC","220 BROOKS ST","STE 1",WORCESTER,MA,01606-3339,"(888) 727-2323","HOME INFUSION THERAPY SUPPLIER","RENDERING AREA",--,NJ,--,--
O20211124000941,"FAITH HOME HEALTHCARE LLC","271 US HIGHWAY 46",B-201,FAIRFIELD,NJ,07004-2430,"(973) 244-2480","HOME INFUSION THERAPY SUPPLIER",--,--,--,--,--
O20220203001062,"MKARE MANAGEMENT INC","147 AUBURN RDG",--,"SPRING BRANCH",TX,78070-6001,"(210) 663-1886","HOME INFUSION THERAPY SUPPLIER","RENDERING AREA",--,TX,--,HAYS
O20220509002548,"FACTOR ONE SOURCE PHARM LLC","217 GLENN ST","STE 300",CUMBERLAND,MD,21502-2590,"(877) 828-3940","HOME INFUSION THERAPY SUPPLIER","RENDERING AREA",--,NJ,--,--
O20220509002548,"FACTOR ONE SOURCE PHARM LLC","217 GLENN ST","STE 300",CUMBERLAND,MD,21502-2590,"(877) 828-3940","HOME INFUSION THERAPY SUPPLIER","RENDERING AREA",--,NY,--,--
O20220509002548,"FACTOR ONE SOURCE PHARM LLC","217 GLENN ST","STE 300",CUMBERLAND,MD,21502-2590,"(877) 828-3940","HOME INFUSION THERAPY SUPPLIER","RENDERING AREA",--,OH,--,--
O20220509002548,"FACTOR ONE SOURCE PHARM LLC","217 GLENN ST","STE 300",CUMBERLAND,MD,21502-2590,"(877) 828-3940","HOME INFUSION THERAPY SUPPLIER","RENDERING AREA",--,TX,--,--
O20220509002548,"FACTOR ONE SOURCE PHARM LLC","217 GLENN ST","STE 300",CUMBERLAND,MD,21502-2590,"(877) 828-3940","HOME INFUSION THERAPY SUPPLIER","RENDERING AREA",--,WV,--,--
O20220509002548,"FACTOR ONE SOURCE PHARM LLC","217 GLENN ST","STE 300",CUMBERLAND,MD,21502-2590,"(877) 828-3940","HOME INFUSION THERAPY SUPPLIER","RENDERING AREA",--,KY,--,--
O20220509002548,"FACTOR ONE SOURCE PHARM LLC","217 GLENN ST","STE 300",CUMBERLAND,MD,21502-2590,"(877) 828-3940","HOME INFUSION THERAPY SUPPLIER","RENDERING AREA",--,MA,--,--
O20220509002548,"FACTOR ONE SOURCE PHARM LLC","217 GLENN ST","STE 300",CUMBERLAND,MD,21502-2590,"(877) 828-3940","HOME INFUSION THERAPY SUPPLIER","RENDERING AREA",--,MT,--,--
O20210309002322,"PROVIDENCE HEALTH & SERVICES","6410 NE HALSEY ST","STE 400",PORTLAND,OR,97213-4759,"(503) 215-4633","HOME INFUSION THERAPY SUPPLIER","RENDERING AREA",--,OR,--,BENTON
O20210309002322,"PROVIDENCE HEALTH & SERVICES","840 ROYAL AVE","STE 120",MEDFORD,OR,97504-6461,"(541) 732-5566","HOME INFUSION THERAPY SUPPLIER","RENDERING AREA",--,OR,--,CROOK
O20210309002322,"PROVIDENCE HEALTH & SERVICES","6410 NE HALSEY ST","STE 400",PORTLAND,OR,97213-4759,"(503) 215-4633","HOME INFUSION THERAPY SUPPLIER","RENDERING AREA",--,OR,--,"HOOD RIVER"
O20210309002322,"PROVIDENCE HEALTH & SERVICES","6410 NE HALSEY ST","STE 400",PORTLAND,OR,97213-4759,"(503) 215-4633","HOME INFUSION THERAPY SUPPLIER","RENDERING AREA",--,OR,--,KLAMATH
O20210309002322,"PROVIDENCE HEALTH & SERVICES","6410 NE HALSEY ST","STE 400",PORTLAND,OR,97213-4759,"(503) 215-4633","HOME INFUSION THERAPY SUPPLIER","RENDERING AREA",--,OR,--,LINN
O20210309002322,"PROVIDENCE HEALTH & SERVICES","840 ROYAL AVE","STE 120",MEDFORD,OR,97504-6461,"(541) 732-5566","HOME INFUSION THERAPY SUPPLIER","RENDERING AREA",--,OR,--,MULTNOMAH
O20210309002322,"PROVIDENCE HEALTH & SERVICES","6410 NE HALSEY ST","STE 400",PORTLAND,OR,97213-4759,"(503) 215-4633","HOME INFUSION THERAPY SUPPLIER","RENDERING AREA",--,OR,--,POLK
O20210309002322,"PROVIDENCE HEALTH & SERVICES","840 ROYAL AVE","STE 120",MEDFORD,OR,97504-6461,"(541) 732-5566","HOME INFUSION THERAPY SUPPLIER","RENDERING AREA",--,OR,--,POLK
O20210309002322,"PROVIDENCE HEALTH & SERVICES","6410 NE HALSEY ST","STE 400",PORTLAND,OR,97213-4759,"(503) 215-4633","HOME INFUSION THERAPY SUPPLIER","RENDERING AREA",--,OR,--,WHEELER
O20210309002322,"PROVIDENCE HEALTH & SERVICES","840 ROYAL AVE","STE 120",MEDFORD,OR,97504-6461,"(541) 732-5566","HOME INFUSION THERAPY SUPPLIER","RENDERING AREA",--,OR,--,WHEELER
O20210309002322,"PROVIDENCE HEALTH & SERVICES","6410 NE HALSEY ST","STE 400",PORTLAND,OR,97213-4759,"(503) 215-4633","HOME INFUSION THERAPY SUPPLIER","RENDERING AREA",--,OR,--,LANE
O20210226001747,"IVEDCO LLC","3000 KELLWAY DR","STE 110",CARROLLTON,TX,75006-3356,"(800) 333-0660","HOME INFUSION THERAPY SUPPLIER","RENDERING AREA",--,TX,--,--
O20230427001393,"EAST TEXAS PHC LLC","602 E WHALEY ST",--,LONGVIEW,TX,75601-6525,"(903) 753-2273","HOME INFUSION THERAPY SUPPLIER","SUPPLIER GR. AREA",--,TX,--,ANDERSON
O20230427001393,"EAST TEXAS PHC LLC","602 E WHALEY ST",--,LONGVIEW,TX,75601-6525,"(903) 753-2273","HOME INFUSION THERAPY SUPPLIER","SUPPLIER GR. AREA",--,TX,--,FRANKLIN
O20230427001393,"EAST TEXAS PHC LLC","602 E WHALEY ST",--,LONGVIEW,TX,75601-6525,"(903) 753-2273","HOME INFUSION THERAPY SUPPLIER","SUPPLIER GR. AREA",--,TX,--,GREGG
O20230427001393,"EAST TEXAS PHC LLC","602 E WHALEY ST",--,LONGVIEW,TX,75601-6525,"(903) 753-2273","HOME INFUSION THERAPY SUPPLIER","SUPPLIER GR. AREA",--,TX,--,UPSHUR
O20230427001393,"EAST TEXAS PHC LLC","602 E WHALEY ST",--,LONGVIEW,TX,75601-6525,"(903) 753-2273","HOME INFUSION THERAPY SUPPLIER","RENDERING AREA",--,TX,--,ANDERSON
O20210319000101,"PRI-MED INFUSION SERVICES","5517 N CUMBERLAND AVE","STE 915",CHICAGO,IL,60656-4740,"(800) 831-7740","HOME INFUSION THERAPY SUPPLIER","RENDERING AREA",--,IN,--,--
O20210227000109,"OPTUM INFUSION SVCS 500 INC","2685 PATTON ROAD",--,ROSEVILLE,MN,55113,"(866) 868-2503","HOME INFUSION THERAPY SUPPLIER","RENDERING AREA",--,MN,--,--
O20231111000355,"OPTUM INFUSION SERVICES 550","7167 E KEMPER RD",--,CINCINNATI,OH,45249-1028,"(513) 810-6810","HOME INFUSION THERAPY SUPPLIER","RENDERING AREA",--,OH,--,--
O20210323001847,"SOLEO HEALTH INC","6190 SHAMROCK CT","STE 100",DUBLIN,OH,43016-1279,"(844) 467-8200","HOME INFUSION THERAPY SUPPLIER","RENDERING AREA",--,OH,--,--
O20210716000514,"PATHWAYS HEALTHCARE LLC","75 SOCKANOSSET CROSS RD","STE 210",CRANSTON,RI,02920-5558,"(617) 481-9077","HOME INFUSION THERAPY SUPPLIER","RENDERING AREA",--,RI,--,--
O20210625002390,"ACCESS TO CARE LLC","3645 N BRIARWOOD LN","STE D",MUNCIE,IN,47304-5337,"(765) 282-4766","HOME INFUSION THERAPY SUPPLIER","SUPPLIER GR. AREA",--,IN,--,--
O20210325001201,"SOLEO HEALTH INC","2912 W 6TH ST","STE 150","FORT WORTH",TX,76107-2213,"(844) 747-3030","HOME INFUSION THERAPY SUPPLIER","RENDERING AREA",--,TX,--,--
O20210629000233,"HEALING HOME HEALTHCARE INC","7000 INFANTRY RIDGE RD","STE 110",MANASSAS,VA,20109-2370,"(703) 650-0576","HOME INFUSION THERAPY SUPPLIER","RENDERING AREA",CULPEPER,VA,--,--
O20210217000391,"AMATUS HEALTH CARE LLC","2010 VALLEY VIEW LN","STE 200","FARMERS BRANCH",TX,75234-8915,"(972) 249-4999","HOME INFUSION THERAPY SUPPLIER","RENDERING AREA",JOHNSON,TX,--,--
O20210217000391,"AMATUS HEALTH CARE LLC","2010 VALLEY VIEW LN","STE 200","FARMERS BRANCH",TX,75234-8915,"(972) 249-4999","HOME INFUSION THERAPY SUPPLIER","RENDERING AREA",TITUS,TX,--,--
O20210217000391,"AMATUS HEALTH CARE LLC","2010 VALLEY VIEW LN","STE 200","FARMERS BRANCH",TX,75234-8915,"(972) 249-4999","HOME INFUSION THERAPY SUPPLIER","RENDERING AREA",COLLIN,TX,--,--
O20210217000391,"AMATUS HEALTH CARE LLC","2010 VALLEY VIEW LN","STE 200","FARMERS BRANCH",TX,75234-8915,"(972) 249-4999","HOME INFUSION THERAPY SUPPLIER","RENDERING AREA",ANDERSON,TX,--,--
O20210217000391,"AMATUS HEALTH CARE LLC","2010 VALLEY VIEW LN","STE 200","FARMERS BRANCH",TX,75234-8915,"(972) 249-4999","HOME INFUSION THERAPY SUPPLIER","RENDERING AREA",PARKER,TX,--,--
O20210217000391,"AMATUS HEALTH CARE LLC","2010 VALLEY VIEW LN","STE 200","FARMERS BRANCH",TX,75234-8915,"(972) 249-4999","HOME INFUSION THERAPY SUPPLIER","RENDERING AREA",ROCKWALL,TX,--,--
O20210211002391,"LIVINGSTON INFUSION CARE","603 MONTROSE AVE",--,"SOUTH PLAINFIELD",NJ,07080-2601,"(908) 226-7450","HOME INFUSION THERAPY SUPPLIER","RENDERING AREA",--,NJ,--,--
O20210826002187,"INFUSION SOLUTIONS INC","32129 WEYERHAEUSER WAY S","STE 100","FEDERAL WAY",WA,98001-9801,"(360) 933-4892","HOME INFUSION THERAPY SUPPLIER","RENDERING AREA",--,WA,--,--
O20210219001715,"BIOMED PHARMACEUTICALS INC","4 SKYLINE DR",--,HAWTHORNE,NY,10532-2147,"(800) 395-6143","HOME INFUSION THERAPY SUPPLIER","RENDERING AREA",--,NY,--,--
O20210416000228,"CATHOLIC HEALTH SYSTEM INFUS","6350 TRANSIT RD",--,DEPEW,NY,14043-1039,"(716) 685-4870","HOME INFUSION THERAPY SUPPLIER","RENDERING AREA","EAST AURORA",NY,--,--
O20210416000228,"CATHOLIC HEALTH SYSTEM INFUS","6350 TRANSIT RD",--,DEPEW,NY,14043-1039,"(716) 685-4870","HOME INFUSION THERAPY SUPPLIER","RENDERING AREA",GETZVILLE,NY,--,--
O20210416000228,"CATHOLIC HEALTH SYSTEM INFUS","6350 TRANSIT RD",--,DEPEW,NY,14043-1039,"(716) 685-4870","HOME INFUSION THERAPY SUPPLIER","RENDERING AREA","EAST CONCORD",NY,--,--
O20210416000228,"CATHOLIC HEALTH SYSTEM INFUS","6350 TRANSIT RD",--,DEPEW,NY,14043-1039,"(716) 685-4870","HOME INFUSION THERAPY SUPPLIER","RENDERING AREA",WILLIAMSVILLE,NY,--,--
O20210416000228,"CATHOLIC HEALTH SYSTEM INFUS","6350 TRANSIT RD",--,DEPEW,NY,14043-1039,"(716) 685-4870","HOME INFUSION THERAPY SUPPLIER","RENDERING AREA",BOSTON,NY,--,--
O20210122000960,"OPTUM INFUSION SERVICES 202,","9655 FLORIDA MINING BLVD W","STE 411",JACKSONVILLE,FL,32257-2041,"(904) 652-1990","HOME INFUSION THERAPY SUPPLIER","RENDERING AREA",--,FL,--,--
O20260415004170,"PRUITTHEALTH PHARMACY SERVICES - ATLANTA, INC","1626 JEURGENS CT",--,NORCROSS,GA,30093-2219,"(770) 806-6875","HOME INFUSION THERAPY SUPPLIER","RENDERING AREA",--,GA,--,--
O20231206004023,"OPTUM INFUSION SERVICES 550","20 COMMERCE WAY","STE 2",WOBURN,MA,01801-1057,"(781) 287-1500","HOME INFUSION THERAPY SUPPLIER","RENDERING AREA",--,MA,--,--
O20210204002060,"SUTTER VISITING NURSE ASSOC","8318 FERGUSON AVE",--,SACRAMENTO,CA,95828-0902,"(916) 379-3200","HOME INFUSION THERAPY SUPPLIER","RENDERING AREA",--,CA,--,TUOLUMNE
O20210204002060,"SUTTER VISITING NURSE ASSOC","1105 ATLANTIC AVE","STE 102",ALAMEDA,CA,94501-1184,"(510) 450-8900","HOME INFUSION THERAPY SUPPLIER","RENDERING AREA",--,CA,--,YOLO
O20201207002573,"CRESCENT HEALTHCARE INC","25901 INDUSTRIAL BLVD","BLDG E",HAYWARD,CA,94545-2995,"(800) 824-8400","HOME INFUSION THERAPY SUPPLIER","RENDERING AREA",--,CA,--,--
O20210728002308,"XINIM CORPORATION","1702 RIDGEWOOD AVE","STE C","HOLLY HILL",FL,32117-1783,3866777377-4,"HOME INFUSION THERAPY SUPPLIER","RENDERING AREA",--,FL,--,VOLUSIA
O20210111002830,"OPTION CARE HOME CARE INC","10101 W INNOVATION DR","STE 200",WAUWATOSA,WI,53226-4883,"(888) 256-7234","HOME INFUSION THERAPY SUPPLIER","RENDERING AREA",--,WI,--,--
O20210113001768,"VISITING NURSE ASSOC OF WI","931 DISCOVERY RD",--,"GREEN BAY",WI,54311-8002,"(920) 288-5100","HOME INFUSION THERAPY SUPPLIER","RENDERING AREA",--,WI,--,WINNEBAGO
O20210113001768,"VISITING NURSE ASSOC OF WI","116 N DODGE ST","STE 6",BURLINGTON,WI,53105-1963,"(800) 862-2201","HOME INFUSION THERAPY SUPPLIER","RENDERING AREA",--,WI,--,WINNEBAGO
O20210113001768,"VISITING NURSE ASSOC OF WI","11333 W NATIONAL AVE",--,"WEST ALLIS",WI,53227-3111,"(414) 327-2295","HOME INFUSION THERAPY SUPPLIER","RENDERING AREA",--,WI,--,WINNEBAGO
O20210326001947,"PROVIDENCE HEALTH & SERVICES","15918 E EUCLID AVE",--,"SPOKANE VALLEY",WA,99216-1815,"(509) 924-1826","HOME INFUSION THERAPY SUPPLIER","SUPPLIER GR. AREA",--,ID,--,SHOSHONE
O20210326001947,"PROVIDENCE HEALTH & SERVICES","3333 S 120TH PL","STE 100",TUKWILA,WA,98168-5134,"(425) 687-4400","HOME INFUSION THERAPY SUPPLIER","SUPPLIER GR. AREA",--,ID,--,CLEARWATER
O20210721002875,"SENTARA ENTERPRISES","535 INDEPENDENCE PKWY","STE 300",CHESAPEAKE,VA,23320-5176,"(757) 553-3000","HOME INFUSION THERAPY SUPPLIER","RENDERING AREA",CARRSVILLE,VA,--,--
O20210326001947,"PROVIDENCE HEALTH & SERVICES","15918 E EUCLID AVE",--,"SPOKANE VALLEY",WA,99216-1815,"(509) 924-1826","HOME INFUSION THERAPY SUPPLIER","SUPPLIER GR. AREA",--,ID,--,BOUNDARY
O20210326001947,"PROVIDENCE HEALTH & SERVICES","3333 S 120TH PL","STE 100",TUKWILA,WA,98168-5134,"(425) 687-4400","HOME INFUSION THERAPY SUPPLIER","SUPPLIER GR. AREA",--,OR,--,UMATILLA
O20210326001947,"PROVIDENCE HEALTH & SERVICES","15918 E EUCLID AVE",--,"SPOKANE VALLEY",WA,99216-1815,"(509) 924-1826","HOME INFUSION THERAPY SUPPLIER","SUPPLIER GR. AREA",--,MT,--,POWELL
O20210326001947,"PROVIDENCE HEALTH & SERVICES","3333 S 120TH PL","STE 100",TUKWILA,WA,98168-5134,"(425) 687-4400","HOME INFUSION THERAPY SUPPLIER","RENDERING AREA",--,WA,--,KITTITAS
O20210326001947,"PROVIDENCE HEALTH & SERVICES","3333 S 120TH PL","STE 100",TUKWILA,WA,98168-5134,"(425) 687-4400","HOME INFUSION THERAPY SUPPLIER","RENDERING AREA",--,WA,--,DOUGLAS
O20210326001947,"PROVIDENCE HEALTH & SERVICES","15918 E EUCLID AVE",--,"SPOKANE VALLEY",WA,99216-1815,"(509) 924-1826","HOME INFUSION THERAPY SUPPLIER","RENDERING AREA",--,WA,--,GRANT
O20210326001947,"PROVIDENCE HEALTH & SERVICES","15918 E EUCLID AVE",--,"SPOKANE VALLEY",WA,99216-1815,"(509) 924-1826","HOME INFUSION THERAPY SUPPLIER","SUPPLIER GR. AREA",--,OR,--,GILLIAM
O20210326001947,"PROVIDENCE HEALTH & SERVICES","3333 S 120TH PL","STE 100",TUKWILA,WA,98168-5134,"(425) 687-4400","HOME INFUSION THERAPY SUPPLIER","RENDERING AREA",--,WA,--,COLUMBIA
O20210326001947,"PROVIDENCE HEALTH & SERVICES","3333 S 120TH PL","STE 100",TUKWILA,WA,98168-5134,"(425) 687-4400","HOME INFUSION THERAPY SUPPLIER","RENDERING AREA",--,WA,--,GARFIELD
O20201222000517,"INFUSION PARTNERS LLC","187 COUNTRY PLACE PKWY, STE C","BIOSCRIP INFUSION SERVICES",PEARL,MS,39208-6607,"(800) 944-9683","HOME INFUSION THERAPY SUPPLIER","RENDERING AREA",--,MS,--,--
O20201210001763,"CLINICAL SPECIALTIES INC","6288 HUDSON CROSSING PKWY",--,HUDSON,OH,44236-4347,"(888) 873-8999","HOME INFUSION THERAPY SUPPLIER","RENDERING AREA",--,OH,--,--
O20201221002038,"OPTION CARE ENTERPRISES INC","2304 N 7TH AVE","STE H",BOZEMAN,MT,59715-2571,"(800) 449-1256","HOME INFUSION THERAPY SUPPLIER","RENDERING AREA",--,MT,--,--
O20210128000153,"GEISINGER PHARMACY LLC","44 WOODBINE LN",--,DANVILLE,PA,17821-8020,"(570) 214-6763","HOME INFUSION THERAPY SUPPLIER","SUPPLIER GR. AREA",--,PA,--,--
O20210204001682,"I. V. CARE OF MIDDLE GEORGIA","151 COLLEGE ST","STE A",MACON,GA,31201-1655,"(478) 743-8997","HOME INFUSION THERAPY SUPPLIER","RENDERING AREA",--,GA,--,BIBB
O20210204001682,"I. V. CARE OF MIDDLE GEORGIA","151 COLLEGE ST","STE A",MACON,GA,31201-1655,"(478) 743-8997","HOME INFUSION THERAPY SUPPLIER","RENDERING AREA",--,GA,--,CHATTAHOOCHEE
O20210326001947,"PROVIDENCE HEALTH & SERVICES","3333 S 120TH PL","STE 100",TUKWILA,WA,98168-5134,"(425) 687-4400","HOME INFUSION THERAPY SUPPLIER","RENDERING AREA",--,WA,--,LEWIS
O20210212002222,"REGIONCARE INC","200 COMMUNITY DR",--,"GREAT NECK",NY,11021-5510,"(516) 414-3900","HOME INFUSION THERAPY SUPPLIER","RENDERING AREA",--,NY,--,ROCKLAND
O20210128000153,"GEISINGER PHARMACY LLC","44 WOODBINE LN",--,DANVILLE,PA,17821-8020,"(570) 214-6763","HOME INFUSION THERAPY SUPPLIER","RENDERING AREA",--,PA,--,--
O20210128000309,"EHS HOME HEALTH CARE SERVICE","2311 W 22ND ST","STE 300","OAK BROOK",IL,60523-4103,"(630) 963-7900","HOME INFUSION THERAPY SUPPLIER","RENDERING AREA",--,IL,--,KANE
O20210128000309,"EHS HOME HEALTH CARE SERVICE","2311 W 22ND ST","STE 300","OAK BROOK",IL,60523-4103,"(630) 963-7900","HOME INFUSION THERAPY SUPPLIER","RENDERING AREA",--,IL,--,LAKE
O20210128000309,"EHS HOME HEALTH CARE SERVICE","2311 W 22ND ST","STE 300","OAK BROOK",IL,60523-4103,"(630) 963-7900","HOME INFUSION THERAPY SUPPLIER","RENDERING AREA",--,IL,--,"LA SALLE"
O20210609003065,"ACA HOME HEALTH, LLC","7570 NW 14TH STREET","STE 107",MIAMI,FL,33126-1701,"(305) 541-8989","HOME INFUSION THERAPY SUPPLIER","RENDERING AREA",MIAMI,FL,--,--
O20210204001682,"I. V. CARE OF MIDDLE GEORGIA","151 COLLEGE ST","STE A",MACON,GA,31201-1655,"(478) 743-8997","HOME INFUSION THERAPY SUPPLIER","RENDERING AREA",--,GA,--,WILCOX
O20210204001682,"I. V. CARE OF MIDDLE GEORGIA","151 COLLEGE ST","STE A",MACON,GA,31201-1655,"(478) 743-8997","HOME INFUSION THERAPY SUPPLIER","RENDERING AREA",--,GA,--,LAMAR
O20210204001682,"I. V. CARE OF MIDDLE GEORGIA","151 COLLEGE ST","STE A",MACON,GA,31201-1655,"(478) 743-8997","HOME INFUSION THERAPY SUPPLIER","RENDERING AREA",--,GA,--,JASPER
O20210204001682,"I. V. CARE OF MIDDLE GEORGIA","151 COLLEGE ST","STE A",MACON,GA,31201-1655,"(478) 743-8997","HOME INFUSION THERAPY SUPPLIER","RENDERING AREA",--,GA,--,TATTNALL
O20210721002875,"SENTARA ENTERPRISES","535 INDEPENDENCE PKWY","STE 300",CHESAPEAKE,VA,23320-5176,"(757) 553-3000","HOME INFUSION THERAPY SUPPLIER","RENDERING AREA","VIRGINIA BEACH",VA,--,--
O20210204002060,"SUTTER VISITING NURSE ASSOC","8318 FERGUSON AVE",--,SACRAMENTO,CA,95828-0902,"(916) 379-3200","HOME INFUSION THERAPY SUPPLIER","RENDERING AREA",--,CA,--,LAKE
O20210204002060,"SUTTER VISITING NURSE ASSOC","8318 FERGUSON AVE",--,SACRAMENTO,CA,95828-0902,"(916) 379-3200","HOME INFUSION THERAPY SUPPLIER","RENDERING AREA",--,CA,--,NAPA
O20210204002060,"SUTTER VISITING NURSE ASSOC","1105 ATLANTIC AVE","STE 102",ALAMEDA,CA,94501-1184,"(510) 450-8900","HOME INFUSION THERAPY SUPPLIER","RENDERING AREA",--,CA,--,SACRAMENTO
O20210204002060,"SUTTER VISITING NURSE ASSOC","8318 FERGUSON AVE",--,SACRAMENTO,CA,95828-0902,"(916) 379-3200","HOME INFUSION THERAPY SUPPLIER","RENDERING AREA",--,CA,--,SACRAMENTO
O20210204002060,"SUTTER VISITING NURSE ASSOC","8318 FERGUSON AVE",--,SACRAMENTO,CA,95828-0902,"(916) 379-3200","HOME INFUSION THERAPY SUPPLIER","RENDERING AREA",--,CA,--,SONOMA
O20210312002356,"LOMA LINDA UNIVERSITY MEDICA","11255 MOUNTAIN VIEW AVE","STE A","LOMA LINDA",CA,92354-3809,"(909) 558-3088","HOME INFUSION THERAPY SUPPLIER","RENDERING AREA",--,CA,--,RIVERSIDE
O20210106002851,"SOLEO HEALTH INC","1324 W WINTON AVE",--,HAYWARD,CA,94545-1408,"(510) 362-7360","HOME INFUSION THERAPY SUPPLIER","RENDERING AREA",--,CA,--,--
O20210428002102,"ORION HOME HEALTH INC","5836 LINCOLN AVE","STE 120","MORTON GROVE",IL,60053-3351,"(847) 410-0240","HOME INFUSION THERAPY SUPPLIER","RENDERING AREA",--,IL,--,LAKE
O20210721002875,"SENTARA ENTERPRISES","535 INDEPENDENCE PKWY","STE 300",CHESAPEAKE,VA,23320-5176,"(757) 553-3000","HOME INFUSION THERAPY SUPPLIER","RENDERING AREA","BATTERY PARK",VA,--,--
O20210721002875,"SENTARA ENTERPRISES","535 INDEPENDENCE PKWY","STE 300",CHESAPEAKE,VA,23320-5176,"(757) 553-3000","HOME INFUSION THERAPY SUPPLIER","RENDERING AREA",NEWSOMS,VA,--,--
O20210721002875,"SENTARA ENTERPRISES","535 INDEPENDENCE PKWY","STE 300",CHESAPEAKE,VA,23320-5176,"(757) 553-3000","HOME INFUSION THERAPY SUPPLIER","RENDERING AREA",WAKEFIELD,VA,--,--
O20201209002889,"INFUSION PARTNERS LLC","5401 JEFFERSON HWY, STE B","BIOSCRIP INFUSION","NEW ORLEANS",LA,70123-4228,"(888) 323-9595","HOME INFUSION THERAPY SUPPLIER","RENDERING AREA",--,LA,--,--
O20201223001977,"OPTION CARE ENTERPRISES INC","13035 GATEWAY DR S","STE 131",TUKWILA,WA,98168-3395,"(800) 277-5805","HOME INFUSION THERAPY SUPPLIER","RENDERING AREA",--,WA,--,--
O20210923002377,"PATHWRITE INC","8601 CROSS PARK DR","STE 400",AUSTIN,TX,78754-4578,"(512) 823-2000","HOME INFUSION THERAPY SUPPLIER","RENDERING AREA",--,TX,--,CALDWELL
O20201209000620,"UNIVERSITY OF KS AUTHORITY","11300 CORPORATE AVE","STE 160",LENEXA,KS,66219-1365,"(913) 588-2600","HOME INFUSION THERAPY SUPPLIER","RENDERING AREA",--,KS,--,DONIPHAN
O20201209000620,"UNIVERSITY OF KS AUTHORITY","11300 CORPORATE AVE","STE 160",LENEXA,KS,66219-1365,"(913) 588-2600","HOME INFUSION THERAPY SUPPLIER","RENDERING AREA",--,KS,--,JEFFERSON
O20201209000620,"UNIVERSITY OF KS AUTHORITY","11300 CORPORATE AVE","STE 160",LENEXA,KS,66219-1365,"(913) 588-2600","HOME INFUSION THERAPY SUPPLIER","RENDERING AREA",--,KS,--,LYON
O20201209000620,"UNIVERSITY OF KS AUTHORITY","11300 CORPORATE AVE","STE 160",LENEXA,KS,66219-1365,"(913) 588-2600","HOME INFUSION THERAPY SUPPLIER","SUPPLIER GR. AREA",--,KS,--,ATCHISON
O20201209000620,"UNIVERSITY OF KS AUTHORITY","11300 CORPORATE AVE","STE 160",LENEXA,KS,66219-1365,"(913) 588-2600","HOME INFUSION THERAPY SUPPLIER","SUPPLIER GR. AREA",--,KS,--,WOODSON
O20201209000620,"UNIVERSITY OF KS AUTHORITY","11300 CORPORATE AVE","STE 160",LENEXA,KS,66219-1365,"(913) 588-2600","HOME INFUSION THERAPY SUPPLIER","SUPPLIER GR. AREA",--,KS,--,ANDERSON
O20210513002716,"FLORIDA HOSPITAL HOME INFUSI","11461 N US HIGHWAY 301","STE 105",THONOTOSASSA,FL,33592-3541,"(813) 436-2900","HOME INFUSION THERAPY SUPPLIER","RENDERING AREA",--,FL,--,POLK
O20210616002157,"CAMELLIA PHARM SVCS LLC","885 LIBERTY RD","STE 500",FLOWOOD,MS,39232-9026,"(601) 714-1868","HOME INFUSION THERAPY SUPPLIER","RENDERING AREA",--,MS,--,--
O20210122001346,"WELLSCRIPT INC","2025 COURT ST","STE D",REDDING,CA,96001-1805,"(530) 225-8898","HOME INFUSION THERAPY SUPPLIER","RENDERING AREA",--,CA,--,TRINITY
O20210122001346,"WELLSCRIPT INC","2025 COURT ST","STE D",REDDING,CA,96001-1805,"(530) 225-8898","HOME INFUSION THERAPY SUPPLIER","RENDERING AREA",--,CA,--,TEHAMA
O20210721002875,"SENTARA ENTERPRISES","535 INDEPENDENCE PKWY","STE 300",CHESAPEAKE,VA,23320-5176,"(757) 553-3000","HOME INFUSION THERAPY SUPPLIER","RENDERING AREA","LANGLEY AFB",VA,--,--
O20210211002538,"SOUTHEASTERN HOME HEALTH CARE, LLC","7502 LEE DAVIS RD",--,MECHANICSVILLE,VA,23111-3603,"(804) 769-1380","HOME INFUSION THERAPY SUPPLIER","RENDERING AREA",--,VA,--,"COLONIAL HEIGHTS CITY"
O20210105001419,"TRUSTEES OF THE UNIV OF PA","625 CLARK AVE STE 10","PENN HOME INFUSION THERAPY","KING OF PRUSSIA",PA,19406-4025,"(610) 992-3920","HOME INFUSION THERAPY SUPPLIER","RENDERING AREA",--,PA,--,LEHIGH
O20210412001809,"SOLEO HEALTH INC","115 6TH AVE","STE E",HUNTINGTON,WV,25701-1822,"(304) 207-9856","HOME INFUSION THERAPY SUPPLIER","RENDERING AREA",--,WV,--,--
O20210607001695,"RED RIVER PHARM OF LITTLE RO","1515 S BOWMAN RD","STE B","LITTLE ROCK",AR,72211-4227,"(501) 907-8949","HOME INFUSION THERAPY SUPPLIER","RENDERING AREA",--,AR,--,GARLAND
O20210201000464,"HEALTH CARE OF SOUTH FLORIDA","16800 NW 2ND AVE","STE 306","NORTH MIAMI BEACH",FL,33169-5508,"(305) 871-3601","HOME INFUSION THERAPY SUPPLIER","SUPPLIER GR. AREA",--,FL,--,--
O20210125001373,"OPTION CARE ENTERPRISES INC","734 FOREST ST","STE 300",MARLBOROUGH,MA,01752-3032,"(877) 347-9050","HOME INFUSION THERAPY SUPPLIER","RENDERING AREA",--,MA,--,--
O20210818002720,"PARAGON INFUSION CARE INC","3033 W PRESIDENT GEORGE BUSH HWY","STE 100-A",PLANO,TX,75075-5752,"(972) 588-1000","HOME INFUSION THERAPY SUPPLIER","RENDERING AREA",DENTON,TX,--,--
O20210504000819,"IVY HOME INFUSIONS L.L.C.","1200 AIRPORT HEIGHTS DR","STE 195",ANCHORAGE,AK,99508-2982,"(951) 999-1872","HOME INFUSION THERAPY SUPPLIER","RENDERING AREA",--,AK,--,--
O20201223001304,"HORIZON HOME CARE & HOSPICE","11002 W PARK PL",--,MILWAUKEE,WI,53224-3615,"(414) 365-8300","HOME INFUSION THERAPY SUPPLIER","SUPPLIER GR. AREA",--,WI,--,MILWAUKEE
O20201223001304,"HORIZON HOME CARE & HOSPICE","112 E DREXEL AVE",--,"OAK CREEK",WI,53154-2123,"(414) 365-8300","HOME INFUSION THERAPY SUPPLIER","SUPPLIER GR. AREA",--,WI,--,MILWAUKEE
O20201223001304,"HORIZON HOME CARE & HOSPICE","112 E DREXEL AVE",--,"OAK CREEK",WI,53154-2123,"(414) 365-8300","HOME INFUSION THERAPY SUPPLIER","RENDERING AREA",--,WI,--,DODGE
O20201223001304,"HORIZON HOME CARE & HOSPICE","13111 N PORT WASHINGTON RD",--,MEQUON,WI,53097-2416,"(414) 365-8300","HOME INFUSION THERAPY SUPPLIER","RENDERING AREA",--,WI,--,"FOND DU LAC"
O20201223001304,"HORIZON HOME CARE & HOSPICE","13111 N PORT WASHINGTON RD",--,MEQUON,WI,53097-2416,"(414) 365-8300","HOME INFUSION THERAPY SUPPLIER","RENDERING AREA",--,WI,--,OZAUKEE
O20201223001304,"HORIZON HOME CARE & HOSPICE","3232 PLEASANT VALLEY RD",--,"WEST BEND",WI,53095-9274,"(414) 365-8300","HOME INFUSION THERAPY SUPPLIER","SUPPLIER GR. AREA",--,WI,--,SHEBOYGAN
O20201223001304,"HORIZON HOME CARE & HOSPICE","11002 W PARK PL",--,MILWAUKEE,WI,53224-3615,"(414) 365-8300","HOME INFUSION THERAPY SUPPLIER","RENDERING AREA",--,WI,--,WALWORTH
O20201223001304,"HORIZON HOME CARE & HOSPICE","112 E DREXEL AVE",--,"OAK CREEK",WI,53154-2123,"(414) 365-8300","HOME INFUSION THERAPY SUPPLIER","RENDERING AREA",--,WI,--,WALWORTH
O20201223001304,"HORIZON HOME CARE & HOSPICE","112 E DREXEL AVE",--,"OAK CREEK",WI,53154-2123,"(414) 365-8300","HOME INFUSION THERAPY SUPPLIER","RENDERING AREA",--,WI,--,MILWAUKEE
O20201223001304,"HORIZON HOME CARE & HOSPICE","112 E DREXEL AVE",--,"OAK CREEK",WI,53154-2123,"(414) 365-8300","HOME INFUSION THERAPY SUPPLIER","SUPPLIER GR. AREA",--,WI,--,RACINE
O20201223001304,"HORIZON HOME CARE & HOSPICE","3232 PLEASANT VALLEY RD",--,"WEST BEND",WI,53095-9274,"(414) 365-8300","HOME INFUSION THERAPY SUPPLIER","RENDERING AREA",--,WI,--,WAUKESHA
O20201223001304,"HORIZON HOME CARE & HOSPICE","110 LONE OAK LN",--,HARTFORD,WI,53027-2600,"(414) 365-8300","HOME INFUSION THERAPY SUPPLIER","SUPPLIER GR. AREA",--,WI,--,WALWORTH
O20201223001304,"HORIZON HOME CARE & HOSPICE","11002 W PARK PL",--,MILWAUKEE,WI,53224-3615,"(414) 365-8300","HOME INFUSION THERAPY SUPPLIER","RENDERING AREA",--,WI,--,WASHINGTON
O20201223001304,"HORIZON HOME CARE & HOSPICE","112 E DREXEL AVE",--,"OAK CREEK",WI,53154-2123,"(414) 365-8300","HOME INFUSION THERAPY SUPPLIER","RENDERING AREA",--,WI,--,WASHINGTON
O20201223001304,"HORIZON HOME CARE & HOSPICE","8503 75TH ST","STE B",KENOSHA,WI,53142-7620,"(414) 365-8300","HOME INFUSION THERAPY SUPPLIER","SUPPLIER GR. AREA",--,WI,--,KENOSHA
O20201223001304,"HORIZON HOME CARE & HOSPICE","112 E DREXEL AVE",--,"OAK CREEK",WI,53154-2123,"(414) 365-8300","HOME INFUSION THERAPY SUPPLIER","SUPPLIER GR. AREA",--,WI,--,OUTAGAMIE
O20210107001134,"BIOSCRIP INFUSION SVCS","4401 MACCORKLE AVE SE",--,CHARLESTON,WV,25304-2505,"(304) 414-3660","HOME INFUSION THERAPY SUPPLIER","RENDERING AREA",--,WV,--,--
O20221019000193,"ACCREDO HEALTH GROUP INC","520 ELMWOOD PARK BLVD","STE 100","NEW ORLEANS",LA,70123-6826,"(501) 731-6113","HOME INFUSION THERAPY SUPPLIER","SUPPLIER GR. AREA",--,LA,--,--
O20210310001014,"AT HOME INFUSION SERVICES","4207 VINELAND RD","STE M-1016",ORLANDO,FL,32811-7489,"(800) 421-5596","HOME INFUSION THERAPY SUPPLIER","RENDERING AREA",--,AL,--,--
O20240305003858,"PAIN TREATMENT CENTERS OF AMERICA PLLC","108 N SHACKLEFORD RD",--,"LITTLE ROCK",AR,72211-2840,"(844) 215-0731","HOME INFUSION THERAPY SUPPLIER","SUPPLIER GR. AREA",--,AR,--,--
O20240306000385,"JGBB LLC","7151 CASCADE VALLEY CT","STE 101-102","LAS VEGAS",NV,89128-0497,"(702) 825-4900","HOME INFUSION THERAPY SUPPLIER","SUPPLIER GR. AREA",--,NV,--,--
O20240809003465,"DESCANSO HOME HEALTH SERVICE","408 S CITRUS AVE",--,COVINA,CA,91723-2927,"(626) 261-4835","HOME INFUSION THERAPY SUPPLIER","RENDERING AREA",--,CA,--,"LOS ANGELES"
O20221121003136,"COMMUNITY CARE PROVIDERS, IN","10031 PINES BLVD","STE 105","PEMBROKE PINES",FL,33024-6185,"(954) 431-4245","HOME INFUSION THERAPY SUPPLIER","RENDERING AREA",--,FL,--,--
O20231031001986,"HEALTHPROV L.L.C.","1505 CALLE DEL NORTE","STE 375",LAREDO,TX,78041-6040,"(956) 728-0411","HOME INFUSION THERAPY SUPPLIER","SUPPLIER GR. AREA",--,TX,--,"LA SALLE"
O20231031001986,"HEALTHPROV L.L.C.","1505 CALLE DEL NORTE","STE 375",LAREDO,TX,78041-6040,"(956) 728-0411","HOME INFUSION THERAPY SUPPLIER","RENDERING AREA",--,TX,--,DIMMIT
O20231031001986,"HEALTHPROV L.L.C.","1505 CALLE DEL NORTE","STE 375",LAREDO,TX,78041-6040,"(956) 728-0411","HOME INFUSION THERAPY SUPPLIER","RENDERING AREA",--,TX,--,DUVAL
O20231004003137,"FAIRVIEW PHARMACY SERVICES","1527 LONDON RD",--,DULUTH,MN,55812-1617,"(218) 730-2200","HOME INFUSION THERAPY SUPPLIER","RENDERING AREA",--,MN,--,--
O20230320000743,"HERITAGE BIOLOGICS LLC","255 NW VICTORIA DR","STE B","LEES SUMMIT",MO,64086-4709,"(855) 937-7273","HOME INFUSION THERAPY SUPPLIER","RENDERING AREA",--,CT,--,--
O20230320000743,"HERITAGE BIOLOGICS LLC","255 NW VICTORIA DR","STE B","LEES SUMMIT",MO,64086-4709,"(855) 937-7273","HOME INFUSION THERAPY SUPPLIER","RENDERING AREA",--,MI,--,--
O20230320000743,"HERITAGE BIOLOGICS LLC","255 NW VICTORIA DR","STE B","LEES SUMMIT",MO,64086-4709,"(855) 937-7273","HOME INFUSION THERAPY SUPPLIER","RENDERING AREA",--,PA,--,--
O20230320000743,"HERITAGE BIOLOGICS LLC","255 NW VICTORIA DR","STE B","LEES SUMMIT",MO,64086-4709,"(855) 937-7273","HOME INFUSION THERAPY SUPPLIER","RENDERING AREA",--,MT,--,--
O20230320000743,"HERITAGE BIOLOGICS LLC","255 NW VICTORIA DR","STE B","LEES SUMMIT",MO,64086-4709,"(855) 937-7273","HOME INFUSION THERAPY SUPPLIER","RENDERING AREA",--,NC,--,--
O20210319001034,"KABAFUSION NC LLC","9401 SOUTHERN PINE BLVD","STE J",CHARLOTTE,NC,28273-5596,"(866) 583-2140","HOME INFUSION THERAPY SUPPLIER","RENDERING AREA",--,SC,--,--
O20210218002436,"KABAFUSION AL, LLC","241 WINTON M BLOUNT LOOP",--,MONTGOMERY,AL,36117-3507,"(800) 814-0992","HOME INFUSION THERAPY SUPPLIER","RENDERING AREA",--,GA,--,--
O20201223001304,"HORIZON HOME CARE & HOSPICE","112 E DREXEL AVE",--,"OAK CREEK",WI,53154-2123,"(414) 365-8300","HOME INFUSION THERAPY SUPPLIER","SUPPLIER GR. AREA",--,WI,--,CALUMET
O20201223001304,"HORIZON HOME CARE & HOSPICE","8503 75TH ST","STE B",KENOSHA,WI,53142-7620,"(414) 365-8300","HOME INFUSION THERAPY SUPPLIER","SUPPLIER GR. AREA",--,WI,--,MANITOWOC
O20221128000976,"MEDILINK RXCARE HAMMONTON","44 S WHITE HORSE PIKE",--,HAMMONTON,NJ,08037-1845,"(609) 956-1900","HOME INFUSION THERAPY SUPPLIER","RENDERING AREA",--,NJ,--,BURLINGTON
O20221128000976,"MEDILINK RXCARE HAMMONTON","44 S WHITE HORSE PIKE",--,HAMMONTON,NJ,08037-1845,"(609) 956-1900","HOME INFUSION THERAPY SUPPLIER","RENDERING AREA",--,NJ,--,BERGEN
O20230320000743,"HERITAGE BIOLOGICS LLC","255 NW VICTORIA DR","STE B","LEES SUMMIT",MO,64086-4709,"(855) 937-7273","HOME INFUSION THERAPY SUPPLIER","RENDERING AREA",--,SD,--,--
O20230320000743,"HERITAGE BIOLOGICS LLC","255 NW VICTORIA DR","STE B","LEES SUMMIT",MO,64086-4709,"(855) 937-7273","HOME INFUSION THERAPY SUPPLIER","RENDERING AREA",--,MO,--,--
O20260223003307,"HEALTHQUEST THERAPEUTICS LLC","1311 W SAM HOUSTON PKWY N","STE 100",HOUSTON,TX,77043-4016,"(832) 612-3500","HOME INFUSION THERAPY SUPPLIER","RENDERING AREA",--,TX,--,HARRIS
O20260403000172,"MUNSON MEDICAL CENTER","1105 6TH ST","HOME INFUSION","TRAVERSE CITY",MI,49684-2345,"(231) 935-5999","HOME INFUSION THERAPY SUPPLIER","SUPPLIER GR. AREA",--,MI,--,LEELANAU
O20260403000172,"MUNSON MEDICAL CENTER","1105 6TH ST","HOME INFUSION","TRAVERSE CITY",MI,49684-2345,"(231) 935-5999","HOME INFUSION THERAPY SUPPLIER","SUPPLIER GR. AREA",--,MI,--,WEXFORD
O20220203001062,"MKARE MANAGEMENT INC","147 AUBURN RDG",--,"SPRING BRANCH",TX,78070-6001,"(210) 663-1886","HOME INFUSION THERAPY SUPPLIER","SUPPLIER GR. AREA",--,TX,--,--
O20260313003671,"THE HOSPITAL AUTHORITY OF MI","213 DELORES ST","STE A",COLQUITT,GA,39837-3528,"(229) 758-2029","HOME INFUSION THERAPY SUPPLIER","SUPPLIER GR. AREA",--,GA,--,--
O20260313003671,"THE HOSPITAL AUTHORITY OF MI","213 DELORES ST","STE A",COLQUITT,GA,39837-3528,"(229) 758-2029","HOME INFUSION THERAPY SUPPLIER","RENDERING AREA",--,GA,--,--
O20250806002498,"SAPPHIRE HOME HEALTH CARE","1315 MILSTEAD RD NE",--,CONYERS,GA,30012-3824,"(470) 217-8445","HOME INFUSION THERAPY SUPPLIER","RENDERING AREA",--,GA,--,--
O20260403000172,"MUNSON MEDICAL CENTER","1105 6TH ST","HOME INFUSION","TRAVERSE CITY",MI,49684-2345,"(231) 935-5999","HOME INFUSION THERAPY SUPPLIER","RENDERING AREA",--,MI,49615,ANTRIM
O20260403000172,"MUNSON MEDICAL CENTER","1105 6TH ST","HOME INFUSION","TRAVERSE CITY",MI,49684-2345,"(231) 935-5999","HOME INFUSION THERAPY SUPPLIER","RENDERING AREA",--,MI,49653,LEELANAU
O20260403000172,"MUNSON MEDICAL CENTER","1105 6TH ST","HOME INFUSION","TRAVERSE CITY",MI,49684-2345,"(231) 935-5999","HOME INFUSION THERAPY SUPPLIER","RENDERING AREA",--,MI,49711,CHARLEVOIX
O20210105001419,"TRUSTEES OF THE UNIV OF PA","625 CLARK AVE STE 10","PENN HOME INFUSION THERAPY","KING OF PRUSSIA",PA,19406-4025,"(610) 992-3920","HOME INFUSION THERAPY SUPPLIER","RENDERING AREA",--,PA,--,LANCASTER
O20210105001419,"TRUSTEES OF THE UNIV OF PA","1070 NEW HOLLAND AVE",--,LANCASTER,PA,17601-5606,"(717) 544-3590","HOME INFUSION THERAPY SUPPLIER","RENDERING AREA",--,PA,--,LANCASTER
O20201223001304,"HORIZON HOME CARE & HOSPICE","11002 W PARK PL",--,MILWAUKEE,WI,53224-3615,"(414) 365-8300","HOME INFUSION THERAPY SUPPLIER","RENDERING AREA",--,WI,--,CALUMET
O20201223001304,"HORIZON HOME CARE & HOSPICE","11002 W PARK PL",--,MILWAUKEE,WI,53224-3615,"(414) 365-8300","HOME INFUSION THERAPY SUPPLIER","RENDERING AREA",--,WI,--,MANITOWOC
O20201223001304,"HORIZON HOME CARE & HOSPICE","110 LONE OAK LN",--,HARTFORD,WI,53027-2600,"(414) 365-8300","HOME INFUSION THERAPY SUPPLIER","RENDERING AREA",--,WI,--,MANITOWOC
O20201223001304,"HORIZON HOME CARE & HOSPICE","112 E DREXEL AVE",--,"OAK CREEK",WI,53154-2123,"(414) 365-8300","HOME INFUSION THERAPY SUPPLIER","RENDERING AREA",--,WI,--,MANITOWOC
O20241114000048,"INFUCARE RX, LLC","2540 MARKET ST","STE 1","UPPER CHICHESTER",PA,19014-3437,"(877) 828-3940","HOME INFUSION THERAPY SUPPLIER","RENDERING AREA",--,PA,--,--
O20250804002081,"RARA ENTERPRISES INC","19331 BUSINESS CENTER DR","STE 100",NORTHRIDGE,CA,91324-3533,"(818) 882-8969","HOME INFUSION THERAPY SUPPLIER","SUPPLIER GR. AREA",--,CA,--,--
O20241213000533,"INFUCARE RX, LLC","1959 W 9TH ST","STE A","RIVIERA BEACH",FL,33404-6440,"(877) 828-3940","HOME INFUSION THERAPY SUPPLIER","RENDERING AREA",--,FL,--,--
O20210324002584,"KABAFUSION AL, LLC","360F QUALITY CIR NW","STE 630",HUNTSVILLE,AL,35806-4546,"(800) 838-2464","HOME INFUSION THERAPY SUPPLIER","RENDERING AREA",--,AL,--,--
O20210326000312,"HOME CARE SERVICES INC","160 RARITAN CENTER PKWY","STE 18",EDISON,NJ,08837-3637,"(800) 383-8393","HOME INFUSION THERAPY SUPPLIER","RENDERING AREA",--,MI,--,--
O20210326000312,"HOME CARE SERVICES INC","160 RARITAN CENTER PKWY","STE 18",EDISON,NJ,08837-3637,"(800) 383-8393","HOME INFUSION THERAPY SUPPLIER","RENDERING AREA",--,TX,--,--
O20210216000051,"KABAFUSION VA, LLC","816 GREENBRIER CIR","STE E",CHESAPEAKE,VA,23320-2642,"(800) 640-2022","HOME INFUSION THERAPY SUPPLIER","RENDERING AREA",--,NC,--,--
O20260626003735,"SUPPORT HOME HEALTH CARE LLC","2300 N BARRINGTON RD STE 400",--,"HOFFMAN ESTATES",IL,60169-2036,"(224) 254-4393","HOME INFUSION THERAPY SUPPLIER","SUPPLIER GR. AREA",--,IL,--,COOK
O20260626003735,"SUPPORT HOME HEALTH CARE LLC","2300 N BARRINGTON RD STE 400",--,"HOFFMAN ESTATES",IL,60169-2036,"(224) 254-4393","HOME INFUSION THERAPY SUPPLIER","SUPPLIER GR. AREA",--,IL,--,KANE
O20260626003735,"SUPPORT HOME HEALTH CARE LLC","2300 N BARRINGTON RD STE 400",--,"HOFFMAN ESTATES",IL,60169-2036,"(224) 254-4393","HOME INFUSION THERAPY SUPPLIER","RENDERING AREA",--,IL,--,MCHENRY
O20260903004105,"COLQUITT REGIONAL MEDICAL CENTER","13 HOSPITAL PARK",--,MOULTRIE,GA,31768-6772,"(229) 891-9013","HOME INFUSION THERAPY SUPPLIER","SUPPLIER GR. AREA",--,GA,--,--
O20220324002977,"ACCREDO HEALTH GROUP INC","650 W GRAND AVE","STE 102",ELMHURST,IL,60126-1024,"(630) 279-7390","HOME INFUSION THERAPY SUPPLIER",--,--,--,--,--
O20260223002737,"HARPERS PHARMACY INC","701 FIFTH AVENUE","SUITE 4200, OFFICE #4255",SEATTLE,WA,98104-5119,"(877) 778-3773","HOME INFUSION THERAPY SUPPLIER",--,--,--,--,--
O20220406000415,"ACCREDO HEALTH GROUP INC","1620 CENTURY CENTER PKWY","STE 109",MEMPHIS,TN,38134-8849,"(901) 435-2388","HOME INFUSION THERAPY SUPPLIER",--,--,--,--,--
O20220214000532,"ACCREDO HEALTH GROUP INC","3488 S MAIN ST",--,"SOUTH SALT LAKE",UT,84115-4419,"(801) 832-0222","HOME INFUSION THERAPY SUPPLIER",--,--,--,--,--
O20210121000184,"I V SOLUTIONS LLC","165 HANSEN CT","STE 106","WOOD DALE",IL,60191-1110,8479454444-1110,"HOME INFUSION THERAPY SUPPLIER","RENDERING AREA",--,IL,--,COOK
O20210121000184,"I V SOLUTIONS LLC","165 HANSEN CT","STE 106","WOOD DALE",IL,60191-1110,8479454444-1110,"HOME INFUSION THERAPY SUPPLIER","RENDERING AREA",--,IL,--,GRUNDY
O20210121000184,"I V SOLUTIONS LLC","165 HANSEN CT","STE 106","WOOD DALE",IL,60191-1110,8479454444-1110,"HOME INFUSION THERAPY SUPPLIER","RENDERING AREA",--,IL,--,MCHENRY
O20220203001062,"MKARE MANAGEMENT INC","147 AUBURN RDG",--,"SPRING BRANCH",TX,78070-6001,"(210) 663-1886","HOME INFUSION THERAPY SUPPLIER","RENDERING AREA",--,TX,--,WILSON
O20210218002079,"COMPLETE INFUSION SVCS LLC","28550 CABOT DR","STE 200",NOVI,MI,48377-2988,"(866) 425-2550","HOME INFUSION THERAPY SUPPLIER","RENDERING AREA",--,MI,--,--
O20210212000685,"1ST AMERICA INFUSION SVCS LL","639 N HIGHWAY 231",--,"PANAMA CITY",FL,32405-4704,"(850) 397-4312","HOME INFUSION THERAPY SUPPLIER","RENDERING AREA",--,FL,--,--
O20201208002940,"ACCREDO HEALTH GROUP INC","3000 ERICSSON DR","STE 100",WARRENDALE,PA,15086-6501,"(724) 772-6000","HOME INFUSION THERAPY SUPPLIER","RENDERING AREA",--,PA,--,--
O20210820002970,"MISSION HOSPICE & HOME CARE INC","66 BOVET RD","STE 100","SAN MATEO",CA,94402-3126,"(650) 554-1000","HOME INFUSION THERAPY SUPPLIER","RENDERING AREA",--,CA,--,"SAN MATEO"
O20220509002548,"FACTOR ONE SOURCE PHARM LLC","217 GLENN ST","STE 300",CUMBERLAND,MD,21502-2590,"(877) 828-3940","HOME INFUSION THERAPY SUPPLIER","RENDERING AREA",--,RI,--,--
O20220509002548,"FACTOR ONE SOURCE PHARM LLC","217 GLENN ST","STE 300",CUMBERLAND,MD,21502-2590,"(877) 828-3940","HOME INFUSION THERAPY SUPPLIER","RENDERING AREA",--,KS,--,--
O20220509002548,"FACTOR ONE SOURCE PHARM LLC","217 GLENN ST","STE 300",CUMBERLAND,MD,21502-2590,"(877) 828-3940","HOME INFUSION THERAPY SUPPLIER","RENDERING AREA",--,MS,--,--
O20220509002548,"FACTOR ONE SOURCE PHARM LLC","217 GLENN ST","STE 300",CUMBERLAND,MD,21502-2590,"(877) 828-3940","HOME INFUSION THERAPY SUPPLIER","RENDERING AREA",--,NE,--,--
O20210309002322,"PROVIDENCE HEALTH & SERVICES","840 ROYAL AVE","STE 120",MEDFORD,OR,97504-6461,"(541) 732-5566","HOME INFUSION THERAPY SUPPLIER","RENDERING AREA",--,OR,--,CLATSOP
O20210309002322,"PROVIDENCE HEALTH & SERVICES","6410 NE HALSEY ST","STE 400",PORTLAND,OR,97213-4759,"(503) 215-4633","HOME INFUSION THERAPY SUPPLIER","RENDERING AREA",--,OR,--,COOS
O20210309002322,"PROVIDENCE HEALTH & SERVICES","6410 NE HALSEY ST","STE 400",PORTLAND,OR,97213-4759,"(503) 215-4633","HOME INFUSION THERAPY SUPPLIER","RENDERING AREA",--,OR,--,CURRY
O20210309002322,"PROVIDENCE HEALTH & SERVICES","840 ROYAL AVE","STE 120",MEDFORD,OR,97504-6461,"(541) 732-5566","HOME INFUSION THERAPY SUPPLIER","RENDERING AREA",--,OR,--,DOUGLAS
O20210309002322,"PROVIDENCE HEALTH & SERVICES","840 ROYAL AVE","STE 120",MEDFORD,OR,97504-6461,"(541) 732-5566","HOME INFUSION THERAPY SUPPLIER","RENDERING AREA",--,OR,--,JOSEPHINE
O20210309002322,"PROVIDENCE HEALTH & SERVICES","6410 NE HALSEY ST","STE 400",PORTLAND,OR,97213-4759,"(503) 215-4633","HOME INFUSION THERAPY SUPPLIER","RENDERING AREA",--,OR,--,LINCOLN
O20210226001747,"IVEDCO LLC","10920 W SAM HOUSTON PKWY N","STE 800/950, KABAFUSION TX",HOUSTON,TX,77064-6322,"(877) 801-4087","HOME INFUSION THERAPY SUPPLIER","RENDERING AREA",--,TX,--,--
O20230427001393,"EAST TEXAS PHC LLC","602 E WHALEY ST",--,LONGVIEW,TX,75601-6525,"(903) 753-2273","HOME INFUSION THERAPY SUPPLIER","SUPPLIER GR. AREA",--,TX,--,CASS
O20230427001393,"EAST TEXAS PHC LLC","602 E WHALEY ST",--,LONGVIEW,TX,75601-6525,"(903) 753-2273","HOME INFUSION THERAPY SUPPLIER","SUPPLIER GR. AREA",--,TX,--,CHEROKEE
O20230427001393,"EAST TEXAS PHC LLC","602 E WHALEY ST",--,LONGVIEW,TX,75601-6525,"(903) 753-2273","HOME INFUSION THERAPY SUPPLIER","RENDERING AREA",--,TX,--,CHEROKEE
O20230427001393,"EAST TEXAS PHC LLC","602 E WHALEY ST",--,LONGVIEW,TX,75601-6525,"(903) 753-2273","HOME INFUSION THERAPY SUPPLIER","RENDERING AREA",--,TX,--,WOOD
O20210319000101,"PRI-MED INFUSION SERVICES","5517 N CUMBERLAND AVE","STE 915",CHICAGO,IL,60656-4740,"(800) 831-7740","HOME INFUSION THERAPY SUPPLIER","RENDERING AREA",--,IA,--,--
O20210216000183,"OPTUM INFUSION SVCS 500 INC","19 CHAPIN ROAD","BUILDING D, SUITE D7","PINE BROOK",NJ,07058-9385,"(973) 461-0100","HOME INFUSION THERAPY SUPPLIER","RENDERING AREA",--,NJ,--,--
O20201201002897,"OPTION CARE ENTERPRISES INC","5800 DISTRICT BLVD","UNIT 200",BAKERSFIELD,CA,93313-2148,"(661) 615-6080","HOME INFUSION THERAPY SUPPLIER","RENDERING AREA",--,CA,--,--
O20210301000117,"MED SHOP TOTAL CARE INC","470 E LOOP 281","MED SHOP TOTAL CARE PHARMACY",LONGVIEW,TX,75605-7939,"(903) 234-0080","HOME INFUSION THERAPY SUPPLIER","SUPPLIER GR. AREA",--,TX,--,--
O20210317000994,"HOME AIDE SVC OF EASTERN NY","433 RIVER ST","STE 3000",TROY,NY,12180-2250,5182746200-1310,"HOME INFUSION THERAPY SUPPLIER","RENDERING AREA",--,NY,--,COLUMBIA
O20210317000994,"HOME AIDE SVC OF EASTERN NY","433 RIVER ST","STE 3000",TROY,NY,12180-2250,5182746200-1310,"HOME INFUSION THERAPY SUPPLIER","RENDERING AREA",--,NY,--,GREENE
O20210701000499,"MOBILE MEDICAL LA LLC","6818 S LA CIENEGA BLVD","STE 203",INGLEWOOD,CA,90302-4122,"(213) 545-6652","HOME INFUSION THERAPY SUPPLIER","RENDERING AREA",--,CA,--,--
O20201231001426,"BIOMED KANSAS INC","10633 RENE ST",--,LENEXA,KS,66215-4052,"(913) 661-0100","HOME INFUSION THERAPY SUPPLIER","RENDERING AREA",--,KS,--,--
O20210301001710,"CONTINUUMRX INC","4115 PLEASANT VALLEY RD","STE 200",CHANTILLY,VA,20151-1220,"(703) 935-2060","HOME INFUSION THERAPY SUPPLIER","SUPPLIER GR. AREA",--,DC,--,--
O20210629000233,"HEALING HOME HEALTHCARE INC","7000 INFANTRY RIDGE RD","STE 110",MANASSAS,VA,20109-2370,"(703) 650-0576","HOME INFUSION THERAPY SUPPLIER","RENDERING AREA",CLARKE,VA,--,--
O20210629000233,"HEALING HOME HEALTHCARE INC","7000 INFANTRY RIDGE RD","STE 110",MANASSAS,VA,20109-2370,"(703) 650-0576","HOME INFUSION THERAPY SUPPLIER","RENDERING AREA",FAUQUIER,VA,--,--
O20210217000391,"AMATUS HEALTH CARE LLC","2010 VALLEY VIEW LN","STE 200","FARMERS BRANCH",TX,75234-8915,"(972) 249-4999","HOME INFUSION THERAPY SUPPLIER","RENDERING AREA",CHEROKEE,TX,--,--
O20210217000391,"AMATUS HEALTH CARE LLC","2010 VALLEY VIEW LN","STE 200","FARMERS BRANCH",TX,75234-8915,"(972) 249-4999","HOME INFUSION THERAPY SUPPLIER","RENDERING AREA",UPSHUR,TX,--,--
O20210217000391,"AMATUS HEALTH CARE LLC","2010 VALLEY VIEW LN","STE 200","FARMERS BRANCH",TX,75234-8915,"(972) 249-4999","HOME INFUSION THERAPY SUPPLIER","RENDERING AREA",KAUFMAN,TX,--,--
O20210217000391,"AMATUS HEALTH CARE LLC","2010 VALLEY VIEW LN","STE 200","FARMERS BRANCH",TX,75234-8915,"(972) 249-4999","HOME INFUSION THERAPY SUPPLIER","RENDERING AREA",HOPKINS,TX,--,--
O20210818002720,"PARAGON INFUSION CARE INC","3033 W PRESIDENT GEORGE BUSH HWY","STE 100-A",PLANO,TX,75075-5752,"(972) 588-1000","HOME INFUSION THERAPY SUPPLIER","RENDERING AREA",KARNES,TX,--,--
O20210818002720,"PARAGON INFUSION CARE INC","3033 W PRESIDENT GEORGE BUSH HWY","STE 100-A",PLANO,TX,75075-5752,"(972) 588-1000","HOME INFUSION THERAPY SUPPLIER","RENDERING AREA",GUADALUPE,TX,--,--
O20210416000228,"CATHOLIC HEALTH SYSTEM INFUS","6350 TRANSIT RD",--,DEPEW,NY,14043-1039,"(716) 685-4870","HOME INFUSION THERAPY SUPPLIER","RENDERING AREA","WEST AMHERST",NY,--,--
O20210416000228,"CATHOLIC HEALTH SYSTEM INFUS","6350 TRANSIT RD",--,DEPEW,NY,14043-1039,"(716) 685-4870","HOME INFUSION THERAPY SUPPLIER","RENDERING AREA",EVANS,NY,--,--
O20210416000228,"CATHOLIC HEALTH SYSTEM INFUS","6350 TRANSIT RD",--,DEPEW,NY,14043-1039,"(716) 685-4870","HOME INFUSION THERAPY SUPPLIER","RENDERING AREA",KENMORE,NY,--,--
O20210416000228,"CATHOLIC HEALTH SYSTEM INFUS","6350 TRANSIT RD",--,DEPEW,NY,14043-1039,"(716) 685-4870","HOME INFUSION THERAPY SUPPLIER","RENDERING AREA",LAKEVIEW,NY,--,--
O20220810003389,"EVERCARE CHOICE INC","31 CERONE PL",--,NEWBURGH,NY,12550-5104,"(845) 569-0500","HOME INFUSION THERAPY SUPPLIER","RENDERING AREA",--,NY,--,DUTCHESS
O20210225003055,"ACCREDO HEALTH GROUP INC","422 GALLIMORE DAIRY RD","STE A",GREENSBORO,NC,27409-9725,"(336) 393-0555","HOME INFUSION THERAPY SUPPLIER","RENDERING AREA",--,NC,--,--
O20210415002250,"CORAM ALT SITE SVCS INC","2345 WATERS DR",--,"MENDOTA HEIGHTS",MN,55120-1163,"(651) 452-5600","HOME INFUSION THERAPY SUPPLIER","RENDERING AREA",--,MN,--,--
O20250820000023,"S BROWARD HOSPITAL DISTRICT","9579 PREMIER PKWY",--,MIRAMAR,FL,33025-3206,"(954) 276-8388","HOME INFUSION THERAPY SUPPLIER","RENDERING AREA",--,FL,--,BROWARD
O20210204002060,"SUTTER VISITING NURSE ASSOC","1105 ATLANTIC AVE","STE 102",ALAMEDA,CA,94501-1184,"(510) 450-8900","HOME INFUSION THERAPY SUPPLIER","RENDERING AREA",--,CA,--,BUTTE
O20201207002573,"CRESCENT HEALTHCARE INC","11980 TELEGRAPH RD","STE 102","SANTA FE SPRINGS",CA,90670-6087,"(877) 872-4844","HOME INFUSION THERAPY SUPPLIER","RENDERING AREA",--,CA,--,--
O20210427001062,"ST JOSEPH HEALTH SYSTEM HOME","200 W CENTER STREET PROMENADE","STE 100A",ANAHEIM,CA,92805-3960,"(714) 712-9500","HOME INFUSION THERAPY SUPPLIER","RENDERING AREA",--,CA,--,"SAN BERNARDINO"
O20210818002720,"PARAGON INFUSION CARE INC","3033 W PRESIDENT GEORGE BUSH HWY","STE 100-A",PLANO,TX,75075-5752,"(972) 588-1000","HOME INFUSION THERAPY SUPPLIER","RENDERING AREA",WALKER,TX,--,--
O20210818002720,"PARAGON INFUSION CARE INC","3033 W PRESIDENT GEORGE BUSH HWY","STE 100-A",PLANO,TX,75075-5752,"(972) 588-1000","HOME INFUSION THERAPY SUPPLIER","RENDERING AREA",GRIMES,TX,--,--
O20210107002286,"HOMECHOICE PARTNERS LLC","5365 ROBIN HOOD RD","STE 200",NORFOLK,VA,23513-2416,"(800) 745-7764","HOME INFUSION THERAPY SUPPLIER","RENDERING AREA",--,VA,--,--
O20210120002228,"ALDESI OF FLORIDA, INC.","1800 SW 1ST ST","STE 205",MIAMI,FL,33135-1945,"(305) 817-5559","HOME INFUSION THERAPY SUPPLIER","SUPPLIER GR. AREA",--,FL,--,MIAMI-DADE
O20210113001768,"VISITING NURSE ASSOC OF WI","116 N DODGE ST","STE 6",BURLINGTON,WI,53105-1963,"(800) 862-2201","HOME INFUSION THERAPY SUPPLIER","RENDERING AREA",--,WI,--,SHEBOYGAN
O20210113001768,"VISITING NURSE ASSOC OF WI","11333 W NATIONAL AVE",--,"WEST ALLIS",WI,53227-3111,"(414) 327-2295","HOME INFUSION THERAPY SUPPLIER","RENDERING AREA",--,WI,--,SHEBOYGAN
O20210326001947,"PROVIDENCE HEALTH & SERVICES","3333 S 120TH PL","STE 100",TUKWILA,WA,98168-5134,"(425) 687-4400","HOME INFUSION THERAPY SUPPLIER","SUPPLIER GR. AREA",--,ID,--,BENEWAH
O20210326001947,"PROVIDENCE HEALTH & SERVICES","3333 S 120TH PL","STE 100",TUKWILA,WA,98168-5134,"(425) 687-4400","HOME INFUSION THERAPY SUPPLIER","SUPPLIER GR. AREA",--,ID,--,SHOSHONE
O20210326001947,"PROVIDENCE HEALTH & SERVICES","3333 S 120TH PL","STE 100",TUKWILA,WA,98168-5134,"(425) 687-4400","HOME INFUSION THERAPY SUPPLIER","SUPPLIER GR. AREA",--,MT,--,MINERAL
O20210326001947,"PROVIDENCE HEALTH & SERVICES","3333 S 120TH PL","STE 100",TUKWILA,WA,98168-5134,"(425) 687-4400","HOME INFUSION THERAPY SUPPLIER","SUPPLIER GR. AREA",--,MT,--,"DEER LODGE"
O20210326001947,"PROVIDENCE HEALTH & SERVICES","15918 E EUCLID AVE",--,"SPOKANE VALLEY",WA,99216-1815,"(509) 924-1826","HOME INFUSION THERAPY SUPPLIER","SUPPLIER GR. AREA",--,MT,--,"DEER LODGE"
O20210326001947,"PROVIDENCE HEALTH & SERVICES","3333 S 120TH PL","STE 100",TUKWILA,WA,98168-5134,"(425) 687-4400","HOME INFUSION THERAPY SUPPLIER","SUPPLIER GR. AREA",--,OR,--,WALLOWA
O20210326001947,"PROVIDENCE HEALTH & SERVICES","3333 S 120TH PL","STE 100",TUKWILA,WA,98168-5134,"(425) 687-4400","HOME INFUSION THERAPY SUPPLIER","RENDERING AREA",--,WA,--,KLICKITAT
O20210326001947,"PROVIDENCE HEALTH & SERVICES","15918 E EUCLID AVE",--,"SPOKANE VALLEY",WA,99216-1815,"(509) 924-1826","HOME INFUSION THERAPY SUPPLIER","SUPPLIER GR. AREA",--,OR,--,SHERMAN
O20210326001947,"PROVIDENCE HEALTH & SERVICES","3333 S 120TH PL","STE 100",TUKWILA,WA,98168-5134,"(425) 687-4400","HOME INFUSION THERAPY SUPPLIER","SUPPLIER GR. AREA",--,MT,--,"SILVER BOW"
O20210326001947,"PROVIDENCE HEALTH & SERVICES","3333 S 120TH PL","STE 100",TUKWILA,WA,98168-5134,"(425) 687-4400","HOME INFUSION THERAPY SUPPLIER","SUPPLIER GR. AREA",--,OR,--,MORROW
O20210326001947,"PROVIDENCE HEALTH & SERVICES","15918 E EUCLID AVE",--,"SPOKANE VALLEY",WA,99216-1815,"(509) 924-1826","HOME INFUSION THERAPY SUPPLIER","RENDERING AREA",--,WA,--,PIERCE
O20210326001947,"PROVIDENCE HEALTH & SERVICES","3333 S 120TH PL","STE 100",TUKWILA,WA,98168-5134,"(425) 687-4400","HOME INFUSION THERAPY SUPPLIER","RENDERING AREA",--,WA,--,"GRAYS HARBOR"
O20210204001682,"I. V. CARE OF MIDDLE GEORGIA","151 COLLEGE ST","STE A",MACON,GA,31201-1655,"(478) 743-8997","HOME INFUSION THERAPY SUPPLIER","RENDERING AREA",--,GA,--,MARION
O20210326001947,"PROVIDENCE HEALTH & SERVICES","3333 S 120TH PL","STE 100",TUKWILA,WA,98168-5134,"(425) 687-4400","HOME INFUSION THERAPY SUPPLIER","RENDERING AREA",--,WA,--,ISLAND
O20210326001947,"PROVIDENCE HEALTH & SERVICES","3333 S 120TH PL","STE 100",TUKWILA,WA,98168-5134,"(425) 687-4400","HOME INFUSION THERAPY SUPPLIER","RENDERING AREA",--,WA,--,"SAN JUAN"
O20210128000309,"EHS HOME HEALTH CARE SERVICE","2311 W 22ND ST","STE 300","OAK BROOK",IL,60523-4103,"(630) 963-7900","HOME INFUSION THERAPY SUPPLIER","RENDERING AREA",--,IL,--,COOK
O20210128000309,"EHS HOME HEALTH CARE SERVICE","2311 W 22ND ST","STE 300","OAK BROOK",IL,60523-4103,"(630) 963-7900","HOME INFUSION THERAPY SUPPLIER","RENDERING AREA",--,IL,--,MCHENRY
O20210204001682,"I. V. CARE OF MIDDLE GEORGIA","151 COLLEGE ST","STE A",MACON,GA,31201-1655,"(478) 743-8997","HOME INFUSION THERAPY SUPPLIER","RENDERING AREA",--,GA,--,BUTTS
O20210204001682,"I. V. CARE OF MIDDLE GEORGIA","151 COLLEGE ST","STE A",MACON,GA,31201-1655,"(478) 743-8997","HOME INFUSION THERAPY SUPPLIER","RENDERING AREA",--,GA,--,HOUSTON
O20210204001682,"I. V. CARE OF MIDDLE GEORGIA","151 COLLEGE ST","STE A",MACON,GA,31201-1655,"(478) 743-8997","HOME INFUSION THERAPY SUPPLIER","RENDERING AREA",--,GA,--,MONROE
O20210204001682,"I. V. CARE OF MIDDLE GEORGIA","151 COLLEGE ST","STE A",MACON,GA,31201-1655,"(478) 743-8997","HOME INFUSION THERAPY SUPPLIER","RENDERING AREA",--,GA,--,WILKINSON
O20210204001682,"I. V. CARE OF MIDDLE GEORGIA","151 COLLEGE ST","STE A",MACON,GA,31201-1655,"(478) 743-8997","HOME INFUSION THERAPY SUPPLIER","RENDERING AREA",--,GA,--,PUTNAM
O20210204001682,"I. V. CARE OF MIDDLE GEORGIA","151 COLLEGE ST","STE A",MACON,GA,31201-1655,"(478) 743-8997","HOME INFUSION THERAPY SUPPLIER","RENDERING AREA",--,GA,--,WASHINGTON
O20210204001682,"I. V. CARE OF MIDDLE GEORGIA","151 COLLEGE ST","STE A",MACON,GA,31201-1655,"(478) 743-8997","HOME INFUSION THERAPY SUPPLIER","RENDERING AREA",--,GA,--,"BEN HILL"
O20210204001682,"I. V. CARE OF MIDDLE GEORGIA","151 COLLEGE ST","STE A",MACON,GA,31201-1655,"(478) 743-8997","HOME INFUSION THERAPY SUPPLIER","RENDERING AREA",--,GA,--,CANDLER
O20210204001682,"I. V. CARE OF MIDDLE GEORGIA","151 COLLEGE ST","STE A",MACON,GA,31201-1655,"(478) 743-8997","HOME INFUSION THERAPY SUPPLIER","RENDERING AREA",--,GA,--,SCREVEN
O20210818002720,"PARAGON INFUSION CARE INC","3033 W PRESIDENT GEORGE BUSH HWY","STE 100-A",PLANO,TX,75075-5752,"(972) 588-1000","HOME INFUSION THERAPY SUPPLIER","RENDERING AREA","FORT BEND",TX,--,--
O20210204002060,"SUTTER VISITING NURSE ASSOC","1105 ATLANTIC AVE","STE 102",ALAMEDA,CA,94501-1184,"(510) 450-8900","HOME INFUSION THERAPY SUPPLIER","RENDERING AREA",--,CA,--,ALAMEDA
O20210204002060,"SUTTER VISITING NURSE ASSOC","8318 FERGUSON AVE",--,SACRAMENTO,CA,95828-0902,"(916) 379-3200","HOME INFUSION THERAPY SUPPLIER","RENDERING AREA",--,CA,--,MENDOCINO
O20210204002060,"SUTTER VISITING NURSE ASSOC","8318 FERGUSON AVE",--,SACRAMENTO,CA,95828-0902,"(916) 379-3200","HOME INFUSION THERAPY SUPPLIER","RENDERING AREA",--,CA,--,"SAN BENITO"
O20210204002060,"SUTTER VISITING NURSE ASSOC","8318 FERGUSON AVE",--,SACRAMENTO,CA,95828-0902,"(916) 379-3200","HOME INFUSION THERAPY SUPPLIER","RENDERING AREA",--,CA,--,"SAN JOAQUIN"
O20210204002060,"SUTTER VISITING NURSE ASSOC","1105 ATLANTIC AVE","STE 102",ALAMEDA,CA,94501-1184,"(510) 450-8900","HOME INFUSION THERAPY SUPPLIER","RENDERING AREA",--,CA,--,SOLANO
O20210113001768,"VISITING NURSE ASSOC OF WI","11333 W NATIONAL AVE",--,"WEST ALLIS",WI,53227-3111,"(414) 327-2295","HOME INFUSION THERAPY SUPPLIER","SUPPLIER GR. AREA",--,WI,--,--
O20210107001179,"MEDNOW INFUSION, LLC","800 S INDUSTRY WAY","STE 204",MERIDIAN,ID,83642-3059,"(888) 884-2917","HOME INFUSION THERAPY SUPPLIER","RENDERING AREA",--,ID,--,--
O20210428002102,"ORION HOME HEALTH INC","5836 LINCOLN AVE","STE 120","MORTON GROVE",IL,60053-3351,"(847) 410-0240","HOME INFUSION THERAPY SUPPLIER","RENDERING AREA",--,IL,--,MCHENRY
O20210428002102,"ORION HOME HEALTH INC","5836 LINCOLN AVE","STE 120","MORTON GROVE",IL,60053-3351,"(847) 410-0240","HOME INFUSION THERAPY SUPPLIER","RENDERING AREA",--,IL,--,KANE
O20211001000860,"AMERICARE PHARMACEUTICAL SERVICES,INC.","317 NASSAU BLVD",--,"GARDEN CITY SOUTH",NY,11530-5313,"(516) 292-7948","HOME INFUSION THERAPY SUPPLIER","RENDERING AREA",--,NY,--,KINGS
O20211001000860,"AMERICARE PHARMACEUTICAL SERVICES,INC.","317 NASSAU BLVD",--,"GARDEN CITY SOUTH",NY,11530-5313,"(516) 292-7948","HOME INFUSION THERAPY SUPPLIER","RENDERING AREA",MANHATTAN,NY,--,--
O20210721002875,"SENTARA ENTERPRISES","535 INDEPENDENCE PKWY","STE 300",CHESAPEAKE,VA,23320-5176,"(757) 553-3000","HOME INFUSION THERAPY SUPPLIER","RENDERING AREA",SMITHFIELD,VA,--,--
O20210721002875,"SENTARA ENTERPRISES","535 INDEPENDENCE PKWY","STE 300",CHESAPEAKE,VA,23320-5176,"(757) 553-3000","HOME INFUSION THERAPY SUPPLIER","RENDERING AREA",FRANKLIN,VA,--,--
O20210721002875,"SENTARA ENTERPRISES","535 INDEPENDENCE PKWY","STE 300",CHESAPEAKE,VA,23320-5176,"(757) 553-3000","HOME INFUSION THERAPY SUPPLIER","RENDERING AREA",GLOUCESTER,VA,--,--
O20201209002889,"INFUSION PARTNERS LLC","1796 E BERT KOUNS INDUSTRIAL LOOP","BIOSCRIP INFUSION",SHREVEPORT,LA,71105-5560,"(888) 293-0060","HOME INFUSION THERAPY SUPPLIER","RENDERING AREA",--,LA,--,--
O20210721002875,"SENTARA ENTERPRISES","535 INDEPENDENCE PKWY","STE 300",CHESAPEAKE,VA,23320-5176,"(757) 553-3000","HOME INFUSION THERAPY SUPPLIER","RENDERING AREA","GLOUCESTER POINT",VA,--,--
O20210923002377,"PATHWRITE INC","8601 CROSS PARK DR","STE 400",AUSTIN,TX,78754-4578,"(512) 823-2000","HOME INFUSION THERAPY SUPPLIER","RENDERING AREA",--,TX,--,MILAM
O20201209000620,"UNIVERSITY OF KS AUTHORITY","11300 CORPORATE AVE","STE 160",LENEXA,KS,66219-1365,"(913) 588-2600","HOME INFUSION THERAPY SUPPLIER","RENDERING AREA",--,KS,--,COFFEY
O20210202000152,"OPTUM INFUSION SVCS 302 LLC","8720 S 114TH ST","STE 106","LA VISTA",NE,68128-5585,"(402) 331-5086","HOME INFUSION THERAPY SUPPLIER","RENDERING AREA",--,NE,--,--
O20201209000620,"UNIVERSITY OF KS AUTHORITY","11300 CORPORATE AVE","STE 160",LENEXA,KS,66219-1365,"(913) 588-2600","HOME INFUSION THERAPY SUPPLIER","RENDERING AREA",--,KS,--,JACKSON
O20201209000620,"UNIVERSITY OF KS AUTHORITY","11300 CORPORATE AVE","STE 160",LENEXA,KS,66219-1365,"(913) 588-2600","HOME INFUSION THERAPY SUPPLIER","SUPPLIER GR. AREA",--,KS,--,FRANKLIN
O20201209000620,"UNIVERSITY OF KS AUTHORITY","11300 CORPORATE AVE","STE 160",LENEXA,KS,66219-1365,"(913) 588-2600","HOME INFUSION THERAPY SUPPLIER","SUPPLIER GR. AREA",--,KS,--,JACKSON
O20201209000620,"UNIVERSITY OF KS AUTHORITY","11300 CORPORATE AVE","STE 160",LENEXA,KS,66219-1365,"(913) 588-2600","HOME INFUSION THERAPY SUPPLIER","SUPPLIER GR. AREA",--,KS,--,JOHNSON
O20201209000620,"UNIVERSITY OF KS AUTHORITY","11300 CORPORATE AVE","STE 160",LENEXA,KS,66219-1365,"(913) 588-2600","HOME INFUSION THERAPY SUPPLIER","SUPPLIER GR. AREA",--,KS,--,LEAVENWORTH
O20201209000620,"UNIVERSITY OF KS AUTHORITY","11300 CORPORATE AVE","STE 160",LENEXA,KS,66219-1365,"(913) 588-2600","HOME INFUSION THERAPY SUPPLIER","SUPPLIER GR. AREA",--,KS,--,MIAMI
O20201209000620,"UNIVERSITY OF KS AUTHORITY","11300 CORPORATE AVE","STE 160",LENEXA,KS,66219-1365,"(913) 588-2600","HOME INFUSION THERAPY SUPPLIER","RENDERING AREA",--,KS,--,SHAWNEE
O20210202001453,"OPTUM INFUSION SERVICES 203","9984 PREMIER PKWY",--,MIRAMAR,FL,33025-3209,"(954) 389-1136","HOME INFUSION THERAPY SUPPLIER","RENDERING AREA",--,FL,--,--
O20210513002716,"FLORIDA HOSPITAL HOME INFUSI","11461 N US HIGHWAY 301","STE 105",THONOTOSASSA,FL,33592-3541,"(813) 436-2900","HOME INFUSION THERAPY SUPPLIER","RENDERING AREA",--,FL,--,HILLSBOROUGH
O20210111002489,"MEDICAL ALTERNATIVES","6949 APPLING FARMS PKWY","STE 109",MEMPHIS,TN,38133-4731,"(901) 377-9055","HOME INFUSION THERAPY SUPPLIER","RENDERING AREA",--,TN,--,--
O20210609003237,"RED RIVER PHARM OF JONESBORO","2908 S CARAWAY RD",--,JONESBORO,AR,72401-7346,"(870) 336-2195","HOME INFUSION THERAPY SUPPLIER","RENDERING AREA",--,AR,--,CLAY
O20210609003237,"RED RIVER PHARM OF JONESBORO","2908 S CARAWAY RD",--,JONESBORO,AR,72401-7346,"(870) 336-2195","HOME INFUSION THERAPY SUPPLIER","RENDERING AREA",--,AR,--,GREENE
O20210609003237,"RED RIVER PHARM OF JONESBORO","2908 S CARAWAY RD",--,JONESBORO,AR,72401-7346,"(870) 336-2195","HOME INFUSION THERAPY SUPPLIER","RENDERING AREA",--,AR,--,INDEPENDENCE
O20210609003237,"RED RIVER PHARM OF JONESBORO","2908 S CARAWAY RD",--,JONESBORO,AR,72401-7346,"(870) 336-2195","HOME INFUSION THERAPY SUPPLIER","RENDERING AREA",--,AR,--,MISSISSIPPI
O20210113000980,"CRITICAL CARE SYSTEMS LLC","820 S UNIVERSITY BLVD","STE D&E",MOBILE,AL,36609-7858,"(800) 978-9600","HOME INFUSION THERAPY SUPPLIER","RENDERING AREA",--,AL,--,--
O20210308001462,"KABAFUSION AR LLC","3727 N INVESTMENT DR",--,FAYETTEVILLE,AR,72703-5479,"(866) 263-2770","HOME INFUSION THERAPY SUPPLIER","RENDERING AREA",--,AR,--,--
O20210119001252,"BIOSCRIP INFUSION SVCS","9143 PHILIPS HWY","STE 300",JACKSONVILLE,FL,32256-1366,"(800) 585-7037","HOME INFUSION THERAPY SUPPLIER","RENDERING AREA",--,FL,--,--
O20210211002538,"SOUTHEASTERN HOME HEALTH CARE, LLC","7502 LEE DAVIS RD",--,MECHANICSVILLE,VA,23111-3603,"(804) 769-1380","HOME INFUSION THERAPY SUPPLIER","RENDERING AREA",--,VA,--,HENRICO
O20210211002538,"SOUTHEASTERN HOME HEALTH CARE, LLC","7502 LEE DAVIS RD",--,MECHANICSVILLE,VA,23111-3603,"(804) 769-1380","HOME INFUSION THERAPY SUPPLIER","RENDERING AREA",--,VA,--,POWHATAN
O20210105001419,"TRUSTEES OF THE UNIV OF PA","625 CLARK AVE STE 10","PENN HOME INFUSION THERAPY","KING OF PRUSSIA",PA,19406-4025,"(610) 992-3920","HOME INFUSION THERAPY SUPPLIER","RENDERING AREA",--,PA,--,BERKS
O20210105001419,"TRUSTEES OF THE UNIV OF PA","625 CLARK AVE STE 10","PENN HOME INFUSION THERAPY","KING OF PRUSSIA",PA,19406-4025,"(610) 992-3920","HOME INFUSION THERAPY SUPPLIER","RENDERING AREA",--,PA,--,NORTHAMPTON
O20210106002190,"OPTION CARE ENTERPRISES INC","131 RACINE DR",--,WILMINGTON,NC,28403-8777,"(800) 849-4901","HOME INFUSION THERAPY SUPPLIER","RENDERING AREA",--,NC,--,--
O20210408001566,"FLORIDA HOSPITAL HOME INFUSI","556 FLORIDA CENTRAL PKWY","STE 1044",LONGWOOD,FL,32750-5177,"(407) 865-5489","HOME INFUSION THERAPY SUPPLIER","RENDERING AREA",--,FL,--,BREVARD
O20210211002538,"SOUTHEASTERN HOME HEALTH CARE, LLC","7502 LEE DAVIS RD",--,MECHANICSVILLE,VA,23111-3603,"(804) 769-1380","HOME INFUSION THERAPY SUPPLIER","SUPPLIER GR. AREA",--,VA,--,"PRINCE GEORGE"
O20210201000464,"HEALTH CARE OF SOUTH FLORIDA","2000 NW 150TH AVE","STE 2107","PEMBROKE PINES",FL,33028-2870,"(954) 431-1534","HOME INFUSION THERAPY SUPPLIER","RENDERING AREA",--,FL,--,--
O20210108000019,"OPTION CARE ENTERPRISES INC","604 WHITE CLAY CENTER DR",--,NEWARK,DE,19711-5455,"(800) 522-4473","HOME INFUSION THERAPY SUPPLIER","RENDERING AREA",--,DE,--,--
O20210625001423,"VISITING NURSING ASSOCIATION OF WESTERN NEW YORK, INC.","650 AIRBORNE PKWY",--,CHEEKTOWAGA,NY,14225-1434,7166308000-8662,"HOME INFUSION THERAPY SUPPLIER","RENDERING AREA",--,NY,--,NIAGARA
O20210625001423,"VISITING NURSING ASSOCIATION OF WESTERN NEW YORK, INC.","650 AIRBORNE PKWY",--,CHEEKTOWAGA,NY,14225-1434,7166308000-8662,"HOME INFUSION THERAPY SUPPLIER","RENDERING AREA",--,NY,--,CHAUTAUQUA
O20210818002720,"PARAGON INFUSION CARE INC","3033 W PRESIDENT GEORGE BUSH HWY","STE 100-A",PLANO,TX,75075-5752,"(972) 588-1000","HOME INFUSION THERAPY SUPPLIER","RENDERING AREA",FANNIN,TX,--,--
O20210818002720,"PARAGON INFUSION CARE INC","3033 W PRESIDENT GEORGE BUSH HWY","STE 100-A",PLANO,TX,75075-5752,"(972) 588-1000","HOME INFUSION THERAPY SUPPLIER","RENDERING AREA",HOOD,TX,--,--
O20210818002720,"PARAGON INFUSION CARE INC","3033 W PRESIDENT GEORGE BUSH HWY","STE 100-A",PLANO,TX,75075-5752,"(972) 588-1000","HOME INFUSION THERAPY SUPPLIER","RENDERING AREA",PARKER,TX,--,--
O20210830003236,"ACCESS HOME CARE","820 OAK HARBOR BLVD",--,SLIDELL,LA,70458-8825,"(985) 707-2790","HOME INFUSION THERAPY SUPPLIER","RENDERING AREA",--,LA,--,--
O20201223001304,"HORIZON HOME CARE & HOSPICE","3232 PLEASANT VALLEY RD",--,"WEST BEND",WI,53095-9274,"(414) 365-8300","HOME INFUSION THERAPY SUPPLIER","SUPPLIER GR. AREA",--,WI,--,MILWAUKEE
O20201223001304,"HORIZON HOME CARE & HOSPICE","112 E DREXEL AVE",--,"OAK CREEK",WI,53154-2123,"(414) 365-8300","HOME INFUSION THERAPY SUPPLIER","SUPPLIER GR. AREA",--,WI,--,OZAUKEE
O20201223001304,"HORIZON HOME CARE & HOSPICE","110 LONE OAK LN",--,HARTFORD,WI,53027-2600,"(414) 365-8300","HOME INFUSION THERAPY SUPPLIER","RENDERING AREA",--,WI,--,JEFFERSON
O20201223001304,"HORIZON HOME CARE & HOSPICE","13111 N PORT WASHINGTON RD",--,MEQUON,WI,53097-2416,"(414) 365-8300","HOME INFUSION THERAPY SUPPLIER","RENDERING AREA",--,WI,--,RACINE
O20201223001304,"HORIZON HOME CARE & HOSPICE","11002 W PARK PL",--,MILWAUKEE,WI,53224-3615,"(414) 365-8300","HOME INFUSION THERAPY SUPPLIER","RENDERING AREA",--,WI,--,OZAUKEE
O20201223001304,"HORIZON HOME CARE & HOSPICE","13111 N PORT WASHINGTON RD",--,MEQUON,WI,53097-2416,"(414) 365-8300","HOME INFUSION THERAPY SUPPLIER","SUPPLIER GR. AREA",--,WI,--,"FOND DU LAC"
O20201223001304,"HORIZON HOME CARE & HOSPICE","3232 PLEASANT VALLEY RD",--,"WEST BEND",WI,53095-9274,"(414) 365-8300","HOME INFUSION THERAPY SUPPLIER","RENDERING AREA",--,WI,--,WALWORTH
O20201223001304,"HORIZON HOME CARE & HOSPICE","112 E DREXEL AVE",--,"OAK CREEK",WI,53154-2123,"(414) 365-8300","HOME INFUSION THERAPY SUPPLIER","RENDERING AREA",--,WI,--,SHEBOYGAN
O20201223001304,"HORIZON HOME CARE & HOSPICE","3232 PLEASANT VALLEY RD",--,"WEST BEND",WI,53095-9274,"(414) 365-8300","HOME INFUSION THERAPY SUPPLIER","SUPPLIER GR. AREA",--,WI,--,DODGE
O20201223001304,"HORIZON HOME CARE & HOSPICE","8503 75TH ST","STE B",KENOSHA,WI,53142-7620,"(414) 365-8300","HOME INFUSION THERAPY SUPPLIER","SUPPLIER GR. AREA",--,WI,--,WAUKESHA
O20201223001304,"HORIZON HOME CARE & HOSPICE","112 E DREXEL AVE",--,"OAK CREEK",WI,53154-2123,"(414) 365-8300","HOME INFUSION THERAPY SUPPLIER","SUPPLIER GR. AREA",--,WI,--,WAUKESHA
O20201223001304,"HORIZON HOME CARE & HOSPICE","112 E DREXEL AVE",--,"OAK CREEK",WI,53154-2123,"(414) 365-8300","HOME INFUSION THERAPY SUPPLIER","RENDERING AREA",--,WI,--,WAUKESHA
O20201223001304,"HORIZON HOME CARE & HOSPICE","3232 PLEASANT VALLEY RD",--,"WEST BEND",WI,53095-9274,"(414) 365-8300","HOME INFUSION THERAPY SUPPLIER","SUPPLIER GR. AREA",--,WI,--,JEFFERSON
O20201223001304,"HORIZON HOME CARE & HOSPICE","3232 PLEASANT VALLEY RD",--,"WEST BEND",WI,53095-9274,"(414) 365-8300","HOME INFUSION THERAPY SUPPLIER","SUPPLIER GR. AREA",--,WI,--,WALWORTH
O20210113001210,"HOMECHOICE PARTNERS LLC","1 7TH ST","STE 107",AUGUSTA,GA,30901-1305,"(800) 409-9411","HOME INFUSION THERAPY SUPPLIER","RENDERING AREA",--,GA,--,--
O20211223000003,"EAST ALABAMA APOTHECARY, LLC","1171 GATEWOOD DR","STE 1200",AUBURN,AL,36830-1817,"(334) 528-2293","HOME INFUSION THERAPY SUPPLIER","RENDERING AREA",--,GA,--,--
O20240809003465,"DESCANSO HOME HEALTH SERVICE","408 S CITRUS AVE",--,COVINA,CA,91723-2927,"(626) 261-4835","HOME INFUSION THERAPY SUPPLIER","RENDERING AREA",--,CA,--,"SAN BERNARDINO"
O20240809003465,"DESCANSO HOME HEALTH SERVICE","408 S CITRUS AVE",--,COVINA,CA,91723-2927,"(626) 261-4835","HOME INFUSION THERAPY SUPPLIER","RENDERING AREA",--,CA,--,ORANGE
O20231031001986,"HEALTHPROV L.L.C.","1505 CALLE DEL NORTE","STE 375",LAREDO,TX,78041-6040,"(956) 728-0411","HOME INFUSION THERAPY SUPPLIER","RENDERING AREA",--,TX,--,STARR
O20230320000743,"HERITAGE BIOLOGICS LLC","255 NW VICTORIA DR","STE B","LEES SUMMIT",MO,64086-4709,"(855) 937-7273","HOME INFUSION THERAPY SUPPLIER","RENDERING AREA",--,HI,--,--
O20230320000743,"HERITAGE BIOLOGICS LLC","255 NW VICTORIA DR","STE B","LEES SUMMIT",MO,64086-4709,"(855) 937-7273","HOME INFUSION THERAPY SUPPLIER","RENDERING AREA",--,NH,--,--
O20230320000743,"HERITAGE BIOLOGICS LLC","255 NW VICTORIA DR","STE B","LEES SUMMIT",MO,64086-4709,"(855) 937-7273","HOME INFUSION THERAPY SUPPLIER","RENDERING AREA",--,CO,--,--
O20230320000743,"HERITAGE BIOLOGICS LLC","255 NW VICTORIA DR","STE B","LEES SUMMIT",MO,64086-4709,"(855) 937-7273","HOME INFUSION THERAPY SUPPLIER","RENDERING AREA",--,KY,--,--
O20230320000743,"HERITAGE BIOLOGICS LLC","255 NW VICTORIA DR","STE B","LEES SUMMIT",MO,64086-4709,"(855) 937-7273","HOME INFUSION THERAPY SUPPLIER","RENDERING AREA",--,MD,--,--
O20230714001741,"ELITE INFUSION CARE LLC","1440 N HARBOR BLVD","STE 916",FULLERTON,CA,92835-4127,"(714) 519-6993","HOME INFUSION THERAPY SUPPLIER","SUPPLIER GR. AREA",--,CA,--,"LOS ANGELES"
O20210226001747,"IVEDCO LLC","10920 W SAM HOUSTON PKWY N","STE 800/950, KABAFUSION TX",HOUSTON,TX,77064-6322,"(877) 801-4087","HOME INFUSION THERAPY SUPPLIER","RENDERING AREA",--,KY,--,--
O20241210004789,"FAST ACCESS SPECIALTY TRPT(S","8101 RIDGEPOINT DR","STE 100",IRVING,TX,75063-3165,"(877) 828-3940","HOME INFUSION THERAPY SUPPLIER","RENDERING AREA",--,TX,--,--
O20241028002886,"KABAFUSION MD LLC","8989 HERRMANN DR","STE 140",COLUMBIA,MD,21045-5154,"(888) 214-7624","HOME INFUSION THERAPY SUPPLIER","RENDERING AREA",--,MD,--,--
O20201223001304,"HORIZON HOME CARE & HOSPICE","110 LONE OAK LN",--,HARTFORD,WI,53027-2600,"(414) 365-8300","HOME INFUSION THERAPY SUPPLIER","SUPPLIER GR. AREA",--,WI,--,CALUMET
O20201223001304,"HORIZON HOME CARE & HOSPICE","3232 PLEASANT VALLEY RD",--,"WEST BEND",WI,53095-9274,"(414) 365-8300","HOME INFUSION THERAPY SUPPLIER","SUPPLIER GR. AREA",--,WI,--,MANITOWOC
O20201223001304,"HORIZON HOME CARE & HOSPICE","13111 N PORT WASHINGTON RD",--,MEQUON,WI,53097-2416,"(414) 365-8300","HOME INFUSION THERAPY SUPPLIER","SUPPLIER GR. AREA",--,WI,--,WINNEBAGO
O20221128000976,"MEDILINK RXCARE HAMMONTON","44 S WHITE HORSE PIKE",--,HAMMONTON,NJ,08037-1845,"(609) 956-1900","HOME INFUSION THERAPY SUPPLIER","SUPPLIER GR. AREA",--,NJ,--,--
O20221128000976,"MEDILINK RXCARE HAMMONTON","44 S WHITE HORSE PIKE",--,HAMMONTON,NJ,08037-1845,"(609) 956-1900","HOME INFUSION THERAPY SUPPLIER","RENDERING AREA",--,NJ,--,MONMOUTH
O20221229000167,"SOLEO HEALTH INC","10119 BROADWAY",--,"SAN ANTONIO",TX,78217-4420,"(210) 310-3060","HOME INFUSION THERAPY SUPPLIER","RENDERING AREA",--,TX,--,--
O20230320000743,"HERITAGE BIOLOGICS LLC","255 NW VICTORIA DR","STE B","LEES SUMMIT",MO,64086-4709,"(855) 937-7273","HOME INFUSION THERAPY SUPPLIER","RENDERING AREA",--,AR,--,--
O20230320000743,"HERITAGE BIOLOGICS LLC","255 NW VICTORIA DR","STE B","LEES SUMMIT",MO,64086-4709,"(855) 937-7273","HOME INFUSION THERAPY SUPPLIER","RENDERING AREA",--,ID,--,--
O20230508000918,"OPTIVRX, LLC","1600 BREDA DR","FL B",KNOXVILLE,TN,37918-1405,"(865) 500-4987","HOME INFUSION THERAPY SUPPLIER","SUPPLIER GR. AREA",--,TN,--,--
O20260403000172,"MUNSON MEDICAL CENTER","1105 6TH ST","HOME INFUSION","TRAVERSE CITY",MI,49684-2345,"(231) 935-5999","HOME INFUSION THERAPY SUPPLIER","SUPPLIER GR. AREA",--,MI,--,"GRAND TRAVERSE"
O20260403000172,"MUNSON MEDICAL CENTER","1105 6TH ST","HOME INFUSION","TRAVERSE CITY",MI,49684-2345,"(231) 935-5999","HOME INFUSION THERAPY SUPPLIER","SUPPLIER GR. AREA",--,MI,--,LAKE
O20260403000172,"MUNSON MEDICAL CENTER","1105 6TH ST","HOME INFUSION","TRAVERSE CITY",MI,49684-2345,"(231) 935-5999","HOME INFUSION THERAPY SUPPLIER","SUPPLIER GR. AREA",--,MI,--,OSCEOLA
O20260403000172,"MUNSON MEDICAL CENTER","1105 6TH ST","HOME INFUSION","TRAVERSE CITY",MI,49684-2345,"(231) 935-5999","HOME INFUSION THERAPY SUPPLIER","SUPPLIER GR. AREA",--,MI,--,OTSEGO
O20260403000172,"MUNSON MEDICAL CENTER","1105 6TH ST","HOME INFUSION","TRAVERSE CITY",MI,49684-2345,"(231) 935-5999","HOME INFUSION THERAPY SUPPLIER","RENDERING AREA",--,MI,49618,WEXFORD
O20260403000172,"MUNSON MEDICAL CENTER","1105 6TH ST","HOME INFUSION","TRAVERSE CITY",MI,49684-2345,"(231) 935-5999","HOME INFUSION THERAPY SUPPLIER","RENDERING AREA",--,MI,48653,ROSCOMMON
O20210105001419,"TRUSTEES OF THE UNIV OF PA","1070 NEW HOLLAND AVE",--,LANCASTER,PA,17601-5606,"(717) 544-3590","HOME INFUSION THERAPY SUPPLIER","RENDERING AREA",--,PA,--,LEBANON
O20201223001304,"HORIZON HOME CARE & HOSPICE","13111 N PORT WASHINGTON RD",--,MEQUON,WI,53097-2416,"(414) 365-8300","HOME INFUSION THERAPY SUPPLIER","RENDERING AREA",--,WI,--,CALUMET
O20201223001304,"HORIZON HOME CARE & HOSPICE","3232 PLEASANT VALLEY RD",--,"WEST BEND",WI,53095-9274,"(414) 365-8300","HOME INFUSION THERAPY SUPPLIER","RENDERING AREA",--,WI,--,CALUMET
O20201223001304,"HORIZON HOME CARE & HOSPICE","110 LONE OAK LN",--,HARTFORD,WI,53027-2600,"(414) 365-8300","HOME INFUSION THERAPY SUPPLIER","RENDERING AREA",--,WI,--,WINNEBAGO
O20201223001304,"HORIZON HOME CARE & HOSPICE","112 E DREXEL AVE",--,"OAK CREEK",WI,53154-2123,"(414) 365-8300","HOME INFUSION THERAPY SUPPLIER","RENDERING AREA",--,WI,--,WINNEBAGO
O20201223001304,"HORIZON HOME CARE & HOSPICE","13111 N PORT WASHINGTON RD",--,MEQUON,WI,53097-2416,"(414) 365-8300","HOME INFUSION THERAPY SUPPLIER","RENDERING AREA",--,WI,--,WINNEBAGO
O20210226001747,"IVEDCO LLC","10920 W SAM HOUSTON PKWY N","STE 800/950, KABAFUSION TX",HOUSTON,TX,77064-6322,"(877) 801-4087","HOME INFUSION THERAPY SUPPLIER","RENDERING AREA",--,AR,--,--
O20210226001747,"IVEDCO LLC","10920 W SAM HOUSTON PKWY N","STE 800/950, KABAFUSION TX",HOUSTON,TX,77064-6322,"(877) 801-4087","HOME INFUSION THERAPY SUPPLIER","RENDERING AREA",--,KS,--,--
O20251120003495,"TWELFTH ONE LLC","2095 S COOPER RD",--,CHANDLER,AZ,85286-7155,4807396040-301,"HOME INFUSION THERAPY SUPPLIER","RENDERING AREA",--,AZ,--,--
O20250919001388,"EXECUTIVE INFUSION SVCS LLC","17000 EXECUTIVE PLAZA DR","STE 201",DEARBORN,MI,48126-2793,3139823220-300,"HOME INFUSION THERAPY SUPPLIER","RENDERING AREA",--,MI,--,--
O20241203000330,"MEDICAL CENTER PHARMACY AND HOME CARE CENTER, INC","600 DERBY AVE",--,"WEST HAVEN",CT,06516-1000,"(203) 479-3057","HOME INFUSION THERAPY SUPPLIER","RENDERING AREA",--,CT,--,--
O20241108002639,"DM CLINICAL COLLABORATIONS","6108 SAN FERNANDO RD",--,GLENDALE,CA,91201-2240,"(877) 828-3940","HOME INFUSION THERAPY SUPPLIER","SUPPLIER GR. AREA",--,CA,--,--
O20210326000312,"HOME CARE SERVICES INC","160 RARITAN CENTER PKWY","STE 18",EDISON,NJ,08837-3637,"(800) 383-8393","HOME INFUSION THERAPY SUPPLIER","RENDERING AREA",--,DE,--,--
O20210326000312,"HOME CARE SERVICES INC","160 RARITAN CENTER PKWY","STE 18",EDISON,NJ,08837-3637,"(800) 383-8393","HOME INFUSION THERAPY SUPPLIER","RENDERING AREA",--,KY,--,--
O20210326000312,"HOME CARE SERVICES INC","160 RARITAN CENTER PKWY","STE 18",EDISON,NJ,08837-3637,"(800) 383-8393","HOME INFUSION THERAPY SUPPLIER","RENDERING AREA",--,FL,--,--
O20210308001462,"KABAFUSION AR LLC","3727 N INVESTMENT DR",--,FAYETTEVILLE,AR,72703-5479,"(866) 263-2770","HOME INFUSION THERAPY SUPPLIER","RENDERING AREA",--,OK,--,--
O20250422003191,"MEDRX INFUSION CLINICAL","415-417 N OAK STREET",--,INGLEWOOD,CA,90302-3314,"(310) 671-2600","HOME INFUSION THERAPY SUPPLIER","RENDERING AREA",--,CA,--,--
O20260626003735,"SUPPORT HOME HEALTH CARE LLC","2300 N BARRINGTON RD STE 400",--,"HOFFMAN ESTATES",IL,60169-2036,"(224) 254-4393","HOME INFUSION THERAPY SUPPLIER","RENDERING AREA",--,IL,--,DUPAGE
O20240213000467,"WELLS SPECIALTY PHARMACY INC","3796 HOWELL BRANCH RD",--,"WINTER PARK",FL,32792-1740,"(844) 442-9482","HOME INFUSION THERAPY SUPPLIER",--,--,--,--,--
O20210712001767,"PROMPTCARE HOME INFUSION LLC","51 E BETHPAGE RD","STE 200B",PLAINVIEW,NY,11803-4224,"(866) 526-1297","HOME INFUSION THERAPY SUPPLIER",--,--,--,--,--
O20220414002285,"ELMWOOD HOME CARE INC","100 INDUSTRIAL PARK RD",--,TAUNTON,MA,02780-7395,"(508) 576-6060","HOME INFUSION THERAPY SUPPLIER","RENDERING AREA",--,RI,--,--
O20220203001062,"MKARE MANAGEMENT INC","147 AUBURN RDG",--,"SPRING BRANCH",TX,78070-6001,"(210) 663-1886","HOME INFUSION THERAPY SUPPLIER","RENDERING AREA",--,TX,--,ATASCOSA
O20220203001062,"MKARE MANAGEMENT INC","147 AUBURN RDG",--,"SPRING BRANCH",TX,78070-6001,"(210) 663-1886","HOME INFUSION THERAPY SUPPLIER","RENDERING AREA",--,TX,--,BANDERA
O20220203001062,"MKARE MANAGEMENT INC","147 AUBURN RDG",--,"SPRING BRANCH",TX,78070-6001,"(210) 663-1886","HOME INFUSION THERAPY SUPPLIER","RENDERING AREA",--,TX,--,BEXAR
O20201215000417,"OPTION CARE ENTERPRISES INC","8013 FLINT ST",--,LENEXA,KS,66214-3335,"(800) 475-1101","HOME INFUSION THERAPY SUPPLIER","RENDERING AREA",--,KS,--,--
O20210108000842,"SOLEO HEALTH INC","6547 S RACINE CIR","STE 1400",CENTENNIAL,CO,80111-6459,"(844) 767-5050","HOME INFUSION THERAPY SUPPLIER","RENDERING AREA",--,CO,--,--
O20260325003657,"AGIOS CORP","1314 S BAY ST",--,EUSTIS,FL,32726-5551,"(325) 357-6699","HOME INFUSION THERAPY SUPPLIER","SUPPLIER GR. AREA",--,FL,--,--
O20210820002970,"MISSION HOSPICE & HOME CARE INC","66 BOVET RD","STE 100","SAN MATEO",CA,94402-3126,"(650) 554-1000","HOME INFUSION THERAPY SUPPLIER","RENDERING AREA",--,CA,--,"SANTA CLARA"
O20220509002548,"FACTOR ONE SOURCE PHARM LLC","217 GLENN ST","STE 300",CUMBERLAND,MD,21502-2590,"(877) 828-3940","HOME INFUSION THERAPY SUPPLIER","RENDERING AREA",--,NM,--,--
O20220509002548,"FACTOR ONE SOURCE PHARM LLC","217 GLENN ST","STE 300",CUMBERLAND,MD,21502-2590,"(877) 828-3940","HOME INFUSION THERAPY SUPPLIER","RENDERING AREA",--,NC,--,--
O20220509002548,"FACTOR ONE SOURCE PHARM LLC","217 GLENN ST","STE 300",CUMBERLAND,MD,21502-2590,"(877) 828-3940","HOME INFUSION THERAPY SUPPLIER","RENDERING AREA",--,OR,--,--
O20220509002548,"FACTOR ONE SOURCE PHARM LLC","217 GLENN ST","STE 300",CUMBERLAND,MD,21502-2590,"(877) 828-3940","HOME INFUSION THERAPY SUPPLIER","RENDERING AREA",--,SD,--,--
O20220509002548,"FACTOR ONE SOURCE PHARM LLC","217 GLENN ST","STE 300",CUMBERLAND,MD,21502-2590,"(877) 828-3940","HOME INFUSION THERAPY SUPPLIER","RENDERING AREA",--,VT,--,--
O20220509002548,"FACTOR ONE SOURCE PHARM LLC","217 GLENN ST","STE 300",CUMBERLAND,MD,21502-2590,"(877) 828-3940","HOME INFUSION THERAPY SUPPLIER","RENDERING AREA",--,WA,--,--
O20220509002548,"FACTOR ONE SOURCE PHARM LLC","217 GLENN ST","STE 300",CUMBERLAND,MD,21502-2590,"(877) 828-3940","HOME INFUSION THERAPY SUPPLIER","RENDERING AREA",--,AR,--,--
O20220509002548,"FACTOR ONE SOURCE PHARM LLC","217 GLENN ST","STE 300",CUMBERLAND,MD,21502-2590,"(877) 828-3940","HOME INFUSION THERAPY SUPPLIER","RENDERING AREA",--,CA,--,--
O20220509002548,"FACTOR ONE SOURCE PHARM LLC","217 GLENN ST","STE 300",CUMBERLAND,MD,21502-2590,"(877) 828-3940","HOME INFUSION THERAPY SUPPLIER","RENDERING AREA",--,DC,--,--
O20220509002548,"FACTOR ONE SOURCE PHARM LLC","217 GLENN ST","STE 300",CUMBERLAND,MD,21502-2590,"(877) 828-3940","HOME INFUSION THERAPY SUPPLIER","RENDERING AREA",--,FL,--,--
O20220509002548,"FACTOR ONE SOURCE PHARM LLC","217 GLENN ST","STE 300",CUMBERLAND,MD,21502-2590,"(877) 828-3940","HOME INFUSION THERAPY SUPPLIER","RENDERING AREA",--,GU,--,--
O20220509002548,"FACTOR ONE SOURCE PHARM LLC","217 GLENN ST","STE 300",CUMBERLAND,MD,21502-2590,"(877) 828-3940","HOME INFUSION THERAPY SUPPLIER","RENDERING AREA",--,ME,--,--
O20220509002548,"FACTOR ONE SOURCE PHARM LLC","217 GLENN ST","STE 300",CUMBERLAND,MD,21502-2590,"(877) 828-3940","HOME INFUSION THERAPY SUPPLIER","RENDERING AREA",--,MO,--,--
O20220509002548,"FACTOR ONE SOURCE PHARM LLC","217 GLENN ST","STE 300",CUMBERLAND,MD,21502-2590,"(877) 828-3940","HOME INFUSION THERAPY SUPPLIER","RENDERING AREA",--,NV,--,--
O20210309002322,"PROVIDENCE HEALTH & SERVICES","840 ROYAL AVE","STE 120",MEDFORD,OR,97504-6461,"(541) 732-5566","HOME INFUSION THERAPY SUPPLIER","RENDERING AREA",--,OR,--,BAKER
O20210309002322,"PROVIDENCE HEALTH & SERVICES","840 ROYAL AVE","STE 120",MEDFORD,OR,97504-6461,"(541) 732-5566","HOME INFUSION THERAPY SUPPLIER","RENDERING AREA",--,OR,--,LAKE
O20210309002322,"PROVIDENCE HEALTH & SERVICES","840 ROYAL AVE","STE 120",MEDFORD,OR,97504-6461,"(541) 732-5566","HOME INFUSION THERAPY SUPPLIER","RENDERING AREA",--,OR,--,LINN
O20210309002322,"PROVIDENCE HEALTH & SERVICES","6410 NE HALSEY ST","STE 400",PORTLAND,OR,97213-4759,"(503) 215-4633","HOME INFUSION THERAPY SUPPLIER","RENDERING AREA",--,OR,--,TILLAMOOK
O20210309002322,"PROVIDENCE HEALTH & SERVICES","840 ROYAL AVE","STE 120",MEDFORD,OR,97504-6461,"(541) 732-5566","HOME INFUSION THERAPY SUPPLIER","RENDERING AREA",--,OR,--,WASHINGTON
O20230427001393,"EAST TEXAS PHC LLC","602 E WHALEY ST",--,LONGVIEW,TX,75601-6525,"(903) 753-2273","HOME INFUSION THERAPY SUPPLIER","SUPPLIER GR. AREA",--,TX,--,HARRISON
O20230427001393,"EAST TEXAS PHC LLC","602 E WHALEY ST",--,LONGVIEW,TX,75601-6525,"(903) 753-2273","HOME INFUSION THERAPY SUPPLIER","SUPPLIER GR. AREA",--,TX,--,PANOLA
O20230427001393,"EAST TEXAS PHC LLC","602 E WHALEY ST",--,LONGVIEW,TX,75601-6525,"(903) 753-2273","HOME INFUSION THERAPY SUPPLIER","RENDERING AREA",--,TX,--,HARRISON
O20210319000101,"PRI-MED INFUSION SERVICES","5517 N CUMBERLAND AVE","STE 915",CHICAGO,IL,60656-4740,"(800) 831-7740","HOME INFUSION THERAPY SUPPLIER","RENDERING AREA",--,WI,--,--
O20210309000658,"KABAFUSION KY LLC","5694 SHEPHERDSVILLE RD",--,LOUISVILLE,KY,40228-1014,"(800) 999-3652","HOME INFUSION THERAPY SUPPLIER","RENDERING AREA",--,IN,--,--
O20210629000233,"HEALING HOME HEALTHCARE INC","7000 INFANTRY RIDGE RD","STE 110",MANASSAS,VA,20109-2370,"(703) 650-0576","HOME INFUSION THERAPY SUPPLIER","RENDERING AREA",--,VA,--,LOUDOUN
O20221115000705,"ACCREDO HEALTH GROUP INC","45 ROUTE 46","STE 609","PINE BROOK",NJ,07058-9397,"(973) 276-0254","HOME INFUSION THERAPY SUPPLIER","SUPPLIER GR. AREA",--,NJ,--,--
O20210215000954,"INNOVATIVE SERVICES INC","200 AIRPARK DR","STE 60",ROCHESTER,NY,14624-5716,"(585) 423-9580","HOME INFUSION THERAPY SUPPLIER","RENDERING AREA",--,NY,--,--
O20210217000391,"AMATUS HEALTH CARE LLC","2010 VALLEY VIEW LN","STE 200","FARMERS BRANCH",TX,75234-8915,"(972) 249-4999","HOME INFUSION THERAPY SUPPLIER","RENDERING AREA",DENTON,TX,--,--
O20210217000391,"AMATUS HEALTH CARE LLC","2010 VALLEY VIEW LN","STE 200","FARMERS BRANCH",TX,75234-8915,"(972) 249-4999","HOME INFUSION THERAPY SUPPLIER","RENDERING AREA",BOWIE,TX,--,--
O20210217000391,"AMATUS HEALTH CARE LLC","2010 VALLEY VIEW LN","STE 200","FARMERS BRANCH",TX,75234-8915,"(972) 249-4999","HOME INFUSION THERAPY SUPPLIER","RENDERING AREA",CAMP,TX,--,--
O20210217000391,"AMATUS HEALTH CARE LLC","2010 VALLEY VIEW LN","STE 200","FARMERS BRANCH",TX,75234-8915,"(972) 249-4999","HOME INFUSION THERAPY SUPPLIER","RENDERING AREA",DELTA,TX,--,--
O20210217000391,"AMATUS HEALTH CARE LLC","2010 VALLEY VIEW LN","STE 200","FARMERS BRANCH",TX,75234-8915,"(972) 249-4999","HOME INFUSION THERAPY SUPPLIER","RENDERING AREA",LAMAR,TX,--,--
O20210217000391,"AMATUS HEALTH CARE LLC","2010 VALLEY VIEW LN","STE 200","FARMERS BRANCH",TX,75234-8915,"(972) 249-4999","HOME INFUSION THERAPY SUPPLIER","RENDERING AREA",ELLIS,TX,--,--
O20210217000391,"AMATUS HEALTH CARE LLC","2010 VALLEY VIEW LN","STE 200","FARMERS BRANCH",TX,75234-8915,"(972) 249-4999","HOME INFUSION THERAPY SUPPLIER","RENDERING AREA",HOOD,TX,--,--
O20210217000391,"AMATUS HEALTH CARE LLC","2010 VALLEY VIEW LN","STE 200","FARMERS BRANCH",TX,75234-8915,"(972) 249-4999","HOME INFUSION THERAPY SUPPLIER","RENDERING AREA",HARRISON,TX,--,--
O20210217000391,"AMATUS HEALTH CARE LLC","2010 VALLEY VIEW LN","STE 200","FARMERS BRANCH",TX,75234-8915,"(972) 249-4999","HOME INFUSION THERAPY SUPPLIER","RENDERING AREA",MARION,TX,--,--
O20210217000391,"AMATUS HEALTH CARE LLC","2010 VALLEY VIEW LN","STE 200","FARMERS BRANCH",TX,75234-8915,"(972) 249-4999","HOME INFUSION THERAPY SUPPLIER","RENDERING AREA","RED RIVER",TX,--,--
O20210217000391,"AMATUS HEALTH CARE LLC","2010 VALLEY VIEW LN","STE 200","FARMERS BRANCH",TX,75234-8915,"(972) 249-4999","HOME INFUSION THERAPY SUPPLIER","RENDERING AREA",HUNT,TX,--,--
O20210818002720,"PARAGON INFUSION CARE INC","3033 W PRESIDENT GEORGE BUSH HWY","STE 100-A",PLANO,TX,75075-5752,"(972) 588-1000","HOME INFUSION THERAPY SUPPLIER","RENDERING AREA",BANDERA,TX,--,--
O20210818002720,"PARAGON INFUSION CARE INC","3033 W PRESIDENT GEORGE BUSH HWY","STE 100-A",PLANO,TX,75075-5752,"(972) 588-1000","HOME INFUSION THERAPY SUPPLIER","RENDERING AREA",BLANCO,TX,--,--
O20210416000228,"CATHOLIC HEALTH SYSTEM INFUS","6350 TRANSIT RD",--,DEPEW,NY,14043-1039,"(716) 685-4870","HOME INFUSION THERAPY SUPPLIER","RENDERING AREA",CHAFFEE,NY,--,--
O20210416000228,"CATHOLIC HEALTH SYSTEM INFUS","6350 TRANSIT RD",--,DEPEW,NY,14043-1039,"(716) 685-4870","HOME INFUSION THERAPY SUPPLIER","RENDERING AREA",BRANT,NY,--,--
O20210416000228,"CATHOLIC HEALTH SYSTEM INFUS","6350 TRANSIT RD",--,DEPEW,NY,14043-1039,"(716) 685-4870","HOME INFUSION THERAPY SUPPLIER","RENDERING AREA",SPRINGBROOK,NY,--,--
O20210416000228,"CATHOLIC HEALTH SYSTEM INFUS","6350 TRANSIT RD",--,DEPEW,NY,14043-1039,"(716) 685-4870","HOME INFUSION THERAPY SUPPLIER","RENDERING AREA",HAMBURG,NY,--,--
O20210416000228,"CATHOLIC HEALTH SYSTEM INFUS","6350 TRANSIT RD",--,DEPEW,NY,14043-1039,"(716) 685-4870","HOME INFUSION THERAPY SUPPLIER","RENDERING AREA","GRAND ISLAND",NY,--,--
O20210224002590,"UNIVERSITY PROFESSIONAL SERV","9317 SW NIMBUS AVE",--,BEAVERTON,OR,97008-7146,"(503) 346-3850","HOME INFUSION THERAPY SUPPLIER","SUPPLIER GR. AREA",--,OR,--,--
O20210303000913,"MEDILINK HOMECARE, INC.","129 N WHITE HORSE PIKE","STE 1",HAMMONTON,NJ,08037-1893,"(800) 984-1014","HOME INFUSION THERAPY SUPPLIER","RENDERING AREA",--,NJ,--,--
O20201117000563,"INFINITY CARE SERVICES, INC.","1325 N CENTER ST","STE 2A",STOCKTON,CA,95202-1020,"(800) 294-1461","HOME INFUSION THERAPY SUPPLIER","RENDERING AREA",--,CA,--,STANISLAUS
O20220810001000,"OPTUM INFUSION SVCS 305 LLC","4000 CHEMICAL RD","STE 100","PLYMOUTH MEETING",PA,19462-1728,"(844) 526-4665","HOME INFUSION THERAPY SUPPLIER","RENDERING AREA",--,PA,--,--
O20250820000023,"S BROWARD HOSPITAL DISTRICT","9579 PREMIER PKWY",--,MIRAMAR,FL,33025-3206,"(954) 276-8388","HOME INFUSION THERAPY SUPPLIER","RENDERING AREA",--,FL,--,MIAMI-DADE
O20210204002060,"SUTTER VISITING NURSE ASSOC","8318 FERGUSON AVE",--,SACRAMENTO,CA,95828-0902,"(916) 379-3200","HOME INFUSION THERAPY SUPPLIER","RENDERING AREA",--,CA,--,YOLO
O20210204002060,"SUTTER VISITING NURSE ASSOC","8318 FERGUSON AVE",--,SACRAMENTO,CA,95828-0902,"(916) 379-3200","HOME INFUSION THERAPY SUPPLIER","RENDERING AREA",--,CA,--,YUBA
O20201207002573,"CRESCENT HEALTHCARE INC","15025 INNOVATION DR","STE 100","SAN DIEGO",CA,92128-3456,"(800) 736-4872","HOME INFUSION THERAPY SUPPLIER","RENDERING AREA",--,CA,--,--
O20210818002720,"PARAGON INFUSION CARE INC","3033 W PRESIDENT GEORGE BUSH HWY","STE 100-A",PLANO,TX,75075-5752,"(972) 588-1000","HOME INFUSION THERAPY SUPPLIER","RENDERING AREA",HARDIN,TX,--,--
O20210127002628,"OPTION CARE ENTERPRISES INC","870 N ARLINGTON HEIGHTS RD","UNIT 102",ITASCA,IL,60143-1450,"(800) 551-9355","HOME INFUSION THERAPY SUPPLIER","RENDERING AREA",--,IL,--,--
O20210113001768,"VISITING NURSE ASSOC OF WI","931 DISCOVERY RD",--,"GREEN BAY",WI,54311-8002,"(920) 288-5100","HOME INFUSION THERAPY SUPPLIER","RENDERING AREA",--,WI,--,BROWN
O20210113001768,"VISITING NURSE ASSOC OF WI","11333 W NATIONAL AVE",--,"WEST ALLIS",WI,53227-3111,"(414) 327-2295","HOME INFUSION THERAPY SUPPLIER","RENDERING AREA",--,WI,--,DOOR
O20210113001768,"VISITING NURSE ASSOC OF WI","931 DISCOVERY RD",--,"GREEN BAY",WI,54311-8002,"(920) 288-5100","HOME INFUSION THERAPY SUPPLIER","RENDERING AREA",--,WI,--,"FOND DU LAC"
O20210113001768,"VISITING NURSE ASSOC OF WI","116 N DODGE ST","STE 6",BURLINGTON,WI,53105-1963,"(800) 862-2201","HOME INFUSION THERAPY SUPPLIER","RENDERING AREA",--,WI,--,"FOND DU LAC"
O20210310001014,"AT HOME INFUSION SERVICES","3500 NW BOCA RATON BLVD","STE 704","BOCA RATON",FL,33431-5854,"(877) 309-2207","HOME INFUSION THERAPY SUPPLIER","RENDERING AREA",--,FL,--,--
O20210326001947,"PROVIDENCE HEALTH & SERVICES","3333 S 120TH PL","STE 100",TUKWILA,WA,98168-5134,"(425) 687-4400","HOME INFUSION THERAPY SUPPLIER","SUPPLIER GR. AREA",--,OR,--,UNION
O20210326001947,"PROVIDENCE HEALTH & SERVICES","3333 S 120TH PL","STE 100",TUKWILA,WA,98168-5134,"(425) 687-4400","HOME INFUSION THERAPY SUPPLIER","SUPPLIER GR. AREA",--,MT,--,GRANITE
O20210326001947,"PROVIDENCE HEALTH & SERVICES","15918 E EUCLID AVE",--,"SPOKANE VALLEY",WA,99216-1815,"(509) 924-1826","HOME INFUSION THERAPY SUPPLIER","SUPPLIER GR. AREA",--,OR,--,WALLOWA
O20210326001947,"PROVIDENCE HEALTH & SERVICES","15918 E EUCLID AVE",--,"SPOKANE VALLEY",WA,99216-1815,"(509) 924-1826","HOME INFUSION THERAPY SUPPLIER","RENDERING AREA",--,WA,--,KITTITAS
O20210326001947,"PROVIDENCE HEALTH & SERVICES","3333 S 120TH PL","STE 100",TUKWILA,WA,98168-5134,"(425) 687-4400","HOME INFUSION THERAPY SUPPLIER","SUPPLIER GR. AREA",--,MT,--,MISSOULA
O20210326001947,"PROVIDENCE HEALTH & SERVICES","3333 S 120TH PL","STE 100",TUKWILA,WA,98168-5134,"(425) 687-4400","HOME INFUSION THERAPY SUPPLIER","SUPPLIER GR. AREA",--,ID,--,"NEZ PERCE"
O20210326001947,"PROVIDENCE HEALTH & SERVICES","15918 E EUCLID AVE",--,"SPOKANE VALLEY",WA,99216-1815,"(509) 924-1826","HOME INFUSION THERAPY SUPPLIER","SUPPLIER GR. AREA",--,ID,--,"NEZ PERCE"
O20210326001947,"PROVIDENCE HEALTH & SERVICES","15918 E EUCLID AVE",--,"SPOKANE VALLEY",WA,99216-1815,"(509) 924-1826","HOME INFUSION THERAPY SUPPLIER","SUPPLIER GR. AREA",--,OR,--,MORROW
O20210326001947,"PROVIDENCE HEALTH & SERVICES","3333 S 120TH PL","STE 100",TUKWILA,WA,98168-5134,"(425) 687-4400","HOME INFUSION THERAPY SUPPLIER","RENDERING AREA",--,WA,--,BENTON
O20210326001947,"PROVIDENCE HEALTH & SERVICES","3333 S 120TH PL","STE 100",TUKWILA,WA,98168-5134,"(425) 687-4400","HOME INFUSION THERAPY SUPPLIER","RENDERING AREA",--,WA,--,"WALLA WALLA"
O20210326001947,"PROVIDENCE HEALTH & SERVICES","15918 E EUCLID AVE",--,"SPOKANE VALLEY",WA,99216-1815,"(509) 924-1826","HOME INFUSION THERAPY SUPPLIER","RENDERING AREA",--,WA,--,COLUMBIA
O20210326001947,"PROVIDENCE HEALTH & SERVICES","15918 E EUCLID AVE",--,"SPOKANE VALLEY",WA,99216-1815,"(509) 924-1826","HOME INFUSION THERAPY SUPPLIER","RENDERING AREA",--,WA,--,SKAGIT
O20210204001682,"I. V. CARE OF MIDDLE GEORGIA","151 COLLEGE ST","STE A",MACON,GA,31201-1655,"(478) 743-8997","HOME INFUSION THERAPY SUPPLIER","RENDERING AREA",--,GA,--,MERIWETHER
O20210326001947,"PROVIDENCE HEALTH & SERVICES","15918 E EUCLID AVE",--,"SPOKANE VALLEY",WA,99216-1815,"(509) 924-1826","HOME INFUSION THERAPY SUPPLIER","RENDERING AREA",--,WA,--,ISLAND
O20210317000821,"KABAFUSION INC","220 BROOKS ST","STE 1",WORCESTER,MA,01606-3339,"(888) 727-2323","HOME INFUSION THERAPY SUPPLIER","RENDERING AREA",--,MA,--,--
O20210212002222,"REGIONCARE INC","200 COMMUNITY DR",--,"GREAT NECK",NY,11021-5510,"(516) 414-3900","HOME INFUSION THERAPY SUPPLIER","RENDERING AREA",--,NY,--,WESTCHESTER
O20210212002222,"REGIONCARE INC","200 COMMUNITY DR",--,"GREAT NECK",NY,11021-5510,"(516) 414-3900","HOME INFUSION THERAPY SUPPLIER","RENDERING AREA",--,NY,--,QUEENS
O20210128000309,"EHS HOME HEALTH CARE SERVICE","2311 W 22ND ST","STE 300","OAK BROOK",IL,60523-4103,"(630) 963-7900","HOME INFUSION THERAPY SUPPLIER","RENDERING AREA",--,IL,--,WILL
O20210609003065,"ACA HOME HEALTH, LLC","7570 NW 14TH STREET","STE 107",MIAMI,FL,33126-1701,"(305) 541-8989","HOME INFUSION THERAPY SUPPLIER","RENDERING AREA","FLORIDA KEYS",FL,--,--
O20210204001682,"I. V. CARE OF MIDDLE GEORGIA","151 COLLEGE ST","STE A",MACON,GA,31201-1655,"(478) 743-8997","HOME INFUSION THERAPY SUPPLIER","RENDERING AREA",--,GA,--,TALBOT
O20210204001682,"I. V. CARE OF MIDDLE GEORGIA","151 COLLEGE ST","STE A",MACON,GA,31201-1655,"(478) 743-8997","HOME INFUSION THERAPY SUPPLIER","RENDERING AREA",--,GA,--,TROUP
O20210204001682,"I. V. CARE OF MIDDLE GEORGIA","151 COLLEGE ST","STE A",MACON,GA,31201-1655,"(478) 743-8997","HOME INFUSION THERAPY SUPPLIER","RENDERING AREA",--,GA,--,EVANS
O20210204001682,"I. V. CARE OF MIDDLE GEORGIA","151 COLLEGE ST","STE A",MACON,GA,31201-1655,"(478) 743-8997","HOME INFUSION THERAPY SUPPLIER","RENDERING AREA",--,GA,--,LONG
O20210111001662,"OPTION CARE ENTERPRISES INC","2100 RIVERCHASE CTR","STE 430",HOOVER,AL,35244-2937,"(888) 840-9407","HOME INFUSION THERAPY SUPPLIER","RENDERING AREA",--,AL,--,--
O20201207002436,"OPTION CARE ENTERPRISES INC","50 W TECHNE CENTER DR","STE J",MILFORD,OH,45150-9798,"(800) 243-1090","HOME INFUSION THERAPY SUPPLIER","RENDERING AREA",--,OH,--,--
O20210818002720,"PARAGON INFUSION CARE INC","3033 W PRESIDENT GEORGE BUSH HWY","STE 100-A",PLANO,TX,75075-5752,"(972) 588-1000","HOME INFUSION THERAPY SUPPLIER","RENDERING AREA",CHAMBERS,TX,--,--
O20210818002720,"PARAGON INFUSION CARE INC","3033 W PRESIDENT GEORGE BUSH HWY","STE 100-A",PLANO,TX,75075-5752,"(972) 588-1000","HOME INFUSION THERAPY SUPPLIER","RENDERING AREA",LIBERTY,TX,--,--
O20201228000890,"OPTION CARE ENTERPRISES INC","9140 GUILFORD RD","STE K",COLUMBIA,MD,21046-2593,"(800) 241-6163","HOME INFUSION THERAPY SUPPLIER","RENDERING AREA",--,MD,--,--
O20210111001010,"OPTION CARE ENTERPRISES INC","2750 ARTHUR ST",--,ROSEVILLE,MN,55113-1303,"(877) 360-9272","HOME INFUSION THERAPY SUPPLIER","RENDERING AREA",--,MN,--,--
O20210204002060,"SUTTER VISITING NURSE ASSOC","1105 ATLANTIC AVE","STE 102",ALAMEDA,CA,94501-1184,"(510) 450-8900","HOME INFUSION THERAPY SUPPLIER","RENDERING AREA",--,CA,--,COLUSA
O20210204002060,"SUTTER VISITING NURSE ASSOC","8318 FERGUSON AVE",--,SACRAMENTO,CA,95828-0902,"(916) 379-3200","HOME INFUSION THERAPY SUPPLIER","RENDERING AREA",--,CA,--,COLUSA
O20210204002060,"SUTTER VISITING NURSE ASSOC","8318 FERGUSON AVE",--,SACRAMENTO,CA,95828-0902,"(916) 379-3200","HOME INFUSION THERAPY SUPPLIER","RENDERING AREA",--,CA,--,MARIN
O20210204002060,"SUTTER VISITING NURSE ASSOC","1105 ATLANTIC AVE","STE 102",ALAMEDA,CA,94501-1184,"(510) 450-8900","HOME INFUSION THERAPY SUPPLIER","RENDERING AREA",--,CA,--,MONTEREY
O20210204002060,"SUTTER VISITING NURSE ASSOC","8318 FERGUSON AVE",--,SACRAMENTO,CA,95828-0902,"(916) 379-3200","HOME INFUSION THERAPY SUPPLIER","RENDERING AREA",--,CA,--,"SANTA CLARA"
O20210113001768,"VISITING NURSE ASSOC OF WI","931 DISCOVERY RD",--,"GREEN BAY",WI,54311-8002,"(920) 288-5100","HOME INFUSION THERAPY SUPPLIER","SUPPLIER GR. AREA",--,WI,--,--
O20210204001856,"OPTUM INFUSION SERVICES 401","4610 NORTHGATE BLVD","STE 130",SACRAMENTO,CA,95834-1154,"(916) 648-0124","HOME INFUSION THERAPY SUPPLIER","RENDERING AREA",--,CA,--,--
O20211001000860,"AMERICARE PHARMACEUTICAL SERVICES,INC.","317 NASSAU BLVD",--,"GARDEN CITY SOUTH",NY,11530-5313,"(516) 292-7948","HOME INFUSION THERAPY SUPPLIER","RENDERING AREA",--,NY,--,SUFFOLK
O20210721002875,"SENTARA ENTERPRISES","535 INDEPENDENCE PKWY","STE 300",CHESAPEAKE,VA,23320-5176,"(757) 553-3000","HOME INFUSION THERAPY SUPPLIER","RENDERING AREA",IVOR,VA,--,--
O20210721002875,"SENTARA ENTERPRISES","535 INDEPENDENCE PKWY","STE 300",CHESAPEAKE,VA,23320-5176,"(757) 553-3000","HOME INFUSION THERAPY SUPPLIER","RENDERING AREA",CARROLLTON,VA,--,--
O20210721002875,"SENTARA ENTERPRISES","535 INDEPENDENCE PKWY","STE 300",CHESAPEAKE,VA,23320-5176,"(757) 553-3000","HOME INFUSION THERAPY SUPPLIER","RENDERING AREA",SURRY,VA,--,--
O20210215000573,"KENNEBEC PHARMACY & HOME CAR","43 LEIGHTON RD",--,AUGUSTA,ME,04330-7705,"(207) 626-2726","HOME INFUSION THERAPY SUPPLIER","RENDERING AREA",--,ME,--,--
O20210115001090,"OPTION CARE ENTERPRISES INC","1410 HERIFORD RD",--,COLUMBIA,MO,65202-1907,"(800) 456-0417","HOME INFUSION THERAPY SUPPLIER","RENDERING AREA",--,MO,--,--
O20210721002875,"SENTARA ENTERPRISES","535 INDEPENDENCE PKWY","STE 300",CHESAPEAKE,VA,23320-5176,"(757) 553-3000","HOME INFUSION THERAPY SUPPLIER","RENDERING AREA",TOANO,VA,--,--
O20210923002377,"PATHWRITE INC","8601 CROSS PARK DR","STE 400",AUSTIN,TX,78754-4578,"(512) 823-2000","HOME INFUSION THERAPY SUPPLIER","RENDERING AREA",--,TX,--,BASTROP
O20210923002377,"PATHWRITE INC","8601 CROSS PARK DR","STE 400",AUSTIN,TX,78754-4578,"(512) 823-2000","HOME INFUSION THERAPY SUPPLIER","RENDERING AREA",--,TX,--,BELL
O20210923002377,"PATHWRITE INC","8601 CROSS PARK DR","STE 400",AUSTIN,TX,78754-4578,"(512) 823-2000","HOME INFUSION THERAPY SUPPLIER","RENDERING AREA",--,TX,--,COMAL
O20210923002377,"PATHWRITE INC","8601 CROSS PARK DR","STE 400",AUSTIN,TX,78754-4578,"(512) 823-2000","HOME INFUSION THERAPY SUPPLIER","RENDERING AREA",--,TX,--,HAYS
O20201209000620,"UNIVERSITY OF KS AUTHORITY","11300 CORPORATE AVE","STE 160",LENEXA,KS,66219-1365,"(913) 588-2600","HOME INFUSION THERAPY SUPPLIER","RENDERING AREA",--,KS,--,BROWN
O20201209000620,"UNIVERSITY OF KS AUTHORITY","11300 CORPORATE AVE","STE 160",LENEXA,KS,66219-1365,"(913) 588-2600","HOME INFUSION THERAPY SUPPLIER","RENDERING AREA",--,KS,--,FRANKLIN
O20201209000620,"UNIVERSITY OF KS AUTHORITY","11300 CORPORATE AVE","STE 160",LENEXA,KS,66219-1365,"(913) 588-2600","HOME INFUSION THERAPY SUPPLIER","SUPPLIER GR. AREA",--,KS,--,BOURBON
O20201209000620,"UNIVERSITY OF KS AUTHORITY","11300 CORPORATE AVE","STE 160",LENEXA,KS,66219-1365,"(913) 588-2600","HOME INFUSION THERAPY SUPPLIER","SUPPLIER GR. AREA",--,KS,--,LINN
O20210513002716,"FLORIDA HOSPITAL HOME INFUSI","11461 N US HIGHWAY 301","STE 105",THONOTOSASSA,FL,33592-3541,"(813) 436-2900","HOME INFUSION THERAPY SUPPLIER","RENDERING AREA",--,FL,--,MANATEE
O20210513002716,"FLORIDA HOSPITAL HOME INFUSI","11461 N US HIGHWAY 301","STE 105",THONOTOSASSA,FL,33592-3541,"(813) 436-2900","HOME INFUSION THERAPY SUPPLIER","RENDERING AREA",--,FL,--,PINELLAS
O20210111002489,"MEDICAL ALTERNATIVES","6949 APPLING FARMS PKWY","STE 109",MEMPHIS,TN,38133-4731,"(901) 377-9055","HOME INFUSION THERAPY SUPPLIER","SUPPLIER GR. AREA",--,TN,--,--
O20210609003237,"RED RIVER PHARM OF JONESBORO","2908 S CARAWAY RD",--,JONESBORO,AR,72401-7346,"(870) 336-2195","HOME INFUSION THERAPY SUPPLIER","RENDERING AREA",--,AR,--,CRITTENDEN
O20201217000436,"OPTION CARE ENTERPRISES INC","1255 MICHIGAN ST NE","OPTION CARE","GRAND RAPIDS",MI,49503-2001,"(800) 867-2611","HOME INFUSION THERAPY SUPPLIER","RENDERING AREA",--,MI,--,--
O20210122001346,"WELLSCRIPT INC","2025 COURT ST","STE D",REDDING,CA,96001-1805,"(530) 225-8898","HOME INFUSION THERAPY SUPPLIER","RENDERING AREA",--,CA,--,BUTTE
O20210111001964,"INFUSION SOLUTIONS, INC.","8 TECHNOLOGY DR",--,BEDFORD,NH,03110-6908,"(800) 660-6264","HOME INFUSION THERAPY SUPPLIER","RENDERING AREA",--,NH,--,--
O20210211002538,"SOUTHEASTERN HOME HEALTH CARE, LLC","7502 LEE DAVIS RD",--,MECHANICSVILLE,VA,23111-3603,"(804) 769-1380","HOME INFUSION THERAPY SUPPLIER","RENDERING AREA",--,VA,--,GOOCHLAND
O20210211002538,"SOUTHEASTERN HOME HEALTH CARE, LLC","7502 LEE DAVIS RD",--,MECHANICSVILLE,VA,23111-3603,"(804) 769-1380","HOME INFUSION THERAPY SUPPLIER","RENDERING AREA",--,VA,--,HANOVER
O20210211002538,"SOUTHEASTERN HOME HEALTH CARE, LLC","7502 LEE DAVIS RD",--,MECHANICSVILLE,VA,23111-3603,"(804) 769-1380","HOME INFUSION THERAPY SUPPLIER","SUPPLIER GR. AREA",--,VA,--,"HOPEWELL CITY"
O20210211002538,"SOUTHEASTERN HOME HEALTH CARE, LLC","7502 LEE DAVIS RD",--,MECHANICSVILLE,VA,23111-3603,"(804) 769-1380","HOME INFUSION THERAPY SUPPLIER","SUPPLIER GR. AREA",--,VA,--,"NEW KENT"
O20210621001061,"ACCREDO HEALTH GROUP INC","2040 W RIO SALADO PKWY","STE 101B",TEMPE,AZ,85281-2010,"(602) 944-1199","HOME INFUSION THERAPY SUPPLIER","RENDERING AREA",--,AZ,--,--
O20210105001419,"TRUSTEES OF THE UNIV OF PA","625 CLARK AVE STE 10","PENN HOME INFUSION THERAPY","KING OF PRUSSIA",PA,19406-4025,"(610) 992-3920","HOME INFUSION THERAPY SUPPLIER","RENDERING AREA",--,PA,--,PHILADELPHIA
O20210105001419,"TRUSTEES OF THE UNIV OF PA","1070 NEW HOLLAND AVE",--,LANCASTER,PA,17601-5606,"(717) 544-3590","HOME INFUSION THERAPY SUPPLIER","RENDERING AREA",--,PA,--,MONTGOMERY
O20210105001419,"TRUSTEES OF THE UNIV OF PA","625 CLARK AVE STE 10","PENN HOME INFUSION THERAPY","KING OF PRUSSIA",PA,19406-4025,"(610) 992-3920","HOME INFUSION THERAPY SUPPLIER","RENDERING AREA",--,PA,--,BUCKS
O20210111002765,"OPTION CARE ENTERPRISES INC","5854 PEACHTREE CORS E","STE 200","PEACHTREE CORNERS",GA,30092-3410,"(888) 647-1536","HOME INFUSION THERAPY SUPPLIER","RENDERING AREA",--,GA,--,--
O20210607001695,"RED RIVER PHARM OF LITTLE RO","1515 S BOWMAN RD","STE B","LITTLE ROCK",AR,72211-4227,"(501) 907-8949","HOME INFUSION THERAPY SUPPLIER","RENDERING AREA",--,AR,--,SALINE
O20210106002174,"BJC HOME CARE SERVICES","710 SOUTH BOYLE AVE",--,"SAINT LOUIS",MO,63110,"(314) 953-2000","HOME INFUSION THERAPY SUPPLIER","RENDERING AREA",--,MO,--,--
O20210201000464,"HEALTH CARE OF SOUTH FLORIDA","2000 NW 150TH AVE","STE 2107","PEMBROKE PINES",FL,33028-2870,"(954) 431-1534","HOME INFUSION THERAPY SUPPLIER","SUPPLIER GR. AREA",--,FL,--,--
O20210625001423,"VISITING NURSING ASSOCIATION OF WESTERN NEW YORK, INC.","650 AIRBORNE PKWY",--,CHEEKTOWAGA,NY,14225-1434,7166308000-8662,"HOME INFUSION THERAPY SUPPLIER","RENDERING AREA",--,NY,--,WYOMING
O20210818002720,"PARAGON INFUSION CARE INC","3033 W PRESIDENT GEORGE BUSH HWY","STE 100-A",PLANO,TX,75075-5752,"(972) 588-1000","HOME INFUSION THERAPY SUPPLIER","RENDERING AREA","VAN ZANDT",TX,--,--
O20210818002720,"PARAGON INFUSION CARE INC","3033 W PRESIDENT GEORGE BUSH HWY","STE 100-A",PLANO,TX,75075-5752,"(972) 588-1000","HOME INFUSION THERAPY SUPPLIER","RENDERING AREA",COLLIN,TX,--,--
O20210818002720,"PARAGON INFUSION CARE INC","3033 W PRESIDENT GEORGE BUSH HWY","STE 100-A",PLANO,TX,75075-5752,"(972) 588-1000","HOME INFUSION THERAPY SUPPLIER","RENDERING AREA",ELLIS,TX,--,--
O20210818002720,"PARAGON INFUSION CARE INC","3033 W PRESIDENT GEORGE BUSH HWY","STE 100-A",PLANO,TX,75075-5752,"(972) 588-1000","HOME INFUSION THERAPY SUPPLIER","RENDERING AREA",HUNT,TX,--,--
O20210818002720,"PARAGON INFUSION CARE INC","3033 W PRESIDENT GEORGE BUSH HWY","STE 100-A",PLANO,TX,75075-5752,"(972) 588-1000","HOME INFUSION THERAPY SUPPLIER","RENDERING AREA",NAVARRO,TX,--,--
O20210818002720,"PARAGON INFUSION CARE INC","3033 W PRESIDENT GEORGE BUSH HWY","STE 100-A",PLANO,TX,75075-5752,"(972) 588-1000","HOME INFUSION THERAPY SUPPLIER","RENDERING AREA",ROCKWALL,TX,--,--
O20201223001304,"HORIZON HOME CARE & HOSPICE","110 LONE OAK LN",--,HARTFORD,WI,53027-2600,"(414) 365-8300","HOME INFUSION THERAPY SUPPLIER","SUPPLIER GR. AREA",--,WI,--,MILWAUKEE
O20201223001304,"HORIZON HOME CARE & HOSPICE","13111 N PORT WASHINGTON RD",--,MEQUON,WI,53097-2416,"(414) 365-8300","HOME INFUSION THERAPY SUPPLIER","SUPPLIER GR. AREA",--,WI,--,MILWAUKEE
O20201223001304,"HORIZON HOME CARE & HOSPICE","3232 PLEASANT VALLEY RD",--,"WEST BEND",WI,53095-9274,"(414) 365-8300","HOME INFUSION THERAPY SUPPLIER","SUPPLIER GR. AREA",--,WI,--,WASHINGTON
O20201223001304,"HORIZON HOME CARE & HOSPICE","8503 75TH ST","STE B",KENOSHA,WI,53142-7620,"(414) 365-8300","HOME INFUSION THERAPY SUPPLIER","RENDERING AREA",--,WI,--,OZAUKEE
O20201223001304,"HORIZON HOME CARE & HOSPICE","8503 75TH ST","STE B",KENOSHA,WI,53142-7620,"(414) 365-8300","HOME INFUSION THERAPY SUPPLIER","SUPPLIER GR. AREA",--,WI,--,SHEBOYGAN
O20201223001304,"HORIZON HOME CARE & HOSPICE","13111 N PORT WASHINGTON RD",--,MEQUON,WI,53097-2416,"(414) 365-8300","HOME INFUSION THERAPY SUPPLIER","SUPPLIER GR. AREA",--,WI,--,SHEBOYGAN
O20201223001304,"HORIZON HOME CARE & HOSPICE","112 E DREXEL AVE",--,"OAK CREEK",WI,53154-2123,"(414) 365-8300","HOME INFUSION THERAPY SUPPLIER","RENDERING AREA",--,WI,--,KENOSHA
O20201223001304,"HORIZON HOME CARE & HOSPICE","13111 N PORT WASHINGTON RD",--,MEQUON,WI,53097-2416,"(414) 365-8300","HOME INFUSION THERAPY SUPPLIER","RENDERING AREA",--,WI,--,SHEBOYGAN
O20201223001304,"HORIZON HOME CARE & HOSPICE","8503 75TH ST","STE B",KENOSHA,WI,53142-7620,"(414) 365-8300","HOME INFUSION THERAPY SUPPLIER","RENDERING AREA",--,WI,--,MILWAUKEE
O20201223001304,"HORIZON HOME CARE & HOSPICE","8503 75TH ST","STE B",KENOSHA,WI,53142-7620,"(414) 365-8300","HOME INFUSION THERAPY SUPPLIER","SUPPLIER GR. AREA",--,WI,--,JEFFERSON
O20201223001304,"HORIZON HOME CARE & HOSPICE","8503 75TH ST","STE B",KENOSHA,WI,53142-7620,"(414) 365-8300","HOME INFUSION THERAPY SUPPLIER","SUPPLIER GR. AREA",--,WI,--,WALWORTH
O20201223001304,"HORIZON HOME CARE & HOSPICE","112 E DREXEL AVE",--,"OAK CREEK",WI,53154-2123,"(414) 365-8300","HOME INFUSION THERAPY SUPPLIER","RENDERING AREA",--,WI,--,OUTAGAMIE
O20201223001304,"HORIZON HOME CARE & HOSPICE","11002 W PARK PL",--,MILWAUKEE,WI,53224-3615,"(414) 365-8300","HOME INFUSION THERAPY SUPPLIER","SUPPLIER GR. AREA",--,WI,--,KENOSHA
O20201223001304,"HORIZON HOME CARE & HOSPICE","3232 PLEASANT VALLEY RD",--,"WEST BEND",WI,53095-9274,"(414) 365-8300","HOME INFUSION THERAPY SUPPLIER","SUPPLIER GR. AREA",--,WI,--,KENOSHA
O20201223001304,"HORIZON HOME CARE & HOSPICE","13111 N PORT WASHINGTON RD",--,MEQUON,WI,53097-2416,"(414) 365-8300","HOME INFUSION THERAPY SUPPLIER","SUPPLIER GR. AREA",--,WI,--,OUTAGAMIE
O20240814001956,"SOLEO HEALTH INC","500 HUNTMAR PARK DR","STE D",HERNDON,VA,20170-5147,"(703) 439-1000","HOME INFUSION THERAPY SUPPLIER","RENDERING AREA",--,VA,--,--
O20230714001741,"ELITE INFUSION CARE LLC","1440 N HARBOR BLVD","STE 916",FULLERTON,CA,92835-4127,"(714) 519-6993","HOME INFUSION THERAPY SUPPLIER","RENDERING AREA",--,CA,--,ORANGE
O20230118000701,"VASCULAR ACCESS PLUS LLC","8556 E ASH RD",--,FIRTH,NE,68358-7587,"(402) 450-4264","HOME INFUSION THERAPY SUPPLIER","RENDERING AREA",--,NE,--,--
O20221121003136,"COMMUNITY CARE PROVIDERS, IN","10031 PINES BLVD","STE 105","PEMBROKE PINES",FL,33024-6185,"(954) 431-4245","HOME INFUSION THERAPY SUPPLIER","SUPPLIER GR. AREA",--,FL,--,--
O20231031001986,"HEALTHPROV L.L.C.","1505 CALLE DEL NORTE","STE 375",LAREDO,TX,78041-6040,"(956) 728-0411","HOME INFUSION THERAPY SUPPLIER","SUPPLIER GR. AREA",--,TX,--,ZAVALA
O20231031001986,"HEALTHPROV L.L.C.","1505 CALLE DEL NORTE","STE 375",LAREDO,TX,78041-6040,"(956) 728-0411","HOME INFUSION THERAPY SUPPLIER","SUPPLIER GR. AREA",--,TX,--,ZAPATA
O20221216000740,"ACCREDO HEALTH GROUP INC","2915 WATERS RD","STE 109",EAGAN,MN,55121-1562,"(651) 681-0885","HOME INFUSION THERAPY SUPPLIER","SUPPLIER GR. AREA",--,MN,--,--
O20221207002082,RCVC,"250 CHATEAU DR SW","STE 112",HUNTSVILLE,AL,35801-3497,"(256) 970-1800","HOME INFUSION THERAPY SUPPLIER","RENDERING AREA",--,AL,--,--
O20230320000743,"HERITAGE BIOLOGICS LLC","255 NW VICTORIA DR","STE B","LEES SUMMIT",MO,64086-4709,"(855) 937-7273","HOME INFUSION THERAPY SUPPLIER","RENDERING AREA",--,NV,--,--
O20230320000743,"HERITAGE BIOLOGICS LLC","255 NW VICTORIA DR","STE B","LEES SUMMIT",MO,64086-4709,"(855) 937-7273","HOME INFUSION THERAPY SUPPLIER","RENDERING AREA",--,MS,--,--
O20230320000743,"HERITAGE BIOLOGICS LLC","255 NW VICTORIA DR","STE B","LEES SUMMIT",MO,64086-4709,"(855) 937-7273","HOME INFUSION THERAPY SUPPLIER","RENDERING AREA",--,FL,--,--
O20230320000743,"HERITAGE BIOLOGICS LLC","255 NW VICTORIA DR","STE B","LEES SUMMIT",MO,64086-4709,"(855) 937-7273","HOME INFUSION THERAPY SUPPLIER","RENDERING AREA",--,WV,--,--
O20230320000743,"HERITAGE BIOLOGICS LLC","255 NW VICTORIA DR","STE B","LEES SUMMIT",MO,64086-4709,"(855) 937-7273","HOME INFUSION THERAPY SUPPLIER","RENDERING AREA",--,AK,--,--
O20230320000743,"HERITAGE BIOLOGICS LLC","255 NW VICTORIA DR","STE B","LEES SUMMIT",MO,64086-4709,"(855) 937-7273","HOME INFUSION THERAPY SUPPLIER","RENDERING AREA",--,OH,--,--
O20230320000743,"HERITAGE BIOLOGICS LLC","255 NW VICTORIA DR","STE B","LEES SUMMIT",MO,64086-4709,"(855) 937-7273","HOME INFUSION THERAPY SUPPLIER","RENDERING AREA",--,MA,--,--
O20230320000743,"HERITAGE BIOLOGICS LLC","255 NW VICTORIA DR","STE B","LEES SUMMIT",MO,64086-4709,"(855) 937-7273","HOME INFUSION THERAPY SUPPLIER","RENDERING AREA",--,NM,--,--
O20210326000312,"HOME CARE SERVICES INC","160 RARITAN CENTER PKWY","STE 18",EDISON,NJ,08837-3637,"(800) 383-8393","HOME INFUSION THERAPY SUPPLIER","RENDERING AREA",--,CA,--,--
O20241210004789,"FAST ACCESS SPECIALTY TRPT(S","8101 RIDGEPOINT DR","STE 100",IRVING,TX,75063-3165,"(877) 828-3940","HOME INFUSION THERAPY SUPPLIER","SUPPLIER GR. AREA",--,TX,--,--
O20241224001649,"SPECIAL CARE PHARMACY SERVICES, LLC","55 CALLE ARZUAGA",--,"SAN JUAN",PR,00925,"(787) 781-4585","HOME INFUSION THERAPY SUPPLIER","RENDERING AREA",--,PR,--,--
O20210104000311,"SOLEO HEALTH INC","10210 WERCH DR","STE 202",WOODRIDGE,IL,60517-4814,"(630) 478-8240","HOME INFUSION THERAPY SUPPLIER","RENDERING AREA",--,IL,--,--
O20210218002436,"KABAFUSION AL, LLC","241 WINTON M BLOUNT LOOP",--,MONTGOMERY,AL,36117-3507,"(800) 814-0992","HOME INFUSION THERAPY SUPPLIER","RENDERING AREA",--,FL,--,--
O20240424002894,"PSG OF SARASOTA LLC","140 NORTHWAY CT",--,RALEIGH,NC,27615-4916,8446505802-201,"HOME INFUSION THERAPY SUPPLIER","RENDERING AREA",RALEIGH,NC,27615-4916,--
O20241028002886,"KABAFUSION MD LLC","8989 HERRMANN DR","STE 140",COLUMBIA,MD,21045-5154,"(888) 214-7624","HOME INFUSION THERAPY SUPPLIER","RENDERING AREA",--,DC,--,--
O20241029001378,"ST LUKES REGIONAL MEDICAL CE","703 S BLACK CAT RD","STE 120",MERIDIAN,ID,83642-6103,"(208) 381-6161","HOME INFUSION THERAPY SUPPLIER","RENDERING AREA",--,ID,--,--
O20241029001378,"ST LUKES REGIONAL MEDICAL CE","703 S BLACK CAT RD","STE 120",MERIDIAN,ID,83642-6103,"(208) 381-6161","HOME INFUSION THERAPY SUPPLIER","SUPPLIER GR. AREA",--,ID,--,--
O20201223001304,"HORIZON HOME CARE & HOSPICE","3232 PLEASANT VALLEY RD",--,"WEST BEND",WI,53095-9274,"(414) 365-8300","HOME INFUSION THERAPY SUPPLIER","SUPPLIER GR. AREA",--,WI,--,CALUMET
O20201223001304,"HORIZON HOME CARE & HOSPICE","110 LONE OAK LN",--,HARTFORD,WI,53027-2600,"(414) 365-8300","HOME INFUSION THERAPY SUPPLIER","SUPPLIER GR. AREA",--,WI,--,MANITOWOC
O20201223001304,"HORIZON HOME CARE & HOSPICE","13111 N PORT WASHINGTON RD",--,MEQUON,WI,53097-2416,"(414) 365-8300","HOME INFUSION THERAPY SUPPLIER","SUPPLIER GR. AREA",--,WI,--,MANITOWOC
O20201223001304,"HORIZON HOME CARE & HOSPICE","11002 W PARK PL",--,MILWAUKEE,WI,53224-3615,"(414) 365-8300","HOME INFUSION THERAPY SUPPLIER","SUPPLIER GR. AREA",--,WI,--,WINNEBAGO
O20201223001304,"HORIZON HOME CARE & HOSPICE","110 LONE OAK LN",--,HARTFORD,WI,53027-2600,"(414) 365-8300","HOME INFUSION THERAPY SUPPLIER","SUPPLIER GR. AREA",--,WI,--,WINNEBAGO
O20221128000976,"MEDILINK RXCARE HAMMONTON","44 S WHITE HORSE PIKE",--,HAMMONTON,NJ,08037-1845,"(609) 956-1900","HOME INFUSION THERAPY SUPPLIER","RENDERING AREA",--,NJ,--,ESSEX
O20230320000743,"HERITAGE BIOLOGICS LLC","255 NW VICTORIA DR","STE B","LEES SUMMIT",MO,64086-4709,"(855) 937-7273","HOME INFUSION THERAPY SUPPLIER","RENDERING AREA",--,OR,--,--
O20230320000743,"HERITAGE BIOLOGICS LLC","255 NW VICTORIA DR","STE B","LEES SUMMIT",MO,64086-4709,"(855) 937-7273","HOME INFUSION THERAPY SUPPLIER","RENDERING AREA",--,WY,--,--
O20230320000743,"HERITAGE BIOLOGICS LLC","255 NW VICTORIA DR","STE B","LEES SUMMIT",MO,64086-4709,"(855) 937-7273","HOME INFUSION THERAPY SUPPLIER","RENDERING AREA",--,ME,--,--
O20230320000743,"HERITAGE BIOLOGICS LLC","255 NW VICTORIA DR","STE B","LEES SUMMIT",MO,64086-4709,"(855) 937-7273","HOME INFUSION THERAPY SUPPLIER","RENDERING AREA",--,IA,--,--
O20260403000172,"MUNSON MEDICAL CENTER","1105 6TH ST","HOME INFUSION","TRAVERSE CITY",MI,49684-2345,"(231) 935-5999","HOME INFUSION THERAPY SUPPLIER","SUPPLIER GR. AREA",--,MI,--,ROSCOMMON
O20260403000172,"MUNSON MEDICAL CENTER","1105 6TH ST","HOME INFUSION","TRAVERSE CITY",MI,49684-2345,"(231) 935-5999","HOME INFUSION THERAPY SUPPLIER","SUPPLIER GR. AREA",--,MI,--,CRAWFORD
O20251104003779,"INFUSION CARE GROUP LLC","12730 COLDWATER RD","STE 102","FORT WAYNE",IN,46845-8670,"(260) 458-1263","HOME INFUSION THERAPY SUPPLIER","RENDERING AREA",--,IN,--,--
O20260403000172,"MUNSON MEDICAL CENTER","1105 6TH ST","HOME INFUSION","TRAVERSE CITY",MI,49684-2345,"(231) 935-5999","HOME INFUSION THERAPY SUPPLIER","RENDERING AREA",--,MI,49635,BENZIE
O20260403000172,"MUNSON MEDICAL CENTER","1105 6TH ST","HOME INFUSION","TRAVERSE CITY",MI,49684-2345,"(231) 935-5999","HOME INFUSION THERAPY SUPPLIER","RENDERING AREA",--,MI,49651,LAKE
O20260403000172,"MUNSON MEDICAL CENTER","1105 6TH ST","HOME INFUSION","TRAVERSE CITY",MI,49684-2345,"(231) 935-5999","HOME INFUSION THERAPY SUPPLIER","RENDERING AREA",--,MI,49078,OTSEGO
O20260505000613,"HARPERS PHARMACY INC","132 S ANITA DR","STE 310",ORANGE,CA,92868-3317,"(877) 778-3773","HOME INFUSION THERAPY SUPPLIER","RENDERING AREA",--,CA,--,RIVERSIDE
O20260310001281,"ASHAPURAKRUPA INFUSION LLC","250 OLD RIVER ROAD","SUITE B","WILKES BARRE",PA,18702-1611,"(570) 208-1522","HOME INFUSION THERAPY SUPPLIER","RENDERING AREA",--,PA,--,WYOMING
O20260505000613,"HARPERS PHARMACY INC","132 S ANITA DR","STE 310",ORANGE,CA,92868-3317,"(877) 778-3773","HOME INFUSION THERAPY SUPPLIER","RENDERING AREA",--,CA,--,"LOS ANGELES"
O20260505000613,"HARPERS PHARMACY INC","132 S ANITA DR","STE 310",ORANGE,CA,92868-3317,"(877) 778-3773","HOME INFUSION THERAPY SUPPLIER","RENDERING AREA",--,CA,--,"SAN BERNARDINO"
O20201223001304,"HORIZON HOME CARE & HOSPICE","8503 75TH ST","STE B",KENOSHA,WI,53142-7620,"(414) 365-8300","HOME INFUSION THERAPY SUPPLIER","RENDERING AREA",--,WI,--,CALUMET
O20210226001747,"IVEDCO LLC","3000 KELLWAY DR","STE 110",CARROLLTON,TX,75006-3356,"(800) 333-0660","HOME INFUSION THERAPY SUPPLIER","RENDERING AREA",--,GA,--,--
O20210226001747,"IVEDCO LLC","3000 KELLWAY DR","STE 110",CARROLLTON,TX,75006-3356,"(800) 333-0660","HOME INFUSION THERAPY SUPPLIER","RENDERING AREA",--,KS,--,--
O20210226001747,"IVEDCO LLC","3000 KELLWAY DR","STE 110",CARROLLTON,TX,75006-3356,"(800) 333-0660","HOME INFUSION THERAPY SUPPLIER","RENDERING AREA",--,NE,--,--
O20210226001747,"IVEDCO LLC","10920 W SAM HOUSTON PKWY N","STE 800/950, KABAFUSION TX",HOUSTON,TX,77064-6322,"(877) 801-4087","HOME INFUSION THERAPY SUPPLIER","RENDERING AREA",--,NM,--,--
O20210226001747,"IVEDCO LLC","10920 W SAM HOUSTON PKWY N","STE 800/950, KABAFUSION TX",HOUSTON,TX,77064-6322,"(877) 801-4087","HOME INFUSION THERAPY SUPPLIER","RENDERING AREA",--,WY,--,--
O20250909004448,"ACCURATE CARE INC.","275 12TH ST","STE 210",WHEELING,IL,60090-2015,"(847) 215-6155","HOME INFUSION THERAPY SUPPLIER","SUPPLIER GR. AREA",--,IL,--,--
O20250919001388,"EXECUTIVE INFUSION SVCS LLC","17000 EXECUTIVE PLAZA DR","STE 201",DEARBORN,MI,48126-2793,3139823220-300,"HOME INFUSION THERAPY SUPPLIER","SUPPLIER GR. AREA",--,MI,--,--
O20250804002081,"RARA ENTERPRISES INC","19331 BUSINESS CENTER DR","STE 100",NORTHRIDGE,CA,91324-3533,"(818) 882-8969","HOME INFUSION THERAPY SUPPLIER","RENDERING AREA",--,CA,--,--
O20241109000150,"HOMECARE RX INC","45 ROUTE 46","STE 610","PINE BROOK",NJ,07058-9390,"(877) 828-3940","HOME INFUSION THERAPY SUPPLIER","RENDERING AREA",--,NJ,--,--
O20210324002584,"KABAFUSION AL, LLC","360F QUALITY CIR NW","STE 630",HUNTSVILLE,AL,35806-4546,"(800) 838-2464","HOME INFUSION THERAPY SUPPLIER","RENDERING AREA",--,MS,--,--
O20210326000312,"HOME CARE SERVICES INC","160 RARITAN CENTER PKWY","STE 18",EDISON,NJ,08837-3637,"(800) 383-8393","HOME INFUSION THERAPY SUPPLIER","RENDERING AREA",--,MO,--,--
O20210218002436,"KABAFUSION AL, LLC","241 WINTON M BLOUNT LOOP",--,MONTGOMERY,AL,36117-3507,"(800) 814-0992","HOME INFUSION THERAPY SUPPLIER","RENDERING AREA",--,MS,--,--
O20201216003032,"SOLEO HEALTH INC","415 S 48TH ST","STE 101",TEMPE,AZ,85281-2358,"(480) 296-0222","HOME INFUSION THERAPY SUPPLIER","RENDERING AREA",--,AZ,--,--
O20201216003032,"SOLEO HEALTH INC","1000 N HUMPHREYS ST","STE 210",FLAGSTAFF,AZ,86001-3125,"(928) 800-5809","HOME INFUSION THERAPY SUPPLIER","RENDERING AREA",--,AZ,--,--
O20210226000556,"KABAFUSION, INC.","223 WITMER RD",--,HORSHAM,PA,19044-2212,"(877) 629-4844","HOME INFUSION THERAPY SUPPLIER","RENDERING AREA",--,WV,--,--
O20260710002719,"AVEVORX LLC","14 SAMMY MCGHEE BLVD","STE 103",JASPER,GA,30143-7722,"(877) 418-4415","HOME INFUSION THERAPY SUPPLIER","RENDERING AREA",--,GA,--,--
O20260626003735,"SUPPORT HOME HEALTH CARE LLC","2300 N BARRINGTON RD STE 400",--,"HOFFMAN ESTATES",IL,60169-2036,"(224) 254-4393","HOME INFUSION THERAPY SUPPLIER","RENDERING AREA",--,IL,--,KANE
O20260626003735,"SUPPORT HOME HEALTH CARE LLC","2300 N BARRINGTON RD STE 400",--,"HOFFMAN ESTATES",IL,60169-2036,"(224) 254-4393","HOME INFUSION THERAPY SUPPLIER","SUPPLIER GR. AREA",--,IL,--,MCHENRY
O20210317000821,"KABAFUSION INC","220 BROOKS ST","STE 1",WORCESTER,MA,01606-3339,"(888) 727-2323","HOME INFUSION THERAPY SUPPLIER","RENDERING AREA",--,RI,--,--
