NPI,"PROVIDER NAME","ADDRESS LINE 1","ADDRESS LINE 2",CITY,STATE,ZIP,"MEDICARE ID EFFECTIVE DATE",PHONE
1003008301,"CENTER FOR COMMUNITY ALTERNATIVES,","25 CHAPEL ST","STE 701",BROOKLYN,NY,11201-1917,05/01/2024,7188589658
1003081399,"BAART BEHAVIORAL HEALTH SERVICES IN","617 COMSTOCK RD","STE 5",BERLIN,VT,05602-8498,10/25/2014,8022232003
"1003081399 1013055110","BAART BEHAVIORAL HEALTH SERVICES IN","617 COMSTOCK RD","STE 5",BERLIN,VT,05602-8498,01/01/2020,8022232003
1003150004,"AMS OF WISCONSIN LLC","9532 E 16 FRONTAGE RD","STE 100",ONALASKA,WI,54650-6742,01/01/2020,6087830506
1003362484,"BHG XLII LLC","5715 PRINCESS ANNE RD","","VIRGINIA BEACH",VA,23462-3222,01/01/2020,7579620748
1003368945,"RTS EDGEWOOD","2205 PULASKI HWY","",EDGEWOOD,MD,21040-1601,10/13/2020,4434569001
1003511213,"ANCHOR OF HOPE OPIOID TREATMENT PRO","2307 SPRINGLAKE RD","STE 500","FAMERS BRANCH",TX,75234-5876,01/17/2025,4692915288
1003571647,"METRO TREATMENT OF FLORIDA LP","1241 BLANDING BLVD, STE 5","NEW SEASON TREATMENT CENTER 21","ORANGE PARK",FL,32065-5908,01/01/2020,9046700820
"1003581174 1043641293 1063012334 1215593488 1215627278 1316503584 1326713314 1396343844 1437915055 1568707420 1730870163 1750147468 1780337873 1851957021 1891404778 1932852027 1942728282 1942934476",CARNEGIE,"2828 CARNEGIE AVE","",CLEVELAND,OH,44115-2629,01/01/2020,2168599500
"1003581174 1043641293 1063012334 1215593488 1215627278 1316503584 1326713314 1396343844 1437915055 1568707420 1730870163 1750147468 1780337873 1851957021 1891404778 1932852027 1942728282 1942934476","CMS AKRON","1502 CANTON RD","",AKRON,OH,44312-4043,01/01/2020,2343760500
"1003581174 1043641293 1063012334 1215593488 1215627278 1316503584 1326713314 1396343844 1437915055 1568707420 1730870163 1750147468 1780337873 1851957021 1891404778 1932852027 1942728282 1942934476",ELYRIA,"1508 W RIVER RD N","",ELYRIA,OH,44035-2714,01/01/2020,4406478100
1003583733,"AFFINITY HEALTHCARE GROUP CHERRY HI","1305 KINGS HWY N","","CHERRY HILL",NJ,08034-1919,09/08/2022,8566517826
1003668187,"ATS OF NORTH CAROLINA, LLC","249 RIVER BEND DR","STE D-11","GRANITE FALLS",NC,28630-9388,01/01/2020,8555081993
1003941683,"TARZANA TREATMENT CENTERS, INC.","5190 ATLANTIC AVE","","LONG BEACH",CA,90805-6510,01/01/2020,8186543815
1003947193,"WEST TEXAS COUNSELING & REHABILITAT","1108 DOBIE DR STE 102","WTCR PLANO, INC.",PLANO,TX,75074-5391,01/01/2020,9725162900
1003953548,"ALLIANCE RECOVERY CENTER","1116 E PONCE DE LEON AVE","",DECATUR,GA,30030-2711,01/01/2020,4043777669
1003953548,"ALLIANCE RECOVERY CENTER","119 SYCAMORE DR","",ATHENS,GA,30606-3462,01/01/2020,7068502121
1003953548,"ALLIANCE RECOVERY CENTER","3430 HIGHWAY 20 SE","",CONYERS,GA,30013-2868,01/01/2020,7709224482
1003958976,"WESTERN PACIFIC MED-CORP","955 E THOMPSON BLVD","",VENTURA,CA,93001-3008,01/01/2020,8056419100
1003960022,"SOUTHEASTERN COUNCIL ON ALCOHOLISM","47 COIT ST","","NEW LONDON",CT,06320-5924,10/26/2022,8604471717
1003969767,"RICHMOND TREATMENT CENTER LLC","4265 S A ST","",RICHMOND,IN,47374-6049,01/01/2020,7659628843
1003972654,"AEGIS TREATMENT CENTERS LLC","115 E FESLER ST","","SANTA MARIA",CA,93454-4404,01/01/2020,8059226597
1013051606,"WCHS INC","2009 NE 117TH ST","STE 101",VANCOUVER,WA,98686-4022,01/01/2020,3605669112
1013055110,"BAART BEHAVIORAL HEALTH SERVICES IN","1097 HOSPITAL DR","","ST JOHNSBURY",VT,05819-9242,10/25/2014,8027486166
1013055110,"BAART BEHAVIORAL HEALTH SERVICES IN","1097 HOSPITAL DR","","ST JOHNSBURY",VT,05819-9242,01/01/2020,8027486166
1013060714,"EAST INDIANA LLC","816 RUDOLPH WAY","",GREENDALE,IN,47025-8312,01/01/2020,8125371668
1013141977,"DISCOVERY HOUSE BC LLC","3438 ROUTE 764","DISCOVERY HOUSE DUNCANSVILLE DHBC",DUNCANSVILLE,PA,16635-7803,01/01/2020,8149447000
1013345065,"MONTEFIORE MOUNT VERNON HOSPITAL","3 S 6TH AVE","","MOUNT VERNON",NY,10550-3197,02/07/2021,9146648000
1013509959,"COMPREHENSIVE BEHAVIORAL HEALTH CEN","5300 W ALAMEDA AVE","",LAKEWOOD,CO,80226-3606,01/20/2026,7207625284
1013537919,"DENVER RECOVERY GROUP LLC","5330 MANHATTAN CIR","STE H",BOULDER,CO,80303-4240,01/01/2020,7205365571
1013551662,"NEWNAN HEALTHCARE SERVICES LLC","931 LOWER FAYETTEVILLE RD","STE K",NEWNAN,GA,30263-5790,05/03/2025,2292420953
1013570589,"COMMUNITY MEDICAL SERVICES ARIZONA-","10689 NORTH 99TH AVENUE","",PEORIA,AZ,85345-5402,01/01/2020,6232331333
1013572353,"ADDICTION SERVICES AND PHARMACOTHER","11390 W THEODORE TRECKER WAY","","WEST ALLIS",WI,53214-1135,12/28/2025,4149281401
1013734888,"APT FOUNDATION, INC.","439 BOSTON POST RD","",GUILFORD,CT,06437-2931,01/01/2020,2037814600
1013793561,"ATS OF DELAWARE, LLC","501 WEST MARKET STREET","",GEORGETOWN,DE,19947,01/01/2020,8558113014
1013924372,"METROPOLITAN HOSPITAL CENTER","1900 SECOND AVE, 99TH ST","RM 2M29","NEW YORK",NY,10029-7494,03/06/2021,2124237722
1023054376,"CASA-TRINITY INC","201 S UNION ST","",OLEAN,NY,14760-3646,12/31/2023,7163734303
1023054376,"CASA-TRINITY INC","911 STOWELL ST","",ELMIRA,NY,14901-1428,12/31/2023,6077375215
1023173135,"AEGIS TREATMENT CENTERS LLC","1050 N GAREY AVE","",POMONA,CA,91767-3802,01/01/2020,9096236391
1023175072,"HABIT OPCO, LLC","10 EMBANKMENT ST","",LAWRENCE,MA,01841-4731,01/01/2020,9786876300
1023175072,"HABIT OPCO, LLC","11 CIRCLE AVE","",LYNN,MA,01905-3050,01/01/2020,7815952413
1023175072,"HABIT OPCO, LLC","118 MONAHAN AVE","HABIT OPCO DUNMORE",DUNMORE,PA,18512-1700,01/01/2020,5703440183
1023175072,"HABIT OPCO, LLC","155 AIRPORT RD","",FITCHBURG,MA,01420-8142,01/01/2020,9783436300
1023175072,"HABIT OPCO, LLC","180 CENTRE ST","",BROCKTON,MA,02302-2733,01/01/2020,5085866300
1023175072,"HABIT OPCO, LLC","22 FRONT ST","","FALL RIVER",MA,02721-4302,01/01/2020,5086761307
1023175072,"HABIT OPCO, LLC","22 OLDE CANAL DR","",LOWELL,MA,01851-2730,01/01/2020,9784525155
1023175072,"HABIT OPCO, LLC","2970 CORPORATE CT STE 1","HABIT OPCO ALLENTOWN",OREFIELD,PA,18069-3158,01/01/2020,6104810444
1023175072,"HABIT OPCO, LLC","301 CIRCLE OF PROGRESS DR","HABIT OPCO POTTSTOWN",POTTSTOWN,PA,19464-3811,01/01/2020,6109705410
1023175072,"HABIT OPCO, LLC","31A WORKSHOP RD","","SOUTH YARMOUTH",MA,02664-1210,01/01/2020,5083985155
1023175072,"HABIT OPCO, LLC","511 E COLUMBUS AVE","",SPRINGFIELD,MA,01105-2506,01/01/2020,4137333488
1023175072,"HABIT OPCO, LLC","66 MAIN ST","",TAUNTON,MA,02780-2777,01/01/2020,5088801598
1023175072,"HABIT OPCO, LLC","759 SUSQUEHANNA TRL","HABIT OPCO WATSONTOWN",WATSONTOWN,PA,17777-8109,01/01/2020,5705381240
1023175072,"HABIT OPCO, LLC","99 TOPEKA ST","",BOSTON,MA,02118-2717,01/01/2020,6174421499
1023229077,"METRO EAST DRUG CORPORATION","13929 HARPER AVE","",DETROIT,MI,48213-3672,04/07/2025,3133710055
1023269131,"COPE COMMUNITY SERVICES INC","5401 E 5TH ST","",TUCSON,AZ,85711-2333,01/01/2020,5208796680
1023269131,"COPE COMMUNITY SERVICES INC","5840 N LA CHOLLA BLVD","",TUCSON,AZ,85741-3537,01/01/2020,5204983900
1023286770,"NEW AGE SERVICES CORPORATION","1330 S KOSTNER AVE","",CHICAGO,IL,60623-1152,11/07/2025,7735421150
1023287711,"SOAR CORP","9150 MARSHALL ST","STE 2",PHILADELPHIA,PA,19114-2217,07/08/2022,2154644450
1023359783,"NEW VISTA OF THE BLUEGRASS INC","201 MECHANIC ST","",LEXINGTON,KY,40507-1086,01/01/2020,8599776080
1023362027,"SPECIALIZED TREATMENT SERVICES INC","7472 LAKELAND AVE N","","BROOKLYN PARK",MN,55428-1229,05/01/2020,7637775000
1023484615,"COMMUNITY MEDICAL SERVICES MONTANA","2415 S CATLIN ST","",MISSOULA,MT,59801-7822,01/01/2020,4065490114
1023499837,"METRO TREATMENT OF VIRGINA, LP","30 BAXTER DR","STE 180",HARRISONBURG,VA,22801-7632,01/01/2020,5409083917
1023499837,"METRO TREATMENT OF VIRGINIA, LP","30 BAXTER DR","STE 170",HARRISONBURG,VA,22801-7632,01/01/2020,5409083917
1023550944,"ATS OF NORTH CAROLINA, LLC","1617 S HAWTHORNE RD","","WINSTON SALEM",NC,27103-4127,01/01/2020,3368426980
1023591039,"TTC, LLC","1912 COMMERCE AVENUE NORTHWEST","",CULLMAN,AL,35055-6150,01/01/2020,2567395595
1023617859,"WINCHESTER COMPREHENSIVE TREATMENT","290 FRONT ROYAL PIKE","",WINCHESTER,VA,22602-7313,01/01/2020,5402816383
1023621042,"PINNACLE TREATMENT CENTERS OH-XI, L","1479 3RD ST","",BRILLIANT,OH,43913-1000,02/26/2021,7405982054
1023686284,"CORAS WELLNESS AND BEHAVIORAL HEALT","315 OLD LANDING RD","MILLSBORO CLINIC",MILLSBORO,DE,19966,12/07/2021,8338862277
1023686284,"CORAS WELLNESS AND BEHAVIORAL HEALT","3304 DRUMMOND PLZ","NEWARK CLINIC",NEWARK,DE,19711-5710,12/07/2021,8338862277
1023686284,"CORAS WELLNESS AND BEHAVIORAL HEALT","5 EAST ST","HARRINGTON CLINIC",HARRINGTON,DE,19952-1320,12/07/2021,8338862277
1023686284,"CORAS WELLNESS AND BEHAVIORIAL HEAL","1114 S DUPONT HWY","DOVER CLINIC",DOVER,DE,19901-4401,12/07/2021,8338862277
"1033107743 1033107743","CROUSE HEALTH ADDICTION TREATMENT","2775 ERIE BLVD E","",SYRACUSE,NY,13224-1203,02/04/2024,3154708304
1033251269,"NARDIN PARK RECOVERY CTR INC","9605 GRAND RIVER AVE","",DETROIT,MI,48204-2139,01/01/2020,3138345930
1033254487,"ADULT REHABILITATION SERVICES INC","6612 HORNWOOD DR","STE C",HOUSTON,TX,77074-5031,01/01/2020,7135414422
1033276662,"COUNTY OF NASSAU COUNTY CONTROLLER","2201 HEMPSTEAD TPKE","BLDG K","EAST MEADOW",NY,11554-1859,01/22/2020,5165725906
1033276662,"COUNTY OF NASSAU COUNTY CONTROLLER","2201 HEMPSTEAD TPKE","BLDG K","EAST MEADOW",NY,11554-1859,01/22/2020,5165725960
1033324769,"METRO TREATMENT OF ALABAMA LP","2227 DRAKE AVE SW","STE 19",HUNTSVILLE,AL,35805-5146,01/01/2020,2059411799
1033397369,"HUMAN RESOURCES DEVELOPMENT INSTITU","340 E 51ST ST","",CHICAGO,IL,60615-3509,04/07/2026,7739660333
1033485628,"ORGANIZATION FOR RECOVERY, INC.","519 NORTH AVE","",PLAINFIELD,NJ,07060-1416,01/05/2020,9087694700x2025
1033505003,"LINCOLN TREATMENT CENTER LLC","4305 O ST","BAART PROGRAMS LINCOLN",LINCOLN,NE,68510-1754,12/07/2022,4024882122
1033570262,"CENTERSTONE OF ILLINOIS INC","2615 EDWARDS ST","",ALTON,IL,62002-3915,01/08/2020,6184622331
1033624853,"OVERMOUNTAIN RECOVERY","203 GRAY COMMONS CIR","STE 110",GRAY,TN,37615-5406,01/01/2020,4234672800
1033628466,"BHG LII, LLC","794 MCDONOUGH RD","STE 104",JACKSON,GA,30233-1572,01/01/2020,7707759044
1033629100,"HABIT OPCO, LLC","254 PLAINFIELD RD","","WEST LEBANON",NH,03784-2001,01/01/2020,6032982146
1033678255,"SYMETRIA HEALTH OF TEXAS LLC","1813 HARWOOD CT","",HURST,TX,76054-3190,07/01/2021,8662912393
1033678255,"SYMETRIA HEALTH OF TEXAS LLC","5220 LEGENDARY DR","SYMETRIA-FRISCO OUTPATIENT REHAB",FRISCO,TX,75034-9197,07/01/2021,8662912393
1033804653,"COMMUNITY MEDICAL SERVICES MONTANA","1020 W BROADWAY AVE","",MINNEAPOLIS,MN,55411-2504,06/25/2024,6128953850
1043037013,"METRO TREATMENT OF FLORIDA, LP","2639 E IRLO BRONSON MEMORIAL HWY","NEW SEASON TREATMENT CENTER 31",KISSIMMEE,FL,34744-4912,01/01/2020,4073517080
1043058571,"SOUTH CAROLINA CTC, LLC","1653 E MAIN ST","",EASLEY,SC,29640-3791,12/18/2024,8555732619
1043224355,"KINGS COUNTY HOSPITAL CENTER","591 KINGSTON AVE","",BROOKLYN,NY,11203-1707,01/01/2020,7182452985
1043345119,"DUANE DEAN BEHAVIORAL HEALTH CENTER","700 E COURT ST","",KANKAKEE,IL,60901-4131,09/25/2025,8159390125
1043372733,"AEGIS TREATMENT CENTERS LLC","501 W COLUMBUS ST","",BAKERSFIELD,CA,93301-1263,01/01/2020,6613280245
1043421985,"CHEMICAL ABUSE SERVICES AGENCY, INC","426 EAST ST","","NEW HAVEN",CT,06511-5018,01/01/2020,2034957710
1043431927,"TACOMA PIERCE COUNTY HEALTH DEPT","3629 S D ST","",TACOMA,WA,98418-6813,01/01/2020,2536491614
1043436785,"CODAC INC.","93 THAMES ST","",NEWPORT,RI,02840-2536,03/01/2020,4018464150
1043507502,"PREMIER SERVICES OF MI LLC","25639 FORD RD","","DEARBORN HEIGHTS",MI,48127-4817,01/01/2020,3132773293
1043520240,"PA CARE, LLC","3091 ENTERPRISE DR","STE 150","STATE COLLEGE",PA,16801-3099,01/01/2020,8142356988
1043584402,"METRO TREATMENT OF MO LP","760 S KINGSHIGHWAY","STE F","CAPE GIRARDEAU",MO,63703-7676,03/10/2023,5733354333
1043631476,"HEALTHQWEST FRONTIERS","890 BURRUS RD","",MACON,GA,31204-1441,01/01/2020,4783307164
1043718802,"OHIO TREATMENT CENTER, LLC","8101 EUCLID AVE","STE 21",CLEVELAND,OH,44103-5059,03/20/2020,2162200035
1043720113,"HABIT OPCO, LLC","20 MARKET ST","",MANCHESTER,NH,03101-1957,01/01/2020,6036224747
1043726797,"PINNACLE TREATMENT CENTERS OH-VI, L","5122 GLENCROSSING WAY","",CINCINNATI,OH,45238-3361,01/01/2020,5138279044
1043765621,"SOAR CORP","7500 BRISTOL PIKE","",LEVITTOWN,PA,19057-5010,07/08/2022,2154644450
1043847304,"MONMOUTH HEALTHCARE SERVICES, LLC","495 JACK MARTIN BLVD","STE 6",BRICK,NJ,08724-7778,05/22/2021,7323440596
1043939754,"SUBURBAN HEALTH CLINIC OF TOMS RIVE","10 MULE ROAD","","TOMS RIVER",NJ,08755-5028,03/22/2024,7327979944
1053067439,"SUNRISE TREATMENT CENTER","100 HIGHVIEW BLVD","",COLUMBUS,OH,43207-6023,01/01/2020,5139414999
1053069005,"COMMUNITY MEDICAL SERVICES MONTANA","2350 CLEVELAND AVE N","",ROSEVILLE,MN,55113-2701,06/25/2024,5078501100
1053187310,"PATRICK GREEN MD PLLC","30 S TOOELE BLVD","",TOOELE,UT,84074-2093,06/21/2025,4352480333
1053319368,"RISAT LLC","1625 DIAMOND HILL RD","",WOONSOCKET,RI,02895-1771,01/01/2020,4017621511
1053322909,"TRANSCULTURAL HEALTH DEVELOPMENT IN","117 E HARRY BRIDGES BLVD","",WILMINGTON,CA,90744-5825,01/01/2020,3105498383
1053328187,"WCHS, INC.","2322 196TH SW","",LYNNWOOD,WA,98036-7010,01/01/2020,4256737293x7010
1053400077,"THERAPEUTIC HEALTH SERVICES","1305 SENECA ST","",SEATTLE,WA,98101-2828,03/27/2023,2063230930
1053458885,"ADDICTION RESEARCH AND TREATMENT IN","433 TURK ST","","SAN FRANCISCO",CA,94102-3329,01/01/2020,4159287800
1053474148,"COMMUNITY MEDICAL SERVICES ARIZONA-","5002 W GLENDALE AVE","STE 101&102&103&104",GLENDALE,AZ,85301-2756,01/01/2020,6232331099
1053474213,"ADDICTION RECOVERY INSTITUTE","31 N UNION ST","",PAWTUCKET,RI,02860-2915,01/01/2020,4017252520
1053556365,"NEW HORIZONS TREATMENT CENTER INC","36 CHATEAU CT SE","",ROME,GA,30161-7264,01/01/2020,7062339603
1053632505,"AUSTIN TRAVIS COUNTY MENTAL HEALTH","1631 E 2ND ST","STE A",AUSTIN,TX,78702-4491,01/07/2026,5128043380
1053801951,"WINCHESTER HEALTH LLC","1315 BLOOMINGDALE RD","",BALTIMORE,MD,21216-3922,01/01/2020,4106247111
1053823369,"BAYMARK HEALTH SERVICES OF LOUISIAN","648 LATIOLAIS DR","","BREAUX BRIDGE",LA,70517-4231,07/07/2020,3373324878
1053837153,"COLORADO TREATMENT SERVICES LLC","3400 W 16TH ST","STE P",GREELEY,CO,80634-6871,09/22/2025,9709784386
1053851410,"METRO TREATMENT OF NORTH CAROLINA L","1455 E FRANKLIN BLVD","",GASTONIA,NC,28054-4059,01/01/2020,8284851320
1053918128,"DISCOVERY HOUSE WC INC","11 NORTH ST","","PRESQUE ISLE",ME,04769,01/01/2020,2077073001
1053978460,"COMMUNITY MEDICAL SERVICES ARIZONA","1500 E WOOLFORD RD","STE 101","SHOW LOW",AZ,85901-7105,01/01/2020,9282512030
1063029361,"HERITAGE BEHAVIORAL HEALTH CENTER","151 N MAIN ST","",DECATUR,IL,62523-1206,04/17/2021,2173626262
1063082592,"COSTAL HORIZONS CENTER INC","7910 HIGHWAY 117 SOUTH","SUITE 115","ROCKY POINT",NC,28457-2845,01/22/2020,9106231096
1063426377,"ELMHURST HOSPITAL CENTER","79-01 BROADWAY","ANNEX O - SECOND FLOOR",ELMHURST,NY,11373-1329,02/13/2021,7183344000
1063525152,"MONTEFIORE MEDICAL CENTER","1510 WATERS PL","",BRONX,NY,10461-2700,05/12/2021,7188293440
1063525152,"MONTEFIORE MEDICAL CENTER","2058 JEROME AVE","",BRONX,NY,10453-1817,05/12/2021,7185830600
1063525152,"MONTEFIORE MEDICAL CENTER","260 EAST 161ST STREET",C-LEVEL,BRONX,NY,10451-3512,05/12/2021,7189933397
1063525152,"MONTEFIORE MEDICAL CENTER","3550 JEROME AVE","",BRONX,NY,10467-1005,05/12/2021,7189204067
1063525152,"MONTEFIORE MEDICAL CENTER","804 E 138TH ST","",BRONX,NY,10454-1932,05/12/2021,7186657500
1063628170,"SOUTHSIDE TREATMENT CENTER","9609 JEFFERSON DAVIS HWY","",RICHMOND,VA,23237-4621,01/01/2020,8042751116
1063632982,"PINNACLE TREATMENT CENTERS PA-II, L","739 ENSIGN AVE","",PITTSBURGH,PA,15226-1105,01/01/2020,4124886360
1063637817,"LOWER EASTSIDE SERVICE CENTER, INC.","46 E BROADWAY","","NEW YORK",NY,10002-6803,02/09/2026,2123433520
1063637817,"LOWER EASTSIDE SERVICE CENTER, INC.","62 E BROADWAY","","NEW YORK",NY,10002-6844,02/09/2026,2123433520
"1063642841 1497272884","NEW HOPE COMMUNITY SERVICE CENTER","9050 W 81ST ST","# 400",JUSTICE,IL,60458-9800,08/08/2020,8885123405
1063664563,"PREMIER SERVICES OF MI LLC","34208 VAN DYKE AVE","","STERLING HEIGHTS",MI,48312-4647,01/01/2020,5867586670
1063675189,"BH HEALTH SERVICES, INC.","450 E MAIN ST","",WESTMINSTER,MD,21157-5540,01/01/2020,4108713005
1063812667,"GPA TREATMENT, INC","4255 CHAMBLEE TUCKER RD","",DORAVILLE,GA,30340-4501,01/01/2020,7704931922
1063824381,"GEORGETOWN MEDICAL, LLC","105 EASTSIDE DR","",GEORGETOWN,KY,40324-9797,07/06/2022,5025709313
1063909943,"BHG XLII. LLC","1333 CARRSVILLE HWY","",FRANKLIN,VA,23851-3916,01/01/2020,7579332660
1063921047,"ADDICTION MEDICAL FACILITY","400 HEALTH SERVICES DR","STE 401",SEAFORD,DE,19973-5769,02/07/2020,3026292300
"1063922060 1841782042","REDEEM HEALTHCARE AND MEDICAL SYSTE","917 N CAROLINE ST","",BALTIMORE,MD,21205-1000,07/15/2020,4105221030
1063971232,"SYMETRIA HEALTH OF TEXAS LLC","7229 HAWKINS VIEW DRIVE","SYMETRIA RECOVERY AT FORT WORTH","FORT WORTH",TX,76132-3921,07/01/2021,8662912393
1073108734,"PINNACLE TREATMENT CENTERS PA-IX LL","534 W BROAD ST","",HAZLETON,PA,18201-6108,03/24/2022,5704975173
1073146080,"BAYMARK HEALTH SERVICES OF OHIO","530 N LEAVITT RD","",AMHERST,OH,44001-1131,10/01/2020,4403284213
1073218459,"METRO TREATMENT OF FLORIDA LP","57 TOWN CT, STE 215","NEW SEASON TREATMENT CENTER 35","PALM COAST",FL,32164-2425,01/01/2020,4073517080
1073350500,"SOUTH CAROLINA CTC, LLC","1035 MEDICAL RIDGE RD","",CLINTON,SC,29325-4542,12/18/2024,8776492349
1073535027,"BELLEVUE HOSPITAL CENTER","462 FIRST AVENUE","","NEW YORK",NY,10016-9196,01/01/2020,2125626172
1073639266,"CONNECTICUT COUNSELING CENTERS INC","20 N MAIN ST","STE 3",NORWALK,CT,06854-2720,01/01/2020,2038386508
"1073679445 1487889655","APT FOUNDATION, INC","352 STATE ST","","NORTH HAVEN",CT,06473-3108,01/01/2020,2037814600x1703
1073722286,"CONCOURSE MEDICAL CENTER INC","880 MORRIS AVE","",BRONX,NY,10451-3412,05/28/2024,7186659340x118
1073774667,"VCPHCS X LLC","850 23RD AVENUE","UNIT A",LONGMONT,CO,80501-1115,01/01/2020,3032450123
1073874731,"OMAHA TREATMENT CENTER LLC","11215 JOHN GALT BLVD","BAART PROGRAMS OMAHA WEST",OMAHA,NE,68137-2319,12/07/2022,4025925900
1073944567,"PEORIA TREATMENT CENTER, LLC","731 SABRINA DR","UNIT C",PEORIA,IL,61611-3582,06/27/2023,3096999700
1073944591,"AMERICAN HEALTH SERVICES LLC","609 E 18TH ST","",BAKERSFIELD,CA,93305-5616,01/27/2020,6613135503
1083030928,"METRO TREATMENT OF GEORGIA LP","1135 13TH ST","",COLUMBUS,GA,31901-2248,01/01/2020,7068875030
1083081616,"PINNACLE TREATMENT CENTERS PA-VI, L","11127 PERRY HWY","",MEADVILLE,PA,16335-6557,01/01/2020,8143377431
1083102511,"RIVERSIDE TREATMENT SERVICES LANSDO","1903 LANSDOWNE ROAD","",LANSDOWNE,MD,21227,10/13/2020,4105656244
1083148076,"ETOWN ADDICTION SOLUTIONS LLC","2645 LEITCHFIELD RD","STE 104",ELIZABETHTOWN,KY,42701-8306,01/01/2020,2702348180
1083260822,"BHG LI, LLC","4260 STOCKTON DR STE B","BHG NORTH LITTLE ROCK TREATM","NORTH LITTLE ROCK",AR,72117-2915,01/01/2020,5016647833
1083493308,"WELCOME MAT HEALTH - ELKIN","935 N BRIDGE ST","",ELKIN,NC,28621-2403,01/19/2026,3366198081
1083493308,"WELCOME MAT HEALTH - REIDSVILLE","3580 NC 14","",REIDSVILLE,NC,27320-8746,01/19/2026,3365104235
1083595334,"METRO TREATMENT OF GEORGIA, LP","822 CHICKAMAUGA AVE","",ROSSVILLE,GA,30741-1407,01/01/2020,7068615458
1083618672,"BUFFALO BEACON CORPORATION","1508 GENESEE ST","",UTICA,NY,13502-5178,01/01/2020,3153671285
1083618672,"BUFFALO BEACON CORPORATION","303 W LIBERTY ST","STE A",ROME,NY,13440-5736,01/01/2020,3153671290
1083672372,"COMMUNITY ACTION AGAINST ADDICTION","5209 EUCLID AVE","",CLEVELAND,OH,44103-3703,02/05/2020,2168810765x202
1083931562,"MEDMARK TREATMENT CENTERS OF TEXAS","2210 WASHINGTON AVE","",WACO,TX,76701-1019,05/20/2026,2542743554
1093071920,"GLASS HEALTH PROGRAMS, INC.","1801 CHERRY HILL RD","",BALTIMORE,MD,21230-3503,08/17/2022,4103542800
1093108755,"VIRGINIA TREATMENT CENTER INC","4000 MURRAY PL","",LYNCHBURG,VA,24501-5004,01/01/2020,4344393283
1093151003,"DRD MANAGEMENT INC","626 BERNARD AVE","",KNOXVILLE,TN,37921-6253,01/01/2020,8655220161
1093282881,"SACRED HEART REHAB CTR INC","19611 E 8 MILE RD","","SAINT CLAIR SHORES",MI,48080-1655,01/01/2020,8107321652
1093351678,"CECIL COMMUNITY RECOVERY CENTER LLC","409 W PULASKI HWY","",ELKTON,MD,21921-5218,08/09/2022,4432589696
1093411647,"DISCOVERY HOUSE, WC INC","431 FRANKLIN ST","STE 1",RUMFORD,ME,04276-2100,01/01/2020,2078104597
1093582579,"COMMUNITY MEDICAL SERVICES MONTANA","7500 SHERIDAN BLVD","",WESTMINSTER,CO,80003-6209,06/12/2024,7205498450
1093846552,"TOXICOLOGY ASSOCIATES, INC.","2411 FRANKLIN ST","","LA MARQUE",TX,77568-6303,01/17/2022,4099353749
1093846552,"TOXICOLOGY ASSOCIATES, INC.","5233 IH 37","STE C17","CORPUS CHRISTI",TX,78408-2518,01/17/2022,3618822064
1093846552,"TOXICOLOGY ASSOCIATES, INC.","6910 BELLAIRE BLVD","STE 13",HOUSTON,TX,77074-3547,01/17/2022,7135413218
1093849994,"METRO TREATMENT OF NEW HAMPSHIRE LP","100 HALL ST","",CONCORD,NH,03301-3408,01/01/2020,6032294260
1093859878,"ALDIE FOUNDATION","11 WELDEN DRIVE","",DOYLESTOWN,PA,18901-2359,01/01/2020,2153458530x107
1093867483,"ADVANCED TREATMENT SYSTEMS LLC","1825 E LINCOLN HWY","COATESVILLE TRMT CTR",COATESVILLE,PA,19320-2407,01/01/2020,6104669250
1093891699,"CITY OF PORTSMOUTH","1811 KING ST","",PORTSMOUTH,VA,23704-3032,01/11/2020,7573935404
1093972838,"CAMDEN TREATMENT ASSOCIATES LLC","508 ATLANTIC AVE","",CAMDEN,NJ,08104-1108,01/01/2020,8563381811
1104102102,"TEXAS TREATMENT SERVICES LLC","571 SPENCER LN","STE 101","SAN ANTONIO",TX,78201-2030,04/02/2020,2107364405
1104144088,"METHADONE CLINIC OF EAST TEXAS LLC","1510 S VINE AVE","",TYLER,TX,75701-2826,01/01/2020,8645589317
1104184670,"APT FOUNDATION, INC","54 RAMSDELL ST","","NEW HAVEN",CT,06515-1616,01/01/2020,2037814600
1104317007,"VICTA LLC","110 ELMWOOD AVE","",PROVIDENCE,RI,02907-2423,01/28/2020,4013005757
1104435734,"NEW LIFE HEALTH AUTHORITY","280 E STANDLEY ST","",UKIAH,CA,95482-4414,08/24/2021,7074660001
1104802420,"GLENWOOD LIFE-COUNSELING CENTER INC","516 GLENWOOD AVE","",BALTIMORE,MD,21212-4230,02/17/2026,4103239811x201
1104901941,"JAMESTOWN S'KLALLAM TRIBE","526 S 9TH AVE","",SEQUIM,WA,98382-3626,10/15/2022,3606817755
1104942481,"CONNECTICUT COUNSELING CENTERS INC","4 MIDLAND RD","",WATERBURY,CT,06705-3412,01/01/2020,2037558874
1104959493,"SACRED HEART REHAB CTR INC","2091 PROFESSIONAL DR","",FLINT,MI,48532-3657,01/01/2020,8107321652
1104982495,"AEGIS TREATMENT CENTERS LLC","1343 W MAIN ST","STE A&B",MERCED,CA,95340-4438,01/01/2020,2097251060
1114079654,"ATS OF DELAWARE LLC","2999 PHILADELPHIA PIKE","CLAYMONT TREATMENT CENTER",CLAYMONT,DE,19703-2507,01/01/2020,3027920700
1114083771,"AEGIS TREATMENT CENTERS LLC","8626 LOWER SACRAMENTO RD","STE 41",STOCKTON,CA,95210-1835,01/01/2020,2094782487
1114398799,"MEDMARK TREATMENT CENTERS OF ALABAM","9283 W US 84","",NEWTON,AL,36352-8207,01/01/2020,3346924455
1114460375,"CROSSROADS TREATMENT CENTER OF CHAR","2470 MALL DR","STE D","NORTH CHARLESTON",SC,29406-6514,01/01/2020,8008056989
1114734977,"ST. GENEVIEVE DETOX & MAINTENANCE","141 BRAZOSPORT BLVD N","",CLUTE,TX,77531-3745,05/16/2026,3464224475
1114938594,"THE COMMUNITY ACTION ORGANIZATION O","1237 MAIN ST","",BUFFALO,NY,14209-2111,01/09/2020,7168849101
1124102611,"FAMILY GUIDANCE CENTERS INC","310 W CHICAGO AVE","",CHICAGO,IL,60654-5106,04/01/2020,2246597030
1124159280,"RESOURCES FOR HUMAN DEVELOPMENT, IN","316 DEKALB ST","",NORRISTOWN,PA,19401-4906,03/01/2020,6102723710
1124160080,"WESTERN PACIFIC MED-CORP","4838 LAUREL CANYON BLVD","","NORTH HOLLYWOOD",CA,91607-3717,01/01/2020,8185064455
1124180815,"AEGIS TREATMENT CENTERS LLC","1019 JEFFERSON ST","",DELANO,CA,93215-2238,01/01/2020,6617210463
1124194501,"TADISO INCORPORATED","1425 BEAVER AVE","",PITTSBURGH,PA,15233-2313,10/23/2021,4124916329
1124206032,"GARFIELD COUNSELING CENTER, INCORPO","4132 W MADISON ST","",CHICAGO,IL,60624-2303,04/20/2021,7735330433x211
1124234448,"METRO TREATMENT OF UTAH LP","763 W 700 S","STE B","WOODS CROSS",UT,84087-1438,01/01/2020,8012922318
"1124234448 1700092236","METRO TREATMENT OF UTAH LP","1492 S SILICON WAY","","SAINT GEORGE",UT,84770-7155,01/01/2020,4356568918
1124234653,"METRO TREATMENT OF MINNESOTA LP","524 25TH AVE N","","SAINT CLOUD",MN,56303-3255,01/01/2020,3202021909
1124457718,"CROSSROADS TREATMENT CENTER OF ASHE","6 ROBERTS RD","STE 103",ASHEVILLE,NC,28803-6631,01/01/2020,8008056989
1124533930,"CLARKSBURG TREATMENT CENTER, LLC","706 OAKMOUND RD","",CLARKSBURG,WV,26301-9398,01/01/2020,3046227511
1124537394,"MORSE CLINIC OF ROANOKE RAPIDS, PC","608 JACKSON ST","STE 108","ROANOKE RAPIDS",NC,27870-2600,01/01/2020,2525414175
1124559976,"METRO TREATMENT OF MISSISSIPPI, LP","1989 PASS RD","BILOXI TREATMENT CENTER",BILOXI,MS,39531-4103,01/01/2020,2282071248
1124596911,"ETANO CENTER","3956 E PIMA ST","",TUCSON,AZ,85712-3315,01/01/2020,5203253323
1124659123,"LAKE COUNTY CENTER, LLC","310 S GREENLEAF STREET","STE 206/207",GURNEE,IL,60031-5708,10/01/2021,8475998902
1134184658,COMPDRUG,"547 E 11TH AVE","",COLUMBUS,OH,43211-2603,01/01/2020,6142244506x236
1134211626,"PROJECT REALITY","667 S 700 E","","SALT LAKE CITY",UT,84102-3441,08/22/2023,8013648080
1134270036,"THERAPEUTIC INTERVENTIONS INC","1645 HICKS RD","STE A","ROLLING MEADOWS",IL,60008-1222,10/05/2020,8479914800
1134342165,"ALDIE FOUNDATION","2291 CABOT BLVD W","",LANGHORNE,PA,19047-1806,01/01/2020,2156423230
1134346687,"HOWARD CENTER, INC.","75 SAN REMO DR","STE 2","SOUTH BURLINGTON",VT,05403-6385,01/01/2020,8024886000
1134380405,"DRD MANAGEMENT INC","404 E BATTLEFIELD ST","",SPRINGFIELD,MO,65807-4802,11/21/2025,4178658045
1134553076,PLCCA,"308 S 5TH AVE","",MAYWOOD,IL,60153-1650,02/28/2024,7083431275
1134556798,"WTCR ABILENE INC","212 S LEGGETT DR","",ABILENE,TX,79605-1628,10/01/2025,3256709339
1134559917,"CENTER FOR BEHAVIORAL LLC","3910 LIMA RD","","FORT WAYNE",IN,46805-1031,01/01/2020,2604206010
1134565740,"AEGIS TREATMENT CENTERS LLC","955 W CENTER ST","STE 12A&14",MANTECA,CA,95337-7300,01/01/2020,2092399600
1134632599,"SWINOMISH HEALTH SERVICES","8212 S MARCH POINT RD","DIDGWALIC WELLNESS CENTER",ANACORTES,WA,98221-8684,06/10/2020,3605882800
1134648439,"TTC, LLC","4204 EDMONTON DR","",BESSEMER,AL,35022-4878,01/01/2020,2054251200
1134748908,"NEW SEASON AKRON","1900 W MARKET ST","STE 100",AKRON,OH,44313-6927,12/31/2020,2349012590
1134780992,"COMMUNITY MEDICAL SERVICES ARIZONA","213 E MONROE AVE","",BUCKEYE,AZ,85326-2704,01/01/2020,6232331330
1134827454,"CONCERTED CARE GROUP ELKTON, LLC","1275 W PULASKI HWY","",ELKTON,MD,21921-4719,11/21/2024,6675771450
1134835960,"DISCOVERY HOUSE, LLC","307 LAIRD ST","","WILKES BARRE TOWNSHIP",PA,18702-6915,06/24/2024,5704097880
1134856214,"GEORGETOWN TREATMENT SPECIALISTS","1306 N FRASER ST","",GEORGETOWN,SC,29440-2800,08/02/2024,8433252927
1144228016,"CENTER FOR BEHAVIORAL HEALTH HA LLC","3601 N PROGRESS AVE","HARRISBURG COMPREHENSIVE TREATMENT CENTER",HARRISBURG,PA,17110-9100,01/01/2020,7172337290
1144234428,"SAINT FRANCIS HOSPITAL AND MEDICAL","500 BLUE HILLS AVE","",HARTFORD,CT,06112-1500,03/01/2020,8607142549
1144312877,"THERAPEUTIC HEALTH SERVICES","16715 AURORA AVE N","STE 102",SHORELINE,WA,98133-5310,03/27/2023,2065469766
"1144386442 1487889655","APT FOUNDATION, INC","495 CONGRESS AVE","","NEW HAVEN",CT,06519-1312,01/01/2020,2037814600x1703
1144419201,"BD HEALTH SERVICES INC","3955 OLD NORTH POINT RD","",DUNDALK,MD,21222-2840,01/01/2020,4104770744
1144437286,"METRO TREATMENT OF GEORGIA LP","2357 TOBACCO RD","",AUGUSTA,GA,30906-9220,01/01/2020,7067723855
1144437294,"METRO TREATMENT OF NEW MEXICO LP","630 HAINES AVE NW","CENTRAL NEW MEXICO TREATMENT CENTER",ALBUQUERQUE,NM,87102-1226,01/01/2020,5052685611
1144549494,"HUMAN SERVICE CENTER","3420 N ROCHELLE LN","",PEORIA,IL,61604-1035,03/09/2026,3092222185
1144666264,"VCPHCS XV LLC","2919 E 4TH ST","",JOPLIN,MO,64801-1625,01/01/2020,4177827966
"1144684697 1700250784","MILWAUKEE HEALTH SERVICES SYSTEM LL","3440 OAKWOOD HILLS PKWY","","EAU CLAIRE",WI,54701-7698,01/01/2020,7152142525
1144897372,"COMMUNITY MEDICAL SERVICES MONTANA","4335 LAUREL ST","",ANCHORAGE,AK,99508-5338,01/01/2020,9077824750
1154031011,"MILE HIGH TREATMENT AND RECOVERY IN","6310 E EXPOSITION AVE","",DENVER,CO,80224-1260,02/21/2024,7202613938
1154197614,"KALISPEL TRIBE OF INDIANS","10811 W 6TH AVE","","AIRWAY HEIGHTS",WA,99001-5345,02/07/2026,5094814990
1154302586,"NORTHEAST BEHAVIORAL HEALTH CORPORA","111 MIDDLETON RD","",DANVERS,MA,01923-4000,05/19/2020,9787772121
1154302586,"NORTHEAST BEHAVIORAL HEALTH CORPORA","298 WASHINGTON ST","",GLOUCESTER,MA,01930-4832,05/19/2020,9782830296
1154414183,"HARBORTOWN TREATMENT PLLC","1022 E MAIN ST","","BENTON HARBOR",MI,49022-3036,01/01/2020,2699260015
1154430270,"STAR CENTER INC","13575 LESURE ST","",DETROIT,MI,48227-3131,01/01/2020,3134934410
1154484103,"SUNRISE DETOXIFICATION CENTER, LLC","3185 BOUTWELL RD","","LAKE WORTH BEACH",FL,33461-2610,01/02/2026,5615330074
1154548535,"SUCCESSFUL ALTERNATIVES FOR ADDICTI","1628 BROADWAY ST","",VALLEJO,CA,94590-2405,01/01/2020,7076498300
1154637429,"MISSION TREATMENT CENTERS INC","1536 N BOULDER HWY","",HENDERSON,NV,89011-4120,01/01/2020,7025588600
1154691368,"LEXINGTON CENTER FOR RECOVERY INC","41 PAGE PARK DR","STE 200",POUGHKEEPSIE,NY,12603-7500,01/01/2020,8454862850x2010
1154722361,"ORTC LLC","155 NE REVERE AVE","STE 150",BEND,OR,97701-4147,01/01/2020,5416174544
1154789014,"GLASS HEALTH PROGRAMS, INC","817 N CALVERT ST","",BALTIMORE,MD,21202-3705,08/17/2022,4432906424
1154822062,"COMMUNITY MEDICAL SERVICES ARIZONA","440 N CAMINO MERCADO","STE 2","CASA GRANDE",AZ,85122-5750,01/01/2020,5204247390
1154870160,"JOHN BROOKS RECOVERY CENTER , A NEW","1455 PINEWOOD BLVD","","MAYS LANDING",NJ,08330-2068,01/01/2020,6093450110
1154870160,"JOHN BROOKS RECOVERY CENTER , A NEW","660 BLACK HORSE PIKE","",PLEASANTVILLE,NJ,08232-2360,01/01/2020,6098334488
1154889665,"HARBOR SPRINGS COUNSELING SERVICES","1790 MULKEY RD","STE 3A",AUSTELL,GA,30106-1122,04/06/2020,7706939388
1154954097,"OCTOBER ROAD, INC.","119 TUNNEL RD","STE E",ASHEVILLE,NC,28805-1800,08/03/2021,8283501000
1164048492,"FOUR CORNERS COMMUNITY BEHAVIORAL H","77 S 600 E","STE C",PRICE,UT,84501-3174,06/10/2020,4356377200
1164196747,"BHG LXXV LLC","1910 HASKELL AVE","STE 9",LAWRENCE,KS,66046-3296,11/09/2021,7858564357
1164205126,BRIGHTVIEW,"1345 PLANTATION RD NE","",ROANOKE,VA,24012-5712,11/01/2021,8335104357
1164205126,BRIGHTVIEW,"16 PLEASANT HILL RD","",HARRISONBURG,VA,22801-5709,11/01/2021,8335104357
1164205126,BRIGHTVIEW,"200 FARADAY PLZ","",WINCHESTER,VA,22603-4669,11/01/2021,8335104357
1164205126,BRIGHTVIEW,"3704 OLD FOREST RD","",LYNCHBURG,VA,24501,11/01/2021,8335104357
1164205126,"BRIGHTVIEW LLC","209 RESEARCH DR","STE 102",CHESAPEAKE,VA,23320-5995,11/01/2021,8335104357
1164205126,"BRIGHTVIEW LLC","5357 HENNEMAN DR","",NORFOLK,VA,23513-2401,11/01/2021,8335104357
1164641676,"NORTHERN MICHIGAN SRVCS INC","2136 W M 32","NMSAS RECOVERY CENTER",GAYLORD,MI,49735-9282,01/01/2020,9897321791
1164833877,"BHG XXVIII, LLC","1639 BRUCE SMITH PKWY","","WEST PLAINS",MO,65775-7691,01/01/2020,4172556441
1164863809,"METRO TREATMENT OF NORTH CAROLINA L","1152 LENOIR RHYNE BLVD SE","",HICKORY,NC,28602-5168,01/01/2020,8284851320
1164872750,"MORSE CLINIC OF NORTH RALEIGH PC","3209 GRESHAM LAKE RD","STE 113",RALEIGH,NC,27615-4131,01/01/2020,9199775993
1164927430,"SOFT LANDING INTERVENTIONS, LLC","229 N HAMMES AVE","SYMETRIA RECOVERY AT JOLIET",JOLIET,IL,60435-8100,09/09/2021,8662912393
1174007785,"FAMILY GUIDANCE CENTERS INC","727 BROADWAY ST","",QUINCY,IL,62301-2708,04/01/2020,2176174097
1174040034,"CROSSROADS TREATMENT CENTER OF NORT","1974 WALTON NICHOLSON PIKE","",INDEPENDENCE,KY,41051-7906,01/01/2020,8008056989
1174062731,"BAYMARK HEALTH SERVICES OF WEST VIR","53 DON KNOTTS BLVD","",MORGANTOWN,WV,26508-6838,01/01/2020,3042840025
1174064786,"DR MIRIAM & SHELDON G. ADELSON CLI","3661 S MARYLAND PKWY","STE 64","LAS VEGAS",NV,89169-3005,01/01/2020,7027357900
1174183743,"INTENSIVE TREATMENT SYSTEMS","4136 N 75TH AVE","STE 116",PHOENIX,AZ,85033-3100,01/01/2020,6232471234
1174183743,"INTENSIVE TREATMENT SYSTEMS LLC","36375 N GANTZEL RD","STE 101","SAN TAN VALLEY",AZ,85140-7334,01/01/2020,6029960110
1174241335,"METRO TREATMENT OF FLORIDA LP","2209 NW 13TH ST","NEW SEASON TREATMENT CENTER 29",GAINESVILLE,FL,32609-3490,01/01/2020,4073517080
1174283253,"MARTINSVILLE TREATMENT SERVICES, LL","8500 AL PHILPOTT HWY","STE 3",MARTINSVILLE,VA,24112-1495,12/14/2022,2762269925
1174289961,"LANCASTER TREATMENT SPECIALISTS","977 N MAIN ST","",LANCASTER,SC,29720-2188,01/09/2023,8037457001
1174291207,"TUERK HOUSE INC","730 N ASHBURTON ST","",BALTIMORE,MD,21216-4703,03/23/2025,6672123631
1174362776,"COMMUNITY MEDICAL SERVICES MONTANA","651 W 7TH AVE","STE 655",EUGENE,OR,97402-5113,07/23/2024,4583200320
1174521488,"RISAT LLC","66 PAVILION AVE","",PROVIDENCE,RI,02905-1522,01/01/2020,4014619110
"1174544092 1962423889","BI-VALLEY MEDICAL CLINIC INC","310 HARRIS AVE","STE A, E, F, G",SACRAMENTO,CA,95823-2627,01/01/2020,9166496793
1174662910,"ATS OF NORTH CAROLINA, LLC","2611 HOSPITAL RD.","",GOLDSBORO,NC,27534,01/01/2020,9195839329
1174739403,"METRO TREATMENT OF NORTH CAROLINA L","3315 WILKINSON BLVD","",CHARLOTTE,NC,28208-5631,01/01/2020,7046970044
"1174798524 1790837128","MILWAUKEE HEALTH SERVICES SYSTEM LL","4800 S 10TH ST","UNIT 1",MILWAUKEE,WI,53221-2412,01/01/2020,4147449052
"1174925010 1497260202","HUNTINGTON TREATMENT CENTER, LLC","135 4TH AVE","",HUNTINGTON,WV,25701-1219,01/01/2020,3045255691
1184016651,"THW GROUP LLC","7900 FRANKFORD AVE","",PHILADELPHIA,PA,19136,12/31/2021,2153353520
1184071151,"PINNACLE TREATMENT CENTERS NJ-I, LL","2001 ROUTE 37 E","","TOMS RIVER",NJ,08753-7168,01/01/2020,7322889322
1184181018,"JK2C, LLC","312 ACADEMY ST S","STE D",AHOSKIE,NC,27910-3200,01/14/2020,7578483478
"1184229254 1235216532","REGENTS OF THE UNIVERSITY OF COLORA","6303 WADSWORTH BYP","WESTSIDE CENTER FOR CHANGE",ARVADA,CO,80003-4839,07/11/2020,3039357004
1184257420,"BHG LXX, LLC","196 COUNTY ROAD 85","",STEVENSON,AL,35772-5522,12/01/2020,2564372728
1184266108,"DENVER RECOVERY GROUP LLC","8790 W COLFAX AVE","STE 90",LAKEWOOD,CO,80215-4025,01/01/2020,7207508137
1184277964,"EVA MAE RECOVERY HOPE INC.","10723 S HALSTED ST","",CHICAGO,IL,60628-3107,11/19/2025,7739418068
"1184354979 1720832298","QUALITY ADDICTION MANAGEMENT INC","7991 SHERIDAN RD","",KENOSHA,WI,53143-5943,01/01/2020,2626499966
1184459570,"COMMUNITY MEDICAL SERVICES ARIZONA-","2351 N ALVERNON WAY","",TUCSON,AZ,85712-2583,01/01/2020,5206409500
1184607400,"DISCOVERY HOUSE - UC INC","714 S STATE ST","",OREM,UT,84058-6366,01/01/2020,8014266565
1184715328,"RICHMOND BEHAVIORAL HEALTH AUTHORIT","15 W CARY ST","",RICHMOND,VA,23220-5609,09/04/2023,8048194000
1184760985,"COMPREHENSIVE HEALTH AND ATTITUDE","173 S KUKUI ST","",HONOLULU,HI,96813-2320,01/01/2020,8084264515
1184762247,"CAP QUALITY CARE, INC.","1 DELTA DR","STE A",WESTBROOK,ME,04092-4745,01/01/2020,2078567227x318
1184775967,"CRC HEALTH OREGON LLC","10763 SW GREENBURG RD","STE 100",TIGARD,OR,97223-5492,01/01/2020,5036848159
1184782633,"OPERATION PAR INC","535 PINE ISLAND RD, STE M","OPERATION PAR-FT MYERS","N FT MYERS",FL,33903-3700,01/01/2020,2396567702
1184787038,"CAP OF DOWNERS GROVE, INC","4954 MAIN ST","","DOWNERS GROVE",IL,60515-3611,03/15/2020,6308100186
1184794257,"HARTFORD DISPENSARY","1098 FARMINGTON AVE","",BRISTOL,CT,06010-4705,01/01/2020,8605896433
1184794257,"HARTFORD DISPENSARY","140 COMMERCIAL BLVD","",TORRINGTON,CT,06790-3098,01/01/2020,8604828796
1184794257,"HARTFORD DISPENSARY","16-18 WESTON STREET","",HARTFORD,CT,06120-1504,01/01/2020,8605275100
1184794257,"HARTFORD DISPENSARY","335 BROAD ST","",MANCHESTER,CT,06040-4036,01/01/2020,8606433210
1184794257,"HARTFORD DISPENSARY","35 LAFAYETTE ST","",HARTFORD,CT,06106-1508,01/01/2020,8605252181
1184794257,"HARTFORD DISPENSARY","392 WASHINGTON ST","",MIDDLETOWN,CT,06457-2527,01/01/2020,8607408132
1184794257,"HARTFORD DISPENSARY","54-56 BOSTON POST ROAD","P.O. BOX 878",WILLIMANTIC,CT,06226-2644,01/01/2020,8604567990
1184794257,"HARTFORD DISPENSARY","542 E MAIN ST","","NEW BRITAIN",CT,06051-2042,01/01/2020,8608273313
1184794257,"HARTFORD DISPENSARY","772 W THAMES ST","",NORWICH,CT,06360-7070,01/01/2020,8608860446
1184794257,"HARTFORD DISPENSARY","931 BANK ST","","NEW LONDON",CT,06320-2702,01/01/2020,8604472233
1184833550,"SOUTH JERSEY DRUG TREATMENT CENTER","162 SUNNY SLOPE DR","",BRIDGETON,NJ,08302-0457,06/09/2020,8564555441x100
1184835332,"HUMANISTIC ALTERNATIVES TO ADDICTIO","20094 MISSION BLVD","",ASHLAND,CA,94541-1237,01/01/2020,5107279755
1184963936,"OPERATION PAR INC","1245 KASS CIR","","SPRING HILL",FL,34606-4308,01/01/2020,3526665709
1184990814,"TAVARUA MEDICAL REHABILITATION SERV","474 S CITRUS AVE","",AZUSA,CA,91702-4733,01/01/2020,6268589500
1184992331,"ADDICTION RESEARCH AND TREATMENT IN","795 WILLOW RD","BLDG 332","MENLO PARK",CA,94025-2539,01/01/2020,6503241470
1194094094,"FAMILY GUIDANCE CENTERS INC","2400 GLENWOOD AVE","",JOLIET,IL,60435-5474,04/01/2020,2246597030
1194097469,"ARKANSAS TREATMENT SERVICES LLC","408 HAZEL ST","",TEXARKANA,AR,71854-5215,05/13/2026,8707740421
1194133207,"CENTER FOR BEHAVIORAL HEALTH LOUISI","1910 RUFFIN DR","",MONROE,LA,71202-3616,01/01/2020,3183409596
1194398974,"BHG XXIII, LLC","630 BROADMOR ST","STE 160",MURFREESBORO,TN,37129-2787,11/23/2021,6152816844
1194437814,"THRIVE MEDICAL GROUP INC","3601 S BROADWAY","THRIVE BEHAVIORAL HEALTH AND RECOVERY",ENGLEWOOD,CO,80113-3610,06/01/2025,3036580059
1194468413,"MERAKEY PARKSIDE RECOVERY","1745 N 4TH ST","",PHILADELPHIA,PA,19122-3008,08/07/2020,2158363131
1194581769,"PINNACLE TREATMENT CNTRS LLC","2906 S REED RD","KOKOMO TREATMENT SERVICES",KOKOMO,IN,46902-3991,08/11/2025,7655582010
1194735829,"WCHS INC","1021 W LA CADENA DR","",RIVERSIDE,CA,92501-1413,01/01/2020,9517848010
1194796615,"EAST BALTIMORE COMMUNITY CORPORATIO","301 N GAY ST","",BALTIMORE,MD,21202-4831,08/07/2020,4107523500
1194878587,"EVANSVILLE TREATMENT LLC","1510 W FRANKLIN ST","",EVANSVILLE,IN,47710-1032,01/01/2020,8124240223
1194881755,"AEGIS TREATMENT CENTERS LLC","14240 & 14238 E. IMPERIAL HWY","","LA MIRADA",CA,90638-1940,01/01/2020,5629461587
1194954875,"ULTIMATE CARE MEDICAL SERVICES LLC","3655 WINCHESTER AVE","",ASHLAND,KY,41101-2065,01/01/2020,6063934632
1194990770,"BY GRACE","1002 E PATAPSCO AVE","BY GRACE CNSL SRVCS",BROOKLYN,MD,21225-2229,03/18/2021,4103553711
1205035425,"ADDICTION RESEARCH AND TREATMENT IN","1124 INTERNATIONAL BLVD","",OAKLAND,CA,94606-4331,01/01/2020,5105330800
1205041027,"METRO TREATMENT OF NORTH CAROLINA L","207 S WESTGATE DR","# G-J",GREENSBORO,NC,27407-1675,01/01/2020,3362739611
1205155173,"TEXAS TREATMENT CENTERS INC","4800 W 34TH ST","STE B3",HOUSTON,TX,77092-6661,01/29/2024,7139567712
1205188588,"AMAZING GRACE CENTER","802 CLARE AVE","",PORTSMOUTH,OH,45662-2583,03/01/2020,7408768449x222
1205230265,"BELAIR HEALTH SOLUTIONS, INC.","4825 BELAIR RD","",BALTIMORE,MD,21206-5731,06/11/2020,4105090205
1205259801,"ARS OF VIRGINIA, LLC","210 FRONT ROYAL PIKE","",WINCHESTER,VA,22602-7313,01/01/2020,5405458794
1205275195,"WESTERN PACIFIC RE-HAB","11902 ROSECRANS AVE","STE A&D",NORWALK,CA,90650-4197,01/01/2020,5629297188
1205301256,"UNIVERSITY OF CINCINNATI PHYSICIANS","3131 HARVEY AVE","",CINCINNATI,OH,45229-3000,01/01/2020,5135858227
1205359270,"CONCERTED CARE GROUP FREDERICK LLC","92 THOMAS JOHNSON DR","STE 100",FREDERICK,MD,21702-4591,01/01/2020,2408157300
1205360153,"COMMUNITY MEDICAL SERVICES MONTANA","901 28TH STREET SOUTH","SUITE C",FARGO,ND,58103-8743,01/01/2020,7014041100
1205365574,"WESTERN WAKE TREATMENT CENTER","2172 N SALEM ST","STE 105",APEX,NC,27523-6457,01/01/2020,9196294360
1205389129,"THE LIFE CHANGE CENTER","1755 SULLIVAN LN","",SPARKS,NV,89431-2815,01/01/2020,7754602041
1205415817,"ARBOR RECOVERY MICHIGAN, PLLC","5085 W BRISTOL RD","",FLINT,MI,48507-2922,04/28/2024,8102435085
1205435369,"SUNRISE TREATMENT CENTER","1718 CENTRAL PKWY","",CINCINNATI,OH,45214-2355,01/01/2020,5134672825
1205455508,"SUNRISE TREATMENT CENTER, LLC","1130 GARBRY RD","",PIQUA,OH,45356-8217,01/01/2020,5139414999
1205477957,"MUNCIE TREATMENT CENTER LLC","3640 BRIARWOOD LN","MUNCIE COMPR TMT CTR",MUNCIE,IN,47304-6375,10/28/2020,3174759066
1205582822,"TX OTP, LLC","2025 FORT WORTH HWY","STE 100",WEATHERFORD,TX,76086-4777,05/11/2024,8176094750
1205582822,"TX OTP, LLC","2100 N HWY 360","STE 1904","GRAND PRAIRIE",TX,75050-1040,03/04/2022,4694607090
1205668761,"CROSSROADS' TURNING POINTS, INC","3501 S MAIN ST","",LAMAR,CO,81052-4336,11/16/2025,7193362600
1205952314,"CONNECTICUT COUNSELING CENTERS INC","60 BEAVER BROOK RD","",DANBURY,CT,06810-6239,01/01/2020,2037437574
1215030861,"CALIFORNIA TREATMENT SERVICES LLC","1420 N STATE COLLEGE BLVD","",ANAHEIM,CA,92806-1205,01/01/2020,7145423581
1215098348,"ARS OF SOMERS POINT LLC","1409 CANTILLON BLVD","","MAYS LANDING",NJ,08330-2023,01/01/2020,6096018611
1215143441,"METRO TREATMENT OF MINNESOTA LP","2311 WOODBRIDGE ST","",ROSEVILLE,MN,55113-4710,01/01/2020,6517730832
1215153945,"CODAC INC.","349 HUNTINGTON AVE","",PROVIDENCE,RI,02909-3005,03/01/2020,4019421450
1215171293,"RADIUS FOUNDATION, INC","11952 S HARLEM AVE","STE 100","PALOS HEIGHTS",IL,60463-1386,12/01/2021,7089230800
1215205224,"WCHS INC","4305 E TRENT AVE","",SPOKANE,WA,99212-2339,01/01/2020,5097953133
1215235213,"CENTER FOR BEHAVIORAL HEALTH LAS VE","3050 E DESERT INN RD","STE 116","LAS VEGAS",NV,89121-3872,01/01/2020,7027960660
1215241609,"MAINTENANCE AND RECOVERY SERVICES I","1110 W WILLIAM CANNON DR","STE 303",AUSTIN,TX,78745-3188,12/16/2025,5128992100
1215379862,"METRO TREATMENT OF FLORIDA, LP","3574 US 1 S, STE 101","ST AUGUSTINE METRO TREATMENT CENTER","ST AUGUSTINE",FL,32086-6467,01/01/2020,9042177161
1215434378,"ECD PROGRAM, INC","808 DOWNTOWNER LOOP W","",MOBILE,AL,36609-5519,01/20/2020,2513419504
1215441597,"CONNECTICUT COUNSELING CENTERS INC","50 BROOKSIDE RD","",WATERBURY,CT,06708-1402,01/01/2020,2035687466x409
1215593488,"PREMIER CARE OF OHIO LLC","42 E CRESCENTVILLE RD","",CINCINNATI,OH,45246-1302,01/01/2020,5136717117
1215597455,"BAY COUNTY HEALTHCARE SERVICES LLC","1530 HARRISON AVE","","PANAMA CITY",FL,32405-4619,11/01/2021,8507695695
1215627278,"PREMIER CARE OF OHIO LLC","6495 E BROAD ST","STE F",COLUMBUS,OH,43213-1541,01/01/2020,3807995750
1215659412,"SUNRISE TREATMENT CENTER","247 CIC BLVD.","","WEST UNION",OH,45693,01/01/2020,5139414999
1215665047,"FLORIDA TREATMENT SERVICES LLC","733 S GOLDENROD RD","STE A",ORLANDO,FL,32822-8100,09/23/2024,4077836273
1215788112,"SETH BENKEL MD QUEENS, PLLC","712 BEACH 20TH ST","","FAR ROCKAWAY",NY,11691-3502,04/14/2025,3478970077
1215947775,"WCHS, INC.","1330 N INDIAN CANYON DR","","PALM SPRINGS",CA,92262-4880,01/01/2020,7603229065
1215947809,"ZEPF CENTER","2005 ASHLAND AVE","",TOLEDO,OH,43620-1703,01/01/2020,4198417701
1215979810,"COMMUNITY HEALTH RESOURCES, INC.","153 HAZARD AVE","",ENFIELD,CT,06082-4592,01/01/2020,8602535020
1215979810,"COMMUNITY HEALTH RESOURCES, INC.","391 POMFRET ST","",PUTNAM,CT,06260-1852,01/01/2020,8609634971
1225182215,"WMRS INC","11604 BEDFORD ROAD","WESTERN MARYLAND RECOVERY SERVICE",CUMBERLAND,MD,21502-6805,01/01/2020,3017241144
1225241441,"CRC HEALTH OREGON LLC","777 MURPHY RD","",MEDFORD,OR,97504-8425,01/01/2020,5417722763
1225389638,"BLOOMINGTON-NORMAL TREATMENT CENTER","303 LANDMARK DR","STE 2B",NORMAL,IL,61761-6164,12/31/2024,3098086802
1225447188,"METRO TREATMENT OF GEORGIA LP","145 SOUTHERN BLVD","STE B",SAVANNAH,GA,31405-7457,01/01/2020,9122336430
1225464134,"SPECIALIZED TREATMENT SERVICES INC","311 SPRUCE ST","","SAINT PAUL",MN,55101-2446,05/01/2020,6518886800
1225562226,"CENTER FOR BEHAVIORAL HEALTH KENTUC","1990 LOUISVILLE RD","STE 110","BOWLING GREEN",KY,42101-1202,01/01/2020,2707822100
1225570195,"CROSSROADS TREATMENT CENTER OF DANV","1555 MEADOWVIEW DR","STE 5",DANVILLE,VA,24541-7352,01/01/2020,8008056989
1225647746,"KEETOOWAH CHEROKEE TREATMENT SERVIC","2727 E ADMIRAL PL","",TULSA,OK,74110-5436,09/21/2024,9182624550
1225657091,"NEW SEASON MENTOR","8785 MENTOR AVE","",MENTOR,OH,44060-6209,12/31/2020,4407016590
1235184227,"ARMS ACRES INC","21 OLD ROUTE 6","",CARMEL,NY,10512-2107,01/01/2020,8452255202
1235206327,"A.R.E.B.A. CASRIEL INC DBA ACI-ADDI","589 ROCKAWAY AVE","",BROOKLYN,NY,11212-5624,07/01/2019,2122933000
"1235216532 1235734781","REGENTS OF THE UNIVERSITY OF COLORA","1620 GAYLORD ST","PARKSIDE CLINIC",DENVER,CO,80206-1207,07/11/2020,3033885894
"1235216532 1568067015","REGENTS OF THE UNIVERSITY OF COLORA","750 POTOMAC ST","STE L11",AURORA,CO,80011-6715,07/11/2020,3032885991
1235256439,"PATERSON COUNSELING CENTER INC","319-321 MAIN ST","",PATERSON,NJ,07505-1805,02/25/2020,9735238316x7222
1235271180,"WESTERN PACIFIC MED-CORP","4544 SAN FERNANDO RD","STE 201",GLENDALE,CA,91204-5015,01/01/2020,8182408843
1235272196,"WESTERN PACIFIC MED-CORP","14332 VICTORY BLVD","","VAN NUYS",CA,91401-1944,01/01/2020,8189891996
1235344086,"TAVARUA HEALTH SERVICES","8207 WHITTIER BLVD","","PICO RIVERA",CA,90660-2521,01/01/2020,5626950737
1235346388,"METRO TREATMENT OF ALABAMA, LP","2500 4TH AVE S","",BIRMINGHAM,AL,35233,01/01/2020,2059411799
1235349267,"CLARE MATRIX","5220 W WASHINGTON BLVD","STE 101","LOS ANGELES",CA,90016-1331,09/12/2023,3232872023
1235516469,"BAYSIDE RECOVERY LLC","440 SOLOMONS ISLAND RD N","STE 222","PRINCE FREDERICK",MD,20678-3941,06/18/2020,4434865680
1235644709,"SYMETRIA HEALTH OF TEXAS LLC","1651 ROCK PRAIRIE ROAD","SUITE 101 SYMETRIA RECOVERY","COLLEGE STATION",TX,77845-8652,07/01/2021,8662912393
1235673484,"VCPHCS XII LLC","7286 S YOSEMITE ST","STE 125, BHG CENTENNIAL TREATMENT CENTER",CENTENNIAL,CO,80112-2209,11/21/2025,3038245866
"1235674409 1295787661 1386895985 1669424024","STARTCARE, INC.","119-121 WEST 124TH STREET","","NEW YORK",NY,10027-4920,01/01/2020,2129322676
1235675125,"CRC HEALTH TREATMENT CLINICS","213 MIDLAND BLVD","",SHELBYVILLE,KY,40065-7791,01/01/2020,5026470154
1235909367,"UPSTATE TREATMENT SPECIALISTS","7092 HOWARD ST","STE E",SPARTANBURG,SC,29303-1403,05/17/2025,8643356910
1245236942,"CENTER FOR ALCHOL & DRUG SERVICES I","4230 11TH ST","","ROCK ISLAND",IL,61201-6746,10/24/2025,3097884571
1245482793,"CROSSROADS TREATEMENT CENTER OF GRE","2706 N CHURCH ST","",GREENSBORO,NC,27405-3657,01/01/2020,8668669277
1245758135,"CROSSROADS TREATMENT CENTER OF SUFF","1258 HOLLAND RD","",SUFFOLK,VA,23434-6313,01/01/2020,8008056989
"1245760743 1245760743 1245760743","PENNSYLVANIA PSYCHIATRIC INSTITUTE","2501 N 3RD ST","",HARRISBURG,PA,17110-1904,01/01/2021,7177824783
1245862457,"JEM TREATMENT INC","2424 WASHINGTON ST","STE LL-110",WAUKEGAN,IL,60085-5074,12/07/2022,8473367733
1245892470,"WALTER B JONES CENTER WOODSIDE","2577 W FIFTH ST","",GREENVILLE,NC,27834-7813,11/06/2020,2528303426
1255059481,"PINNACLE TREATMENT CENTERS NJ-III L","1200 S. WHITE HORSE PIKE","SUITES 8,9,10, 11",SOMERDALE,NJ,08083,01/01/2020,8567927513
1255312203,"MAN ALIVE INC","2117 MARYLAND AVE","",BALTIMORE,MD,21218-5614,02/19/2026,4108374292
"1255349726 1720480668 1861906687","CHARLESTON TREATMENT CENTER","2157 GREENBRIER ST","",CHARLESTON,WV,25311-9623,01/01/2020,3043445924
1255372108,"NEW ERA REHABILITATION CENTER INC","4675 MAIN STREET","GROUND FLOOR, REAR ENTRANCE",BRIDGEPORT,CT,06606-1813,07/06/2021,2033440025
1255419172,"MEDMARK TREATMENT CENTERS - SACRAME","7240 E SOUTHGATE DR","STE G",SACRAMENTO,CA,95823-2627,03/12/2026,9163914293
1255496600,"AEGIS TREATMENT CENTERS LLC","1450 N LAKE AVE","STE 150",PASADENA,CA,91104-2388,01/01/2020,6267941161
"1255577318 1932377082","TEXAS TREATMENT SERVICES LLC","700 HEMPHILL ST","STE A","FORT WORTH",TX,76104-3105,04/02/2020,8173340111
1255784237,"MORSE CLINIC OF ZEBULON PC","877 E GANNON AVE","STE 103",ZEBULON,NC,27597-9445,01/01/2020,9192697343
1255822060,"HAZELWOOD HEALTHCARE, PLLC","3271 GEORGIA RD","",FRANKLIN,NC,28734-9603,02/07/2022,8285959000
1255854725,"MISSION TREATMENT CENTERS INC","948 W HEFNER ROAD","MISSION HEFNER","OKLAHOMA CITY",OK,73114-6927,01/01/2020,4052869533
1255903423,"CRC HEALTH TREATMENT CLINICS LLC","1510 COMMERCIAL PARK DR","LAKELAND COMPREHENSIVE TREATMENT CENTER",LAKELAND,FL,33801-6569,01/01/2020,8633458090
1255942223,"PINNACLE TREATMENT CENTERS OH-XVI,","8978 UNITED LN","STE 102",ATHENS,OH,45701-3668,03/12/2021,7402744246
1255977054,"UNIVERSITY OF ARKANSAS FOR MEDICAL","4224 SHUFFIELD DR","UAMS OPIOID TREATMENT PROGRAM","LITTLE ROCK",AR,72205-7211,03/16/2026,5015268400
1265041933,"HAMILTON CENTER INC","401 PLAINFIELD COMMONS DR","WIN RECOVERY HENDRICKS",PLAINFIELD,IN,46168-2773,01/22/2025,3172682941
1265053854,"HAMILTON CENTER INC","1433 WILLOW ST","WIN RECOVERY KNOX",VINCENNES,IN,47591-4207,01/22/2025,8124942215
1265080188,"RECOVERY UNLIMITED INC","G3169 W PIERSON RD","",FLINT,MI,48504-6805,01/18/2020,8107854930
1265081624,"OLATOYE REHABILITATION CENTERS INC","9135 S EXCHANGE AVE","",CHICAGO,IL,60617-4225,01/13/2023,7734375444
1265101661,"PINNACLE TREATMENT CENTERS NJ-I, LL","411 US HIGHWAY 9","STE 1","LANOKA HARBOR",NJ,08734-2818,01/01/2020,6093574428
"1265150767 1265150767","LUMIN WELLNESS","25200 KELLY RD","",ROSEVILLE,MI,48066-4473,12/01/2023,5864221250
1265187389,"SUNRISE TREATMENT CENTER","1421 PARKER CT","",SPRINGFIELD,OH,45504-2855,01/01/2020,5139414999
1265277073,"1ST GENESIS TREATMENT CENTER","1022 HILLCREST PKWY","STE 106",DUBLIN,GA,31021-4258,06/15/2025,4782725020
1265595433,"ADDICTION RECOVERY INSTITUTE SOUTH","205 HALLENE RD","",WARWICK,RI,02886-2450,01/01/2020,4017374788
1265598817,"AEGIS TREATMENT CENTERS LLC","3707 E SHIELDS AVE","",FRESNO,CA,93726-7029,01/01/2020,5592299040
1265647853,"METRO TREATMENT OF NORTH CAROLINA L","1611 CASTLE HAYNE RD","BLDG C",WILMINGTON,NC,28401-8859,01/01/2020,9102516644
1265665954,"NORTHPOINTE COUNCIL, INC.","TROTT ACCESS CENTER","1001 11TH ST","NIAGARA FALLS",NY,14301-1201,10/16/2021,7162821228
1265676670,"SELLATI & CO INC","1728 VIRGINIA BEACH BLVD","STE 113","VIRGINIA BEACH",VA,23454-4533,03/11/2025,7574370411
1265683049,"NEW MEXICO TREATMENT SERVICES, LLC","1227 N RAILROAD AVE","",ESPANOLA,NM,87532-3147,02/09/2023,5057478187
1265683049,"NEW MEXICO TREATMENT SERVICES, LLC","1264 RODEO RD","","SANTA FE",NM,87505-6816,02/09/2023,5059822129
1265683049,"NEW MEXICO TREATMENT SERVICES, LLC","607 E APACHE ST","",FARMINGTON,NM,87401-6925,02/09/2023,5053262012
1265763890,"DESERT TREATMENT CLINIC LLC","2598 WINDMILL PKWY","STE 100",HENDERSON,NV,89074-5476,01/01/2020,7022480000
1265797716,"SERENITY HEALTH LLC","953 W PULASKI HWY","",ELKTON,MD,21921-4714,01/01/2020,4434856544
1265837280,"SUNSHINE TREATMENT LLC","4821 E MCNICHOLS RD","",DETROIT,MI,48212-1730,03/07/2020,3138266063
1265878334,"BHG PARIS TREATMENT CENTER","2555 E WOOD ST","",PARIS,TN,38242-7990,01/01/2020,7316414545
1265922660,"ADDICTION SERVICES AND PHARMACOTHER","210 E OLIN AVE","",MADISON,WI,53713-1434,12/28/2025,6088071428
1275073546,"ARS OF NEW JERSEY LLC","110 AMERICAN BLVD","STE 5",TURNERSVILLE,NJ,08012-1767,05/28/2021,8563525999
1275096083,"PINNACLE TREATMENT CENTERS OH-IX,","115 S REYNOLDS RD","STE C",TOLEDO,OH,43615-6958,01/01/2020,4197256631
1275531030,"CENTER FOR BEHAVIORAL HEALTH PA LLC","301 SMITH DRIVE","SUITE 3","CRANBERRY TOWNSHIP",PA,16066-4131,01/01/2020,7247792010
1275686123,"INDIANAPOLIS TREATMENT LLC","2626 E 46TH ST","STE J",INDIANAPOLIS,IN,46205-2373,01/01/2020,3174759066
1275698615,"AEGIS TREATMENT CENTERS LLC","125 W F ST","STE 101",ONTARIO,CA,91762-3201,01/01/2020,9099864550
1275765760,"PINNACLE TREATMENT CENTERS PA-V, LL","ONE HOSPITAL DR","",ALIQUIPPA,PA,15001-2150,01/01/2020,7248579640
1275804205,"AMERICAN ADDICTION TREATMENT SERVIC","1496 N BEALE RD","",MARYSVILLE,CA,95901-6205,01/24/2020,5307498640
1275851917,"OCEAN MONMOUTH CARE, LLC","150 BRICK BLVD","",BRICK,NJ,08723-7182,01/01/2020,7324582180
1285042911,"NEW JOURNEY, INC.","32 DEFENSE ST","",ANNAPOLIS,MD,21401-3103,01/01/2020,4439497150
1285054411,"MCLEOD ADDICTIVE DISEASE CENTER INC","222 MORGANTON BLVD SW","",LENOIR,NC,28645-5219,01/04/2020,8286102740
1285057638,"BHG DYERSBURG TREATMENT CENTER","640 US HIGHWAY 51 BYPASS EAST","SUITE L & M",DYERSBURG,TN,38024-2067,01/01/2020,7312856535
1285089466,"PASSION OF MIND CENTER","14930 LAPLAISANCE RD","STE 127",MONROE,MI,48161-3878,03/01/2020,7343445269
1285108373,"METRO TREATMENT OF NORTH CAROLINA L","3911 NEW BERN AVE","",RALEIGH,NC,27610-1332,01/01/2020,9199480300
1285400390,"COMMUNITY MEDICAL SERVICES MONTANA","10690 DEL MAR PKWY","STE A",AURORA,CO,80010-4011,06/12/2024,7205498325
1285492488,"UHS PETERSBURG OUD LLC","2623 PARK AVE","",PETERSBURG,VA,23805-2420,01/20/2026,8044714711
1285631978,"SANTA ROSA TREATMENT PROGRAM INC","625 STEELE LN","","SANTA ROSA",CA,95403-3127,01/01/2020,7075760818
"1285672204 1285672204",SHARP,"2440 CYLBURN AVENUE","",BALTIMORE,MD,21215-5380,01/01/2021,4106019000
1285756916,"CENTRALIZED COMPREHENSIVE HUMAN SER","907 N BROAD ST","JFK MATP",PHILADELPHIA,PA,19123-1013,01/01/2020,2152355520
1285772988,"WCHS INC","21851 84TH AVE S","# 101",KENT,WA,98032-1958,01/01/2020,4256877082
1285797761,"CENTER FOR ADDICTIVE PROBLEMS, INC","609 N WELLS ST","",CHICAGO,IL,60654-3714,10/16/2025,3122660404
1285827527,"DISCOVERY HOUSE BR INC","689 ODLIN RD","",BANGOR,ME,04401-6709,01/01/2020,2079476800
"1285930396 1396076147","TARZANA TREATMENT CENTERS, INC.","320 E PALMDALE BLVD","",PALMDALE,CA,93550-4598,01/01/2020,8186543815
1295110179,"SUNRISE DETOX CHERRY HILL, LLC","1417 BRACE RD","STE C","CHERRY HILL",NJ,08034-3524,04/23/2024,8567950036
1295209385,"METRO TREATMENT OF NORTH CAROLINA L","145 W PARKER RD","STE C",MORGANTON,NC,28655-4649,01/01/2020,8286080500
1295224178,"METRO TREATMENT OF NEW HAMPSHIRE LP","880 CENTRAL ST","STE 10",FRANKLIN,NH,03235-2040,01/01/2020,6036713215
1295233054,"OHIO TREATMENT CENTER, LLC","2520 WALES AVE NW","STE 100",MASSILLON,OH,44646-2398,03/20/2020,2342621112
1295234540,"SYMETRIA HEALTH OF TEXAS LLC","635 RAYFORD ROAD","SUITE E SYMETRIA RECOVERY",SPRING,TX,77386-2796,07/01/2021,8662912393
1295319689,"BHG LVII LLC","985 PLAINFIELD ST","",JOHNSTON,RI,02919-6703,08/01/2020,4019460650
1295336386,"CHEROKEE INDIAN HOSPITAL AUTHORITY","149 CHEROKEE HOSPITAL LOOP","CIHA MAT CLINIC",CHEROKEE,NC,28719,07/27/2021,8284979163
1295370849,"RESOURCE CENTER FOR THE CHEMICALLY","124 HAMPTON HOUSE RD","",NEWTON,NJ,07860-2804,01/10/2020,9733838880
1295382646,"PINNACLE TREATMENT CENTERS OH-VII,","174 MIDWAY BLVD","",ELYRIA,OH,44035-2786,08/22/2020,4407238997
1295595569,"CENTER FOR BEHAVIORAL HEALTH HA LLC","129 S MAIN ST","STE T",LEWISTOWN,PA,17044-2386,01/01/2020,7178572321
1295731321,"CODAC INC.","1052 PARK AVE","",CRANSTON,RI,02910-3225,03/01/2020,4014615056
1295830172,"VOLUNTEER TREATMENT CENTER","2347 ROSSVILLE BLVD","",CHATTANOOGA,TN,37408-2250,01/01/2020,4232653122
1295911063,"PUERTO RICAN ORGANIZATION TO MOTIVA","175 CENTRAL AVE","",ALBANY,NY,12206-2937,01/01/2020,5187295659
1295994671,"VCPHCS I, LLC","4539 WINCHESTER ROAD","SUITE #111",MEMPHIS,TN,38118-5100,01/01/2020,9013751050
1306242821,"NEW DIRECTIONS HEALTHCARE LLC","306 W 11TH ST","2ND FLOOR",ERIE,PA,16501-1705,01/01/2020,8142406216
1306277082,"OKLAHOMA TREATMENT SERVICES, LLC","117 E RAY FINE BLVD","",ROLAND,OK,74954-5198,03/26/2020,9184273344
1306277082,"OKLAHOMA TREATMENT SERVICES, LLC","1613 SE 66TH ST","","OKLAHOMA CITY",OK,73149-5203,03/26/2020,4056163366
1306277082,"OKLAHOMA TREATMENT SERVICES, LLC","610 W HENSLEY BLVD","",BARTLESVILLE,OK,74003-2519,03/26/2020,9183376007
1306277082,"OKLAHOMA TREATMENT SERVICES, LLC","721 S GEORGE NIGH EXPY","STE A",MCALESTER,OK,74501-7400,03/26/2020,9184297650
1306277082,"OKLAHOMA TREATMENT SERVICES, LLC","827 E HUBBARD RD","","PONCA CITY",OK,74601-1073,03/26/2020,9182890270
"1306277082 1639362254","OKLAHOMA TREATMENT SERVICES, LLC","3445 S SHERIDAN RD","",TULSA,OK,74145-1105,03/26/2020,9186103366
1306285820,"ALT RECOVERY GROUP LLC","1141 MALL DR","STE E","LAS CRUCES",NM,88011-8194,01/01/2020,5755220660
1306403118,"BAYMARK HEALTH SERVICES OF OHIO","749 STATE ROUTE 28","STE C",MILFORD,OH,45150-5046,10/01/2020,5132142094
1306479670,"BHG LVII LLC","82 POND ST","",PAWTUCKET,RI,02860-4462,08/01/2020,4017271287
1306514583,"BHG XLIX, LLC","176 CUDE LN","",MADISON,TN,37115-2202,12/03/2021,6152816757
1306698915,"EASTER SEALS UCP NORTH CAROLINA & V","1309 TATUM DR","","NEW BERN",NC,28560-4314,07/01/2024,2526728742
1306800198,"CITY OF NORFOLK","7460 TIDEWATER DR","",NORFOLK,VA,23505-3845,01/20/2020,7576646670
1306829122,"DISCOVERY HOUSE UTAH INC","449 E 2100 S","","SALT LAKE CITY",UT,84115-2237,01/01/2020,8015962111
1306896816,"STARTCARE, INC.","494 DUMONT AVE","",BROOKLYN,NY,11207-5017,01/01/2020,7183854000
1316040223,"SAN DIEGO TREATMENT SERVICES LLC","1155 THIRD AVE","","CHULA VISTA",CA,91911-3136,01/01/2020,6194988260
1316067481,"LIBERATION PROGRAMS INC","399 MILL HILL AVE","",BRIDGEPORT,CT,06610-2865,01/01/2020,2036960024
1316085525,"ALCOHOL AND DRUG SERVICES OF GUILFO","1101 CAROLINA ST","",GREENSBORO,NC,27401-1318,01/01/2020,3363336860
1316142334,"CFSATC INC","7 N COCOA BLVD","CENTRAL FLORIDA TREATMENT CENTER",COCOA,FL,32922-7749,01/01/2020,3216314578
1316151871,"PDSSC CHICAGO INC","2260 N ELSTON AVE","",CHICAGO,IL,60614-2930,01/08/2020,7737722450
1316170368,"SOUTHWEST BEHAVIORAL HEALTH SERVICE","1515 E CEDAR AVE","STE E-2",FLAGSTAFF,AZ,86004-1646,02/06/2023,9287140010
1316186968,"MEDMARK TREATMENT CENTERS OF GEORGI","20 COMMERCE DR","",BLAIRSVILLE,GA,30512-8913,01/01/2020,7067816987
1316268345,"SOUTHLIGHT HEALTHCARE","2101 GARNER RD","",RALEIGH,NC,27610-0114,01/01/2020,9197876131x1100
1316296007,"SUNDANCE METHADONE TREATMENT CENTER","4545 N BROADWAY ST","FL 3",CHICAGO,IL,60640-5975,04/28/2020,7737694545
1316341605,"PINNACLE TREATMENT CENTERS PA-IV, L","3121 SMALLMAN ST","",PITTSBURGH,PA,15201-1425,01/01/2020,4122558717
1316503584,"PREMIER CARE OF OHIO LLC","2727 SAINT JOHNS RD","STE D",LIMA,OH,45804-4029,01/01/2020,5679409145
1316549538,"CRC HEALTH TREATMENT CLINICS LLC","651 W WARREN AVE, STE 100","LONGWOOD COMPREHENSIVE TREATMENT CENTER",LONGWOOD,FL,32750-4036,01/01/2020,4072149019
1316715055,"ATS OF NORTH CAROLINA, LLC","622 S MEMORIAL DR","",GREENVILLE,NC,27834-2854,01/01/2020,8555865597
1316909732,"CROSSROADS' TURNING POINTS, INC","509 E 13TH ST","",PUEBLO,CO,81001-2940,11/16/2025,7195466666
1316943772,"LAKEVIEW CENTER INC","1 11TH AVE, STE C1","MAT SHALIMAR",SHALIMAR,FL,32579-1300,04/01/2020,8506091041
1316943772,"LAKEVIEW CENTER INC","6021A INDUSTRIAL BLVD","MAT CENTURY",CENTURY,FL,32535-3312,04/01/2020,8502566165
1326138314,"LANE COUNTY OREGON","432 W 11TH AVE","RM 170",EUGENE,OR,97401-3451,01/01/2021,5416824464
1326171034,"BROWARD COUNTY","325 SW 28TH ST","BROWARD ADDICTION RECOVERY DIVISION","FORT LAUDERDALE",FL,33315-2612,08/22/2023,9543575092
1326181264,"NARCOTICS PREVENTION ASSOCIATION IC","942 S ATLANTIC BLVD","","LOS ANGELES",CA,90022-4004,06/16/2022,3232639700
1326186529,"ADDICTION RESEARCH AND TREATMENT IN","4920 AVALON BLVD","","LOS ANGELES",CA,90011-4004,01/01/2020,3232355035
1326209925,"VCPHCS XII LLC","5250 LEETSDALE DR","STE 220, BHG DENVER TREATMENT CENTER",DENVER,CO,80246-1451,11/21/2025,3036295293
1326254988,"METRO TREATMENT OF FLORIDA, LP","216 NE 1ST AVE","QUAD COUNTY TREATMENT CENTER",OCALA,FL,34470-6654,01/01/2020,3527326565
1326255472,"METRO TREATMENT OF ALABAMA LP","5605 CLIFFORD CIR","",BIRMINGHAM,AL,35210-4453,01/01/2020,2058363345
1326283706,"C O R E. MEDCAI CLINIC, INC.","2100 CAPITOL AVE","",SACRAMENTO,CA,95816-5721,11/21/2023,9164424985
"1326283706 1750865804","C.O.R.E. MEDICAL CLINIC, INC","2100 CAPITOL AVE","",SACRAMENTO,CA,95816-5721,01/01/2020,9164424985x305
1326354697,"MISSION TREATMENT CENTERS INC","2887 S MARYLAND PKWY","","LAS VEGAS",NV,89109-1511,01/01/2020,7024744104
1326432360,"ANOTHER WAY INC.","1363 HOLTON LN","","TAKOMA PARK",MD,20912-7511,09/22/2020,3014342622
1326434390,"PARKSIDE CLINIC LLC","5600 SPRING PARK RD, STE 101,","MEDMARK TREATMENT CENTERS JACKSONVILLE",JACKSONVILLE,FL,32216-5988,03/28/2023,9047375000
1326502865,"WE CARE DAILY CLINICS LLC","3320 AUBURN WAY N","",AUBURN,WA,98002-1805,10/06/2020,2539995750x0116
1326511882,"FAMILY GUIDANCE CENTERS INC","333 W EVERGREEN ST","",MANTENO,IL,60950-9329,04/01/2020,8154686556
1326557596,"MORSE CLINIC OF DUNN PC","596 E JACKSON BLVD","BLDG B",ERWIN,NC,28339-9629,01/01/2020,9108972008
1326689076,"CRC RECOVERY INC","1750 W BROADWAY","","COUNCIL BLUFFS",IA,51501-3814,03/04/2021,7122156588
1326698887,"AEGIS TREATMENT CENTERS LLC","2107 1ST ST","STE 2107, 2109, 2113, 2115",EUREKA,CA,95501-0840,01/01/2020,7072736395
1326713314,"PREMIER CARE OF OHIO LLC","2632 WOODMAN CENTER CT","",KETTERING,OH,45420-1477,01/01/2020,9377397100
1326786054,"COMMUNITY MEDICAL SERVICES MONTANA","2424 32ND AVE S","STE 103","GRAND FORKS",ND,58201-6509,01/01/2020,7017926700
1326879990,"LIGHTHOUSE TREATMENT CENTERS","37 KIKER ST","",ELLIJAY,GA,30540-3758,04/01/2025,7066365483
1336247139,"MILWAUKEE HEALTH SERVICES SYSTEM LL","210 WASHINGTON ST","",WAUSAU,WI,54403-5543,01/01/2020,7158453637
1336270446,"WEST TEXAS COUNSELING & REHABILITAT","2610 EXCHANGE PLZ","WTCR TEMPLE, INC.",TEMPLE,TX,76504-7033,01/01/2020,2547420490
1336350909,"KHALIEDOSCOPE HEALTHCARE INC","75 HARRISON AVE","","JERSEY CITY",NJ,07304-2555,04/11/2026,2014515425
1336404417,"SUNRISE CLINICAL SERVICES LLC","22 BALL ST","",IRVINGTON,NJ,07111-3521,03/06/2026,9733721095x126
1336619220,"CONSECRATED CARE INC","253 UPPER RIVERDALE RD SW","STE C",RIVERDALE,GA,30274-4945,02/01/2020,7704729110
1336630482,"PINNACLE TREATMENT CENTERS OH-IV, L","1590 COAL RUN RD","",ZANESVILLE,OH,43701-9167,01/01/2020,7402974417
1336693852,"ZENITH HOPE CENTER","508 EASTWAY DR","",CHARLOTTE,NC,28205-1421,06/26/2020,7042480246
"1336785617 1932377082","TEXAS TREATMENT SERVICES LLC","2688 CALDER ST","",BEAUMONT,TX,77702-1917,04/02/2020,4098132206
1336845742,"OPERATION PAR, INC","480 PLEASANT GROVE RD","",INVERNESS,FL,34452-5746,01/01/2020,3525606077
1346071370,"MISSION TREATMENT CENTERS INC","6080 S FORT APACHE RD","STE 105","LAS VEGAS",NV,89148-5616,01/01/2020,8552184303
1346296720,"CONIFER PARK, INC","80 SHARRON AVE","",PLATTSBURGH,NY,12901-4700,01/01/2020,5185611447
1346320983,"BRANDYWINE COUNSELING & COMM","10 N RAILROAD AVE","",GEORGETOWN,DE,19947-1242,08/14/2020,3025139535
1346320983,"BRANDYWINE COUNSELING & COMM","24 BROOKHILL DR","",NEWARK,DE,19702-1301,08/14/2020,3022259357
1346320983,"BRANDYWINE COUNSELING & COMM","2713 LANCASTER AVE","",WILMINGTON,DE,19805-5220,08/14/2020,3022259357
1346320983,"BRANDYWINE COUNSELING & COMM","769 E MASTEN CIR","STE 113",MILFORD,DE,19963-1268,08/14/2020,3022259357
1346397551,"AEGIS TREATMENT CENTERS LLC","625 E MAIN ST","","SANTA PAULA",CA,93060-2608,01/01/2020,8055254669
1346419769,"PINNACLE TREATMENT CENTERS NJ-II LL","590 MARSHALL ST","",PHILLIPSBURG,NJ,08865-2629,01/01/2020,9083870003
1346472412,"UNITED PLANNING ORGANIZATION","1900 MASSACHUSETTS AVE SE","BLDG 13",WASHINGTON,DC,20003-2542,06/11/2020,2026826599
1346577202,"SUNRISE DETOX II, LLC","1272 LONG HILL RD","",STIRLING,NJ,07980-1010,02/25/2025,9726320493
1346600905,"CHERRY STREET SERVICES INC","1611 OAK AVE","MUSKEGON RECOVERY CTR",MUSKEGON,MI,49442-2468,03/01/2020,2317671921
1346613403,"INSTITUTE OF SUPPORT SVS INC","19940 CONANT ST","STE ABC",DETROIT,MI,48234-1494,01/01/2020,3137334528
1346620952,"PREMIER CARE OF WISCONSIN, LLC.","23 W SCOTT ST","","FOND DU LAC",WI,54935-2342,01/01/2020,9209260101
1346650173,"CHESAPEAKE TREATMENT SERVICES LLC","402 MARVEL CT","",EASTON,MD,21601-4052,08/12/2022,8335104329
1346667938,"WILSON PROFESSIONAL SERVICES TREATM","3709 NASH ST NW","",WILSON,NC,27896-1127,01/07/2020,2522065799
1346671013,"MEDMARK TREATMENT CENTERS OF TEXAS","7428 W MILITARY DR","STE D","SAN ANTONIO",TX,78227-3010,05/20/2026,2107948677
1346697794,"PINNACLE TREATMENT CENTERS PA-VII","120 PENN ST","",HANOVER,PA,17331-1928,01/01/2020,7179698400
1346718269,"COMMUNITY MEDICAL SERVICES ARIZONA-","302 EL CAMINO REAL","BLDG 10 STE C&D","SIERRA VISTA",AZ,85635-2860,01/01/2020,5208946300
1346745718,"CROSSROADS TREATMENT CENTER OF ASHL","1220 GREENUP AVE","",ASHLAND,KY,41101-7525,01/01/2020,8008056989
"1346886629 1932377082","TEXAS TREATMENT SERVICES LLC","207 BROAD ST","","WICHITA FALLS",TX,76301-2219,04/02/2020,9405004903
1346888260,"BAART BEHAVIORAL HEALTH SERVICES IN","1520 NE RIDDELL RD","STE 110",BREMERTON,WA,98310-3005,01/01/2021,3602287246
"1346888260 1659919561","BAART BEHAVIORAL HEALTH SERVICES IN","716 S CHASE ST","","PORT ANGELES",WA,98362-6122,01/01/2021,3603952976
1356396543,"CONIFER PARK, INC","2435 6TH AVE","",TROY,NY,12180-2227,01/01/2020,5182745143
1356411862,"NORTH CHARLES MENTAL HEALTH RESEARC","1493 CAMBRIDGE ST","",CAMBRIDGE,MA,02139-1047,01/01/2020,6176615700
1356425102,"DENVER HEALTH AND HOSPITAL AUTHORIT","667 BANNOCK ST","UNIT 9",DENVER,CO,80204-4507,01/01/2020,3034365699
1356485551,"ASSOCIATION FOR THE ADVANCEMENT OF","1205 E HILLSIDE RD","STE B",LAREDO,TX,78041-3319,06/05/2026,7139269491
1356522684,"VALLE DEL SOL INC","334 W 10TH PL","STE 100",MESA,AZ,85201-3499,02/17/2020,6022586797
1356540546,"ATS OF CECIL COUNTY LLC","3455 WILKENS AVENUE","PINE HEIGHTS TREATMENT CENTER",BALTIMORE,MD,21229-5203,01/01/2020,4106466960
1356548721,"CFSATC INC","2198 HARRIS AVE NE","CENTRAL FLORIDA TREATMENT CENTER","PALM BAY",FL,32905-4002,01/01/2020,3219519750
1356557425,"ALIVIANE, INC.","1626 MEDICAL CENTER DR","","EL PASO",TX,79902-5010,09/18/2020,9157824000x1418
1356637573,"TREATMENT CENTERS INC","3430 N JACKSON HWY","",SHEFFIELD,AL,35660-3512,01/01/2020,2563836646
1356792816,"COMMUNITY MEDICAL SERVICES MONTANA","300 30TH AVE NW","SUITES D AND E",MINOT,ND,58703-0611,01/01/2020,7018581801
1356799688,"CROSSROADS TREATMENT CENTER OF NORT","4083 CLOUD SPRINGS RD","",RINGGOLD,GA,30736-8411,01/01/2020,8008056989
1356854277,"PINNACLE TREATMENT CENTERS VA-I, LL","11720 MAIN ST","STE 108",FREDERICKSBURG,VA,22408-7368,01/01/2020,5407359350
1356951321,"PREMIER CARE OF WISCONSIN, LLC.","1333 COLLEGE AVE","STE M1","SOUTH MILWAUKEE",WI,53172-1150,01/01/2020,4147752500
1366018228,"BAYMARK HEALTH SERVICES OF OHIO","900 SAHARA TRL","",YOUNGSTOWN,OH,44514-3667,10/01/2020,3302679020
1366034019,"STEP MED LLC","2929 MARTIN LUTHER KING JR BLVD","STE 4",DALLAS,TX,75215-2322,01/23/2025,2144219100
1366041196,"MIDDLE TENNESSEE TREATMENT CENTERS","3575 KEITH ST NW","",CLEVELAND,TN,37312-4324,02/15/2022,4234586660
1366498768,"CONIFER PARK, INC","526 OLD LIVERPOOL RD","",LIVERPOOL,NY,13088-6238,01/01/2020,3154533911
1366504664,"FAMILY GUIDANCE CENTERS INC","15400 PAGE AVENUE","",HARVEY,IL,60426-3527,04/01/2020,2246597030
1366506073,"INTEGRATED HEALTH CLINICS, LLC","17882 SE MCLOUGHLIN BLVD","",MILWAUKIE,OR,97267-6103,03/30/2021,5033539415
1366512550,"AMERICAN HEALTH SERVICES LLC","717 LINCOLN BLVD","",VENICE,CA,90291-2845,01/27/2020,3103999883
1366601775,"DRD MANAGEMENT INC","412 CITICO ST","",KNOXVILLE,TN,37921-5811,01/01/2020,8655220661
1366603623,"DRD MANAGEMENT INC","1301 VANDIVER DR","STE Y",COLUMBIA,MO,65202-3918,11/21/2025,5734498338
1366789158,"LAFAYETTE MEDICAL APPROACH LLC","233 LAFAYETTE ST","","NEW YORK",NY,10012-4051,01/01/2020,2122266421
1366789158,"LAFAYETTE MEDICAL APPROACH LLC","233 LAFAYETTE ST","","NEW YORK",NY,10012-4051,02/03/2021,9172827710
1366838336,"NORTHWEST INDIANA CENTER LLC","8500 BROADWAY","STE H",MERRILLVILLE,IN,46410-7006,12/07/2022,2197697710
1366853954,"ADDICTION RECOVERY SYSTEMS LLC","103 S PANTOPS DR","STE 102",CHARLOTTESVILLE,VA,22911-8617,01/01/2020,4342200080
1366992224,"DE COACH TEAM LLC","1620 HARRISON AVE","",CINCINNATI,OH,45214-1410,12/01/2020,5137437628
1366992224,"DE COACH TEAM LLC","3103 DIXIE HWY","",HAMILTON,OH,45015-1653,12/01/2020,5138924673
1366992224,"DE COACH TEAM LLC","36 N DETROIT ST","STE 105",XENIA,OH,45385-2963,12/01/2020,9376104673
1366992224,"DE COACH TEAM LLC","6570 SOSNA DR","",FAIRFIELD,OH,45014-2222,12/01/2020,5139424673
1366992224,"DECOACH TEAM LLC","300 W MAIN ST","",FAIRBORN,OH,45324-5090,12/01/2020,5137437628
1376073957,"CROSSROADS TREATMENT CENTER OF WEAV","901 OLD MARS HILL HWY","",WEAVERVILLE,NC,28787-8602,01/01/2020,8008056989
1376075556,"BAART COMMUNITY HEALTH CARE","800 N MANGUM ST","STE 300",DURHAM,NC,27701-2260,01/01/2020,9196831607
1376075556,"BAART COMMUNITY HEALTHCARE","800 N MANGUM ST","STE 400",DURHAM,NC,27701-2260,01/01/2020,9196831607
1376095711,"NORTH CLARK MEDICAL GROUP LLC DBA -","1211 W BROADWAY","STE A",LOUISVILLE,KY,40203-2082,08/07/2024,5022333290
1376095711,"NORTH CLARK MEDICAL GROUP LLC DRA G","106 E JEFFERSON ST","","LA GRANGE",KY,40031-1445,08/07/2024,5022333290
1376215681,"DENVER RECOVERY GROUP LLC","11658 HURON ST","STE 300",NORTHGLENN,CO,80234-2931,01/01/2020,3039532299
1376293407,"AEGIS TREATMENT CENTERS LLC","2781 W RAMSEY ST","STE 3&4",BANNING,CA,92220-3700,01/01/2020,9514176612
1376368522,"BROOKDALE ALLIANCE LLC","8500 VILLAGE DR, STE 102","CENTER FOR HEALTH MAINTENANCE","SAN ANTONIO",TX,78217-5510,05/19/2026,2102570800
1376553107,"KU ALOHA OLA MAU","1130 N NIMITZ HWY","RM C302",HONOLULU,HI,96817-6501,01/01/2020,8085380704
1376553107,"KU ALOHA OLA MAU","900 LEILANI ST","",HILO,HI,96720-7512,01/01/2020,8089616822
1376592287,"COQUILLE INDIAN TRIBE","2401 RIVER RD","STE 200",EUGENE,OR,97404-5417,05/26/2026,5419167025
1376593442,"GUNDERSEN LUTHERAN MEDICAL CENTER I","1910 SOUTH AVE","","LA CROSSE",WI,54601-5467,01/01/2020,6087758709
1376680199,"ATS OF NORTH CAROLINA, LLC","572 EXECUTIVE PL","",FAYETTEVILLE,NC,28305-5585,01/01/2020,9108648739
1376685230,"WESTERN PACIFIC MED-CORP","9462 VAN NUYS BLVD","","PANORAMA CITY",CA,91402-1310,01/01/2020,8188918555
1376712786,"PINNACLE TREATMENT CENTERS NJ-III L","7980 S CRESCENT BLVD","",PENNSAUKEN,NJ,08109-4106,01/01/2020,8566655100
1376759936,"RICHMOND TREATMENT CENTER","3021 MECHANICSVILLE TPKE","",RICHMOND,VA,23223-1828,01/01/2020,8042130249
1376769919,"CODAC INC.","850 WATERMAN AVE","","EAST PROVIDENCE",RI,02914-1729,03/01/2020,4014344999
1376846261,"HEALTHQWEST, LLC","607 RUSSELL PKWY","STE A","WARNER ROBINS",GA,31088-7690,01/01/2020,4782259860
1376863043,"SOAR CORP","33 WILLIAMS ST","",LANSDOWNE,PA,19050-2730,07/08/2022,6106221114
1376877456,"CENTER FOR BEHAVIORAL HEALTH LOUISI","1303 LINE AVE","STE 600",SHREVEPORT,LA,71101-4638,01/01/2020,3184253400
1386067254,"BHG XXXV LLC","455 PARK PL","STE 130",LEXINGTON,KY,40511-1881,01/01/2020,8592760533
1386128387,"VENI VIDI VICI TREATMENT SERVICES L","4B NORTH AVE","STE 302","BEL AIR",MD,21014-2304,07/23/2020,4438193172
1386159176,"BOWEN HEALTH INC","1415 DIRECTORS ROW","","FORT WAYNE",IN,46808-1297,01/01/2020,5743853140
1386171767,"REFLECTIONS OF HOPE, LLP","33 DARLINGTON AVE","",WILMINGTON,NC,28403-1343,01/01/2020,9107828752
1386228781,"BHG LVII LLC","26 VALLEY RD","STE 202",MIDDLETOWN,RI,02842-6371,08/01/2020,4015524673
1386243368,"UNIVERSITY OF KANSAS HOSP AUTHORITY","1211 N 8TH ST","","KANSAS CITY",KS,66101-2129,10/01/2020,9139457031
1386280899,"WESTERN PACIFIC MED-CORP","26921 CROWN VALLEY PKWY","STE 200","MISSION VIEJO",CA,92691-6501,01/01/2020,9493348288
1386348712,"CONCERTED CARE GROUP CUMBERLAND LLC","1050 W INDUSTRIAL BLVD","STE 16",CUMBERLAND,MD,21502-4331,07/12/2025,2404100885
1386394310,"FUSION RECOVERY CENTERS","444 BROADWAY","STE E",MENANDS,NY,12204-2887,07/02/2024,8665401301
1386642296,"DISCOVERY HOUSE, LLC","2755 PHILMONT AVE","STE 115, DISCOVERY HOUSE BUCKS DHBU OR HUNTI","HUNTINGDON VALLEY",PA,19006-5321,01/01/2020,2159474100
1386652022,"CARTERSVILLE CENTER","218 STONEWALL ST","",CARTERSVILLE,GA,30120-3628,01/01/2020,7703861907
1386702264,"BAY COVE HUMAN SERVICES INC","66 CANAL ST","",BOSTON,MA,02114-2002,01/01/2020,6173713040
1386702264,"BAY COVE TREATMENT CENTER","66 CANAL ST","",BOSTON,MA,02114-2002,01/01/2020,6173713040
1386706919,"MARION COUNTY","2045 SILVERTON RD NE","",SALEM,OR,97301-9710,01/01/2020,5035885352
"1386748598 1386748598","SUFFOLK COUNTY DEPT. OF HEALTH SERV","300 CENTER DR","",RIVERHEAD,NY,11901-3393,01/01/2020,6318522680
"1386753655 1649316910","SAN DIEGO HEALTH ALLIANCE","234 N MAGNOLIA AVE","","EL CAJON",CA,92020-3906,01/01/2020,6195798378
1386781953,"ADDICTION RESEARCH AND TREATMENT IN","1235 E ST","",FRESNO,CA,93706-2024,01/01/2020,5592686261
1386783314,"GALAX TREATMENT CENTER","111 TOWN HOLLOW RD","","CEDAR BLUFF",VA,24609-9622,01/01/2020,2769633554
"1386888279 1639689292","HABIT OPCO, LLC","111 HIGHWAY 35 STE 7","CENTRAL JERSEY COMPREHENSIVE TREATM",CLIFFWOOD,NJ,07721-1515,01/01/2020,7327272555
1386926004,"CHERRY STREET SERVICES INC","2303 KALAMAZOO AVE SE","","GRAND RAPIDS",MI,49507-3780,03/01/2020,6169658390
1386932523,"SOUTHWEST BEHAVIORAL HEALTH SERVICE","809 HANCOCK RD","# 1","BULLHEAD CITY",AZ,86442-5078,02/06/2023,9287637111
1396001798,"GLASS HEALTH PROGRAMS, INC","821 N EUTAW ST","STE 201",BALTIMORE,MD,21201-6301,08/17/2022,4102259185
1396076147,"TARZANA TREATMENT CENTERS,INC.","18646 OXNARD ST","",TARZANA,CA,91356-1411,01/01/2020,8186543815
1396087805,"CENTER FOR ALCOHOL AND DRUG TREATME","1402 E SUPERIOR ST","",DULUTH,MN,55805-2430,11/07/2020,2185291188
1396149068,"CRC RECOVERY INC","522 S MAPLE RD","","ANN ARBOR",MI,48103-3837,01/01/2020,7345857970
1396204921,"COMMUNITY MEDICAL SERVICES ARIZONA-","329 LAKE HAVASU AVE S","","LAKE HAVASU CITY",AZ,86403-9368,01/01/2020,9287647266
1396280350,"JK2C, LLC","105 MEDICAL DR","","ELIZABETH CITY",NC,27909-3361,01/14/2020,2523331540
1396443990,"CONCERTED CARE GROUP DOVER LLC","911 S DUPONT HWY","",DOVER,DE,19901-4468,06/15/2025,3025702980
1396450508,"DIVINE MERCY, INC.","1721 PENNSYLVANIA AVE","",BALTIMORE,MD,21217-3119,08/15/2024,4106852830
1396822839,"SAMARITAN DAYTOP VILLAGE INC","130-20 89TH ROAD","","RICHMOND HILL",NY,11418-3301,01/01/2020,7184418913
1396822839,"SAMARITAN DAYTOP VILLAGE INC","250 GRAND CONCOURSE","",BRONX,NY,10451-5430,01/01/2020,7182924455
1396961298,"RESOURCE CENTER FOR THE CHEMICALLY","273 E MAIN ST","",DENVILLE,NJ,07834-2642,01/10/2020,9739276641x101
1407034614,"PUERTO RICAN ORGANIZATION TO MOTIVA","553-561 COURT ST","",BROOKLYN,NY,11231-3804,01/01/2020,7187807421
1407115298,"MERIDIAN HEALTHCARE","320 HIGH ST NE","",WARREN,OH,44481-1222,01/01/2020,3307970070
1407115298,"MERIDIAN HEALTHCARE","527 N MERIDIAN RD","",YOUNGSTOWN,OH,44509-1227,01/01/2020,3307970070
1407177447,"UNIVERSITY OF MARYLAND MEDICAL CENT","1001 W. PRATT STREET","",BALTIMORE,MD,21223-2679,02/01/2024,7174280552
1407222003,"COMMUNITY MEDICAL SERVICES MONTANA","795 SUNSET BLVD","STE F",KALISPELL,MT,59901-3699,01/01/2020,4062063885
1407367345,"TRUE NORTH RECOVERY & WELLNESS OREM","234 N OREM BLVD","",OREM,UT,84057-6601,01/01/2020,8016910672
1407367345,"TRUE NORTH RECOVERY & WELLNESS STG","640 E 700 S","STE 3","ST GEORGE",UT,84770-4006,01/01/2020,4356731004
1407385420,"STARTING POINT OF DARLINGTON, LLC","1451 RETAIL ROW","",HARTSVILLE,SC,29550-4258,01/01/2020,8008056989
1407405830,"BAYMARK HEALTH SERVICES OF OHIO","4201 N MAIN ST","",DAYTON,OH,45405-1624,10/01/2020,9372032017
1407457062,"COMMUNITY MEDICAL SERVICES ARIZONA","6626 E CARONDELET DR","",TUCSON,AZ,85710-2119,01/01/2020,5203727002
1407502883,"SUNRISE TREATMENT CENTER","1907 11TH ST","",PORTSMOUTH,OH,45662-4531,01/01/2020,5139414999
1407582042,"GEORGIA CTC,LLC","270 HERITAGE WALK","",WOODSTOCK,GA,30188-3875,09/30/2022,6786615146
1407582042,"GEORGIA CTC,LLC","311 WHITE INGRAM PKWY","",DALLAS,GA,30132-0969,09/30/2022,6783637447
1407582042,"GEORGIA CTC,LLC","3543 HIGHWAY 81","STE 201",LOGANVILLE,GA,30052-4336,09/30/2022,6786152382
1407582042,"GEORGIA CTC,LLC","514 W MAPLE ST","STE 1203",CUMMING,GA,30040-2536,09/30/2022,7702067140
1407830946,"PUERTO RICAN ORGANIZATION TO MOTIVA","754 E 151ST ST","",BRONX,NY,10455-3267,01/01/2020,3473522500
1407897309,"HENNEPIN HEALTHCARE SYSTEM INC","914 S 8TH ST","",MINNEAPOLIS,MN,55404-1204,10/30/2025,6128735500
1407979289,"LUMMI INDIAN BUSINESS COUNCIL","2616 KWINA RD","LUMMI COUNSELING SERVICES OTP",BELLINGHAM,WA,98226-9291,05/28/2020,3603806945
1417000233,"HEARTVIEW FOUNDATION","101 E BROADWAY AVE","",BISMARCK,ND,58501-3840,02/01/2020,7017515727
1417099417,"BIO-MED BEHAVIORAL SERVICES","31581 GRATIOT AVE","",ROSEVILLE,MI,48066-4528,01/08/2020,5867834802
1417107772,"SELLATI & CO INC","7008 LITTLE RIVER TPKE","STE G",ANNANDALE,VA,22003-3234,03/11/2025,7033333113
1417393414,"BHG XXVI, LLC","118 GRAND VUE PLZ","STE 118",HAZARD,KY,41701-6842,01/01/2020,6064871646
1417434432,"NEW START TREATMENT, LLC","600 S 8TH ST","",GRIFFIN,GA,30224-4214,12/01/2022,6786031381
1417444399,"SUNRISE TREATMENT CENTER, LLC","160 N BREIEL BLVD","",MIDDLETOWN,OH,45042-3806,01/01/2020,5134672825
1417448937,"GREENWOOD TREATMENT SPECIALISTS","519 MONUMENT ST","",GREENWOOD,SC,29646-2622,01/01/2020,8644074160
1417452798,"CROSSROADS TREATMENT CENTER OF SOME","607 CLIFTY ST","",SOMERSET,KY,42503-1765,01/01/2020,8008056989
1417573585,"CULPEPER TREATMENT SERVICES LLC","571 JAMES MADISON HWY","STE D",CULPEPER,VA,22701-2367,03/02/2022,5405473769
1417587502,"RINGGOLD TREATMENT CENTER LLC","8292 HIGHWAY 41","",RINGGOLD,GA,30736-2354,01/31/2023,7069522800
1417611674,"ATS OF DELAWARE LLC","429 S NEW ST","",DOVER,DE,19904-6715,01/01/2020,3025048500
1417671967,"SOUTHEAST ALASKA REGIONAL HEALTH CO","1720 CREST ST","",JUNEAU,AK,99801-8058,08/29/2022,9074630600
1427125632,"SES OPERATING CORP","2369 2ND AVE","","NEW YORK",NY,10035-3108,06/10/2021,2128762300x205
1427271568,"RINCON FAMILY SERVICES","3809 W GRAND AVE","",CHICAGO,IL,60651-2004,01/01/2020,7732760200
1427299510,"GENESIS TREATMENT SERVICES","1106 BUSINESS PKWY S","STE B",WESTMINSTER,MD,21157-3054,05/13/2020,4107517771
1427397074,"CRC HEALTH OREGON LLC","1160 LIBERTY ST SE","",SALEM,OR,97302-4143,01/01/2020,5033919762
1427440981,"TEXAS AMERICAN MEDICAL CONSULTANTS","7428 PARK PLACE BLVD","",HOUSTON,TX,77087-4442,06/23/2026,7136435858
1427639608,"BAYMARK HEALTH SERVICES OF KENTUCKY","4922 POPLAR LEVEL RD","",LOUISVILLE,KY,40219-1128,08/18/2022,5024345566
1437009388,"IBIS HEALTHCARE INC.","4422 E COLUMBUS DR","",TAMPA,FL,33605-3233,06/15/2026,8133844216
1437213865,"CODA INC","1027 E BURNSIDE ST","",PORTLAND,OR,97214-1328,01/01/2020,5032398400
1437215431,"PROGRESSIVE MEDICAL SPECIALISTS INC","2453 WEST PIKE ROAD","",WASHINGTON,PA,15342,03/05/2020,7248735655
1437215431,"PROGRESSIVE MEDICAL SPECIALISTS INC","2900 SMALLMAN ST","",PITTSBURGH,PA,15201-1523,03/05/2020,4123916384
1437221355,"NEW CHOICES OTP","840 STATE ST","",SCHENECTADY,NY,12307-1202,08/31/2023,5183827838
1437236940,"NEW LIGHT RECOVERY CENTER","300 W MCNICHOLS RD","",DETROIT,MI,48203-2703,05/05/2026,3138678015
1437280534,"WEST TEXAS COUNSELLING AND REHABILI","601 S IRVING ST","STE 4","SAN ANGELO",TX,76903-6961,08/23/2020,3256533683
1437317245,"RIVERCITY REHABILITATION CENTER INC","680 STONEWALL ST","","SAN ANTONIO",TX,78214-1908,01/01/2020,2109247547
1437328283,"COMPREHENSIVE BEHAVIORAL HEALTH CEN","505 S 8TH ST","","EAST SAINT LOUIS",IL,62201-2919,11/06/2023,6184827330
1437377421,"MARIN TREATMENT CENTER","1466 LINCOLN AVE","","SAN RAFAEL",CA,94901-2021,01/01/2020,4155268022
1437383403,"CENTER FOR BEHAVIORAL HEALTH SOUTH","2301 COSGROVE AVE","STE F","NORTH CHARLESTON",SC,29405-7663,01/01/2020,8435290700
1437557899,"SPRINGDALE TREATMENT CENTER LLC","1607 S OLD MISSOURI RD","",SPRINGDALE,AR,72764-5723,10/16/2023,4793064480
1437598323,"WESTERN PACIFIC RE-HAB","7232 CANBY AVE","STE. 4,5,6",RESEDA,CA,91335-3006,01/01/2020,8187055561
1437651221,"VALLE VISTA LLC","65 AIRPORT PARKWAY SUITE 104","NEW VISTA OUTPATIENT RECOVERY CENTER",GREENWOOD,IN,46143-1407,01/01/2020,3178835330
"1437795713 1932377082","TEXAS TREATMENT SERVICES LLC","3529 DENTON HWY","STE D","HALTOM CITY",TX,76117-3923,04/02/2020,8177590707
1437798824,"SISTERS OF CHARITY HOSPITAL OF BUFF","158 HOLDEN ST","",BUFFALO,NY,14214-2226,01/01/2020,7168621330
1437798824,"SISTERS OF CHARITY HOSPITAL OF BUFF","210 JOHN GLENN DR","",AMHERST,NY,14228,01/01/2020,7168622059
1437798824,"SISTERS OF CHARITY HOSPITAL OF BUFF","435 E HENRIETTA RD","",ROCHESTER,NY,14620-4629,01/01/2020,5854246580
1447383500,"VICTORY CLINICAL SERVICES LLC","401 HOWARD ST","",KALAMAZOO,MI,49001-2748,01/01/2020,2693444458
1447438106,"MCLEOD ADDICTIVE DISEASE CENTER INC","500 ARCHDALE DR","",CHARLOTTE,NC,28217-4217,01/04/2020,7043329001
"1447464664 1689747552","UNM HOSPITAL","2600 YALE BLVD SE","",ALBUQUERQUE,NM,87106-4383,01/01/2020,5059947999
1447465091,"METRO TREATMENT OF FLORIDA, LP","3976 WOODVILLE HWY","LEON COUNTY TREATMENT CENTER",TALLAHASSEE,FL,32305-7449,01/01/2020,8508787776
1447465661,"UNIVERSITY PHYSICIAN GROUP","3901 CHRYSLER DR","STE 1A",DETROIT,MI,48201-2167,05/12/2020,3139933964
1447521240,"HEALTHQWEST FRONTIERS","6707 FOREST PARK DR","",SAVANNAH,GA,31406-2566,01/01/2020,9123351699
1447567755,"SRR TREATMENT SOLUTIONS, LLC","8930 STANFORD BLVD","STE M100",COLUMBIA,MD,21045-5805,12/29/2020,4432850807
1447580584,"PENNSYLVANIA ASSOCIATES, LLC","1151 POCONO BLVD","STE 3","MOUNT POCONO",PA,18344-1033,01/01/2020,5708397246
1447665641,"NORTHERN PARKWAY TREATMENT SERVICES","3007 E NORTHERN PKWY","",BALTIMORE,MD,21214-1419,01/01/2020,4432938711
1447730890,"EVERGREEN TREATMENT SERVICES LLC","2120 PULASKI HWY","","HAVRE DE GRACE",MD,21078-2127,06/26/2021,4102739300
1447813639,"AMERICAN ADDICTION TREATMENT CENTER","12695 MCMANUS BLVD","BLDG 2","NEWPORT NEWS",VA,23602-4458,01/01/2020,7572344139
1447847413,"FAMILY GUIDANCE CENTERS INC","1220 SOUTH WOOD ST","",CHICAGO,IL,60608-1202,04/01/2020,3124133026
1447903208,"METRO TREATMENT OF FLORIDA LP","704 DOCTORS CT","NEW SEASON TREATMENT CENTER 24",LEESBURG,FL,34748-7366,01/01/2020,3523274417
1447922760,"PINNACLE TREATMENT CNTRS LLC","510 GRAND VALLEY BLVD","",MARTINSVILLE,IN,46151-5883,10/04/2023,7655166292
1457026460,"COMMUNITY MEDICAL SERVICES ARIZONA","3155 N WINDSONG DR","STE A&B","PRESCOTT VALLEY",AZ,86314-2219,01/01/2020,9289687400
1457043044,"REVIVE TREATMENT CENTER - HOFFMAN E","2353 HASSELL RD","STE 115","HOFFMAN ESTATES",IL,60169-2170,05/04/2026,6306352255
1457047631,"DENVER RECOVERY GROUP LLC","1355 SANTA FE DR","STE J",DENVER,CO,80204-2542,01/01/2020,7206160049
1457311458,"QUAPAW COUNSELING SERVICES","58150 E 66 RD","",MIAMI,OK,74354-6509,06/10/2026,9185421786x6060
1457413882,"FAMILY GUIDANCE CENTERS INC","484 LEE ST","","DES PLAINES",IL,60016-4610,04/01/2020,2246597030
1457538704,"SOFT LANDING INTERVENTIONS, LLC","28373 DAVIS PKWY STE 500","SYMETRIA RECOVERY AAT NAPERVILLE",WARRENVILLE,IL,60555-1437,09/09/2021,8662912393
1457538720,"MCLEOD ADDICTIVE DISEASE CENTER INC","300 COPPERFIELD BLVD NE","STE 105",CONCORD,NC,28025-2429,01/04/2020,7047823131
1457793861,"METRO TREATMENT OF TEXAS LP","3615 CULEBRA RD","","SAN ANTONIO",TX,78228-5914,12/09/2025,2103146473
1457805467,"COASTAL COMMUNITY BEHAVIORAL HEALTH","100 CORNERSTONE DR","",BRUNSWICK,GA,31523-4214,01/01/2020,9124341794x1
1457805467,"COASTAL COMMUNITY BEHAVIORAL HEALTH","5155 GA HIGHWAY 40 E","","SAINT MARYS",GA,31558-9410,01/01/2020,9124341794x403
1457823940,"IHC HEALTH SERVICES INC","550 E 1400 N","STE T",LOGAN,UT,84341-2407,02/10/2020,4357161320
1457841678,"COMMUNITY PARTNERS INTEGRATED HEALT","1021 E PALMDALE ST","STE 130",TUCSON,AZ,85714-1859,01/01/2020,5204075353
1457860959,"WCHS INC","305 PACIFIC AVE S","STE C",KELSO,WA,98626-1638,01/01/2020,3604255378
1457892432,"SOFT LANDING INTERVENTIONS, LLC","3934 N LINCOLN AVE","SYMETRIA RECOVERY AT LAKEVIEW",CHICAGO,IL,60613-2432,09/09/2021,8662912393
1467045567,"LOTUS RECOVERY CENTERS OF PRICES CO","1812 NEWPORT GAP PIKE","",WILMINGTON,DE,19808,12/24/2025,3025005997
1467071928,"BHG LXIX, LLC","4040 INDEPENDENCE DR NW","",HUNTSVILLE,AL,35816-3012,11/11/2020,2567211940
1467073726,"DENVER RECOVERY GROUP LLC","213 E CACHE LA POUDRE ST","","COLORADO SPRINGS",CO,80903-2902,01/01/2020,7193007021
1467078535,"PINNACLE TREATMENT CENTERS OH-XIV,","1581 MARION WALDO RD","UNIT 710",MARION,OH,43302-7423,08/25/2021,7403757814
1467105221,"METRO TREATMENT OF FLORIDA LP","320 OAKFIELD DR","NEW SEASON TREATMENT CENTER 22",BRANDON,FL,33511-5723,01/01/2020,8139065544
1467196360,"METRO TREATMENT OF FLORIDA LP","6480 20TH ST, STE 101-102","NEW SEASON TREATMENT CENTER 27","VERO BEACH",FL,32966-1004,01/01/2020,7728881790
1467416206,"RUTLAND HOSPITAL INC","1 SCALE AVE, BLDG 10","HOWE CENTER",RUTLAND,VT,05701-4454,02/01/2020,8027765800
"1467503193 1700050085","MILWAUKEE HEALTH SERVICES SYSTEM LL","3301 N BALLARD RD","STE B",APPLETON,WI,54911-9002,01/01/2020,9207334443
1467544171,"THERAPEUTIC HEALTH SERVICES","1116 SUMMIT AVE","",SEATTLE,WA,98101-2831,03/27/2023,2063230930
1467759399,"PENNSYLVANIA CARE LLC","90 E UNION ST","STE 3","WILKES BARRE",PA,18701-3210,01/01/2020,5708225145
1467822288,FACILITY,"200 BEVERLY HANKS CTR","STE A",HENDERSONVILLE,NC,28792-2324,02/08/2026,8285959558
1467828061,"COMMUNITY MEDICAL SERVICES MONTANA","2040 ROSEBUD DR","STE 7",BILLINGS,MT,59102-6294,01/01/2020,4069694812
1467838706,"METRO TREATMENT OF FLORIDA, LP","590 ELLIS RD S","DUVAL COUNTY TREATMENT CENTER",JACKSONVILLE,FL,32254-3555,01/01/2020,9048002231
1467878702,"SUNRISE DETOX TOMS RIVER, LLC","16 WHITESVILLE RD","STE A","TOMS RIVER",NJ,08753-4105,10/25/2023,7327972505
1477012144,"FAMILY GUIDANCE CENTERS INC","333 W EVERGREEN ST","",MANTENO,IL,60950-9329,04/01/2020,2246597030
1477041143,"MEDMARK TREATMENT CENTERS OF GEORGI","1289 GI MADDOX PKWY","",CHATSWORTH,GA,30705-2069,01/01/2020,7069713366
1477093839,"DM & AAR, INC.","1710 COMMERCE RD","",ATHENS,GA,30607-1018,01/01/2020,7065520688
1477096634,"CROSSROADS TREATMENT CENTER OF SENE","209 OCONEE SQUARE DR","",SENECA,SC,29678-2546,01/01/2020,8008056989
1477136695,"METRO TREATMENT OF NEW HAMPSHIRE LP","865 2ND ST","STE 1B",MANCHESTER,NH,03102-5265,01/01/2020,6033970970
1477191153,"COMMUNITY MEDICAL SERVICES ARIZONA","2525 S RURAL RD","STE 9&10N",TEMPE,AZ,85282-2435,01/01/2020,4809771800
1477605228,"ADDICTION TREATMENT CENTER OF NEW E","77F WARREN ST","",BRIGHTON,MA,02135-3601,07/18/2023,6172541271
1477611903,"OPERATION PAR INC","6253 14TH ST W","OPERATION PAR-BRADENTON",BRADENTON,FL,34207-4611,01/01/2020,9417530877
1477640258,"ST. JOSEPH'S HOSPITAL YONKERS","317 S BROADWAY","",YONKERS,NY,10705-2008,07/09/2021,9143787566
1477810638,"OPERATION PAR INC","6124 S TAMIAMI TRL","MAPS SARASOTA",SARASOTA,FL,34231-4029,01/01/2020,9419256672
1477841534,"SOUTHWEST BEHAVIORAL HEALTH SERVICE","7600 E FLORENTINE RD","STE 101","PRESCOTT VALLEY",AZ,86314-1314,02/06/2023,6023516986
1477867760,"SOAP MAT, LLC","1939 W VISTA WAY","",VISTA,CA,92083-6019,02/23/2023,7603057528
1477869089,"MISSION TREATMENT CENTERS INC","1737 LINWOOD BLVD","MISSION OKLAHOMA CITY","OKLAHOMA CITY",OK,73106-5037,01/01/2020,4052396815
1477999480,"BHG MEMPHIS MIDTOWN TREATMENT CENTE","1734 MADISON AVE","",MEMPHIS,TN,38104-6414,01/01/2020,9017229420
1487059531,"CONCERTED CARE GROUP BALTIMORE LLC","428 E 25TH ST","",BALTIMORE,MD,21218-5304,01/01/2020,4106170142
1487090221,"AEGIS TREATMENT CENTERS LLC","201 D ST","STE G",MARYSVILLE,CA,95901-5957,01/01/2020,5307427747
1487096038,"METRO TREATMENT OF FLORIDA, LP","5951 CLARK CENTER AVE, STE B","SARASOTA TREATMENT CENTER",SARASOTA,FL,34238-2717,01/01/2020,9415544551
1487160123,"PINNACLE TREATMENT CENTERS OH-V, LL","7301 POE AVE","",DAYTON,OH,45414-2559,01/01/2020,9372804631
1487210902,"PINNACLE TREATMENT CENTERS OH-X, LL","950 LILA AVE","",MILFORD,OH,45150-1683,08/08/2020,5139009578
1487274387,"DENVER RECOVERY GROUP LLC","72 E ARAPAHOE RD","",LITTLETON,CO,80122-8001,01/01/2020,7202833055
1487275376,"EASTSIDE OUTPATIENT PLLC","445 E SHERMAN BLVD","",MUSKEGON,MI,49444-2203,02/08/2020,2317394359
1487382040,"NORTHEAST FAMILY HEALTH CARE, LLC","53 N UNION AVE","",LANSDOWNE,PA,19050-2536,01/01/2020,4844696231
1487608485,"SPECTRUM HEALTH SYSTEMS, INC","100 PLAISTOW RD","STE B",HAVERHILL,MA,01830-1443,01/01/2020,9783734985
1487608485,"SPECTRUM HEALTH SYSTEMS, INC","1274 CURRAN HWY","","NORTH ADAMS",MA,01247-3907,01/01/2020,4136649024
1487608485,"SPECTRUM HEALTH SYSTEMS, INC","176 MAIN ST","",SOUTHBRIDGE,MA,01550-2561,01/01/2020,5089802005
1487608485,"SPECTRUM HEALTH SYSTEMS, INC","178 WINTER ST","",WEYMOUTH,MA,02188-3326,01/01/2020,7813310690
1487608485,"SPECTRUM HEALTH SYSTEMS, INC","184 BROADWAY","",SAUGUS,MA,01906-1099,01/01/2020,7812331095
1487608485,"SPECTRUM HEALTH SYSTEMS, INC","200 E MAIN ST","",MILFORD,MA,01757-2808,01/01/2020,5086341877
1487608485,"SPECTRUM HEALTH SYSTEMS, INC","210 BEAR HILL RD","STE 203",WALTHAM,MA,02451-1025,01/01/2020,7812904970
1487608485,"SPECTRUM HEALTH SYSTEMS, INC","290 PARK ST","","GREAT BARRINGTON",MA,01230-1142,02/17/2021,4133474647
1487608485,"SPECTRUM HEALTH SYSTEMS, INC","390 MERRILL RD","",PITTSFIELD,MA,01201-3724,01/01/2020,4134420402
1487608485,"SPECTRUM HEALTH SYSTEMS, INC","50 HOWE AVE","",MILLBURY,MA,01527-3264,01/01/2020,5088652085
1487608485,"SPECTRUM HEALTH SYSTEMS, INC","585 LINCOLN ST","",WORCESTER,MA,01605-1906,01/01/2020,5088310045
1487608485,"SPECTRUM HEALTH SYSTEMS, INC","68 FRANKLIN ST","",FRAMINGHAM,MA,01702-6671,01/01/2020,5088755801
1487608485,"SPECTRUM HEALTH SYSTEMS, INC.","1023 MAIN ST","",WORCESTER,MA,01603-2425,01/01/2020,5087976100
1487608485,"SPECTRUM HEALTH SYSTEMS, INC.","154 OAK ST","",WESTBOROUGH,MA,01581-3320,02/17/2021,5088981570
1487637724,"COMMUNITY SUBSTANCE ABUSE CENTERS,","55 FISHFRY ST","",HARTFORD,CT,06120-1203,08/15/2020,8602478300
1487687273,"COVE BEHAVIORAL HEALTH INC","4422 E COLUMBUS DR","",TAMPA,FL,33605-3233,04/18/2024,8133844000
1487709671,"LEXINGTON CENTER FOR RECOVERY INC","3 CORPORATE DR","",PEEKSKILL,NY,10566-1846,01/01/2020,9142573500
1487792677,"ADDICTION RESEARCH AND TREATMENT IN","15229 AMAR RD","","LA PUENTE",CA,91744-2003,01/01/2020,6268555090
1487887949,"ADDICTION RECOVERY MEDICAL SERVICES","31 E MAIN AVE","",TAYLORSVILLE,NC,28681-2540,01/01/2020,7048720234
1487887949,"ADDICTION RECOVERY MEDICAL SERVICES","536 SIGNAL HILL DRIVE EXT","",STATESVILLE,NC,28625-4391,01/01/2020,7048720234
1487888145,"CITY OF EAST ORANGE","110 S GROVE ST","3RD FL","EAST ORANGE",NJ,07018-4102,01/20/2026,9732665200
1487889655,"APT FOUNDATION, INC","1 LONG WHARF DR","","NEW HAVEN",CT,06511-5991,01/01/2020,2037814600x1703
"1487889655 1982155859","APT FOUNDATION, INC","184 FRONT AVE","","WEST HAVEN",CT,06516-2836,01/01/2020,2037814600x1703
1497102867,"PIKESVILLE HEALTH SERVICES LLC","1209 GREENWOOD RD","",PIKESVILLE,MD,21208-3609,01/01/2020,4104848500
1497146427,"SOFT LANDING INTERVENTIONS, LLC","830 W END CT STE 900","SYMETRIA RECOVERY AT VERNON HILLS","VERNON HILLS",IL,60061-1333,09/09/2021,8662912393
1497248025,ADAPT,"400 VIRGINIA AVE","STE 100","NORTH BEND",OR,97459-3477,01/01/2020,5414920200
"1497248025 1902330236",ADAPT,"406 NE WINCHESTER STREET","",ROSEBURG,OR,97470-3090,01/01/2020,5414920134
1497331102,"BEAR ISLAND RECOVERY SERVICES, INC","1150 CEDAR POINT BLVD","","CEDAR POINT",NC,28584-8022,05/17/2022,2527649023
1497427223,"RECOVERY CONCEPTS III, LLC","5334 S ARCHER AVE","STE A",CHICAGO,IL,60632-4970,02/28/2024,9857053263
1497479836,"SOUTHEAST ALASKA REGIONAL HEALTH CO","700 KATLIAN STREET","STE F SEARHC OTC-SIT",SITKA,AK,99835-7359,08/29/2022,9079669797
1497498810,"CFSATC INC","1000 SE FEDERAL HWY","",STUART,FL,34994-3821,01/01/2020,7722912750
1497536320,"GARLAND TREATMENT CENTER INC","6246 BROADWAY BLVD","STE 102",GARLAND,TX,75043-5900,04/09/2024,9722031141
1497592927,"SOUTH CAROLINA CTC, LLC","124 BOARDWALK DR","STE A",RIDGELAND,SC,29936-7994,12/18/2024,8557008464
1497707806,"STARTCARE, INC.","1149-55 MYRTLE AVE","",BROOKLYN,NY,11206-6007,01/01/2020,7185741801
1497798284,"VICTORY CLINICAL LLC","4218 W WESTERN AVE","","SOUTH BEND",IN,46619-2622,01/01/2020,5742331524
1497817183,"AEGIS TREATMENT CENTERS LLC","590 RIO LINDO AVE","STE 582, 584, 586, 588, 590",CHICO,CA,95926-1817,01/01/2020,5303453491
1497818595,"COMMUNITY MEDICAL SERVICES ARIZONA-","2301 W NORTHERN AVE","",PHOENIX,AZ,85021-4918,01/01/2020,6028669378
1497961759,"METRO TREATMENT OF MINNESOTA LP","11939 RIVER HILLS DR","",BURNSVILLE,MN,55337-1354,01/01/2020,9528904480
1497961791,"METRO TREATMENT OF FLORIDA, LP","8800 49TH ST N, STE 106","BAY AREA TREATMENT CENTER","PINELLAS PARK",FL,33782-5332,01/01/2020,7275440044
1508016957,"DISCOVERY HOUSE NC LLC","2710 W STATE STREET","ROUTE 224","NEW CASTLE",PA,16101-8644,01/01/2020,7245987999
1508050147,"CFSATC INC","3155 LAKE WORTH RD STE 2","CENTRAL FLORIDA TREATMENT CENTER","LAKE WORTH",FL,33461-6917,01/01/2020,5614398440
1508068271,"CENTER FOR BEHAVIORAL HEALTH LAS VE","3470 W CHEYENNE AVE","STE 400","NORTH LAS VEGAS",NV,89032-8244,01/01/2020,7026360085
1508072067,"METRO TREATMENT OF SOUTH CAROLINA","377 RUBIN CENTER DR","STE 101","FORT MILL",SC,29708-7284,01/01/2020,8035477238
1508072794,"METRO TREATMENT OF FLORIDA, LP","4427 EMERSON ST, STE 4","JACKSONVILLE METRO TREATMENT CENTER",JACKSONVILLE,FL,32207-4960,01/01/2020,9043987015
1508073651,"METRO TREATMENT OF OREGON LP","16420 SE DIVISION ST","",PORTLAND,OR,97236-1987,01/01/2020,5037623130
1508124488,"COMMUNITY BRIDGES INC","1520 E PIMA ST","",PHOENIX,AZ,85034-4639,01/01/2020,6024076280
1508202524,"VCPHCS XVII, LLC","1202 S JAMES CAMPBELL BLVD","SUITE 7A",COLUMBIA,TN,38401,01/01/2020,9313810020
1508277229,"BHGXXIX LLC","1369 N WESTWOOD BLVD","BHG POPLAR BLUFF TREATMENT CENTER","POPLAR BLUFF",MO,63901-3313,01/01/2020,5737227937
1508386541,"WALKER RECOVERY CENTER","2195 N AIRPORT RD","",JASPER,AL,35504-7057,01/01/2020,2052211799
1508849993,"PUERTO RICAN ORGANIZATION TO MOTIVA","1776 CLAY AVE","",BRONX,NY,10457-7421,01/01/2020,7189607599
1508904780,"ADDICTION RESEARCH AND TREATMENT IN","1646 S COURT ST","",VISALIA,CA,93277-4962,01/01/2020,5596258890
1508935230,"EL DORADO COMMUNITY SERVICE CENTER","24625 ARCH ST","",NEWHALL,CA,91321-1111,02/12/2020,6612882644
1508942723,"INTENSIVE TREATMENT SYSTEMS","651 W COOLIDGE ST","",PHOENIX,AZ,85013-2718,01/01/2020,6022480550
1518035070,"ARS OF LANCASTER LP","2192 EMBASSY DR","",LANCASTER,PA,17603-2392,01/01/2020,7173947160
1518126630,"AIROJEN CENTER INC","240 NW 183RD ST","COMPREHENSIVE PSYCHIATRIC CENTER",MIAMI,FL,33169-4462,12/28/2021,3054958467
1518126630,"AIROJEN CENTER INC","9735 E FERN ST","COMPREHENSIVE PSYCHIATRIC CENTER",MIAMI,FL,33157-5402,12/28/2021,3052385121
1518173038,"METRO TREATMENT OF MINNESOTA LP","2360 BROADWAY AVE N","",ROCHESTER,MN,55906-4065,01/01/2020,5072820142
1518243872,"ATS OF NORTH CAROLINA, LLC","200 NORTHVIEW PLZ","","NORTH WILKESBORO",NC,28659-3173,01/01/2020,3368180607
1518501527,"HARMONIC SOLUTIONS LLC","1776 YGNACIO VALLEY RD","STE 206","WALNUT CREEK",CA,94598-3125,03/22/2022,9252781792
1518663988,"PINK CHANCES MED CORPORATION","7341 FOOTHILL BLVD","STE 204",TUJUNGA,CA,91042-2795,07/28/2025,8888217465
1518706159,"PREMIER CARE OF WISCONSIN, LLC.","2970 S CHASE AVE","# 2A",MILWAUKEE,WI,53207-6407,01/01/2020,4149346400
1518996354,"HIGH POINT TREATMENT CENTER INC","30 MEADOWBROOK RD","",BROCKTON,MA,02301-7122,04/15/2026,5084086190
1518996354,"HIGH POINT TREATMENT CENTER INC","61 INDUSTRIAL PARK RD","",PLYMOUTH,MA,02360,04/15/2026,5088301234
1518996354,"HIGH POINT TREATMENT CENTER INC","68 N FRONT ST","","NEW BEDFORD",MA,02740-7327,04/15/2026,5087170550
1528138872,"AMERICAN HEALTH SERVICES LLC","1010 1/2 S UNION AVE","",BAKERSFIELD,CA,93307-3642,01/27/2020,6613210234
1528288347,"MISSION TREATMENT SERVICES INC","161 N DATE ST","",ESCONDIDO,CA,92025-3405,01/01/2020,7607451061
1528288362,"PINNACLE TREATMENT CENTERS PA - III","1425 SCALP AVE","STE 175",JOHNSTOWN,PA,15904-3324,01/01/2020,8142694700
1528325420,"GLASS HEALTH PROGRAMS, INC","2 W AYLESBURY RD","",TIMONIUM,MD,21093-4101,08/17/2022,4105619591
1528375425,"AESCHBACH & ASSOCIATES INCORPORATED","2824 S CONGRESS AVE","",AUSTIN,TX,78704-6423,01/01/2020,5124445092
1528398096,"FAMILY GUIDANCE CENTERS INC","120 N 11TH ST","",SPRINGFIELD,IL,62703-1002,04/01/2020,2246597030
1528527603,"SYMETRIA HEALTH OF TEXAS LLC","1850 LAKE POINTE DR","",LEWISVILLE,TX,75057-0001,07/01/2021,8662912393
1528533320,"OHIO TREATMENT CENTER, LLC","475 LEXINGTON AVE","",MANSFIELD,OH,44907-1501,03/20/2020,4194195705
1528594041,"ROCKY MOUNT TREATMENT CENTER","104 ZEBULON CT","","ROCKY MOUNT",NC,27804-2420,01/01/2020,9196561633
1528825692,"ARISEVIDA CARE LLC","4040 E MCDOWELL RD","STE 107",PHOENIX,AZ,85008-4428,06/11/2024,6027963484
1538113774,"OPEN ARMMS INC","2590 BUSINESS PARK CT","",WALDORF,MD,20601-2904,01/01/2020,3016455538
1538206297,"ADDICTION RESEARCH AND TREATMENT IN","3103 E CARTWRIGHT AVE","",FRESNO,CA,93725-9385,01/01/2020,5594987100
1538208566,"GALAX TREATMENT CENTER","140 LARKSPUR LN","",GALAX,VA,24333-2305,01/01/2020,2762366341
1538286778,"NARCOTIC ADDICTION TREATMENT AGENCY","8741 LAUREL CANYON BLVD","","SUN VALLEY",CA,91352-2919,01/01/2020,8187685525x685525
1538375852,"METRO TREATMENT OF FLORIDA, LP","1101 S 21ST AVE","BROWARD TREATMENT CENTER",HOLLYWOOD,FL,33020-6935,01/01/2020,9549220522
1538500343,"BNJ HEALTH SERVICES INC SALISBURY","204 NEWTON ST","",SALISBURY,MD,21801-5433,07/24/2021,4439787919
1538505649,"BHG MEMPHIS NORTH TREATMENT CENTER","2165 SPICER CV","STE 5",MEMPHIS,TN,38134-5623,01/01/2020,9013727878
1538511878,"MEDMARK TREATMENT CENTERS OF TEXAS","216 N JOHN REDDITT DR","",LUFKIN,TX,75904-2620,05/20/2026,9362614696
1538601414,"CROSSROADS TREATMENT CENTER OF GREE","157 BROZZINI CT","",GREENVILLE,SC,29615-5340,01/01/2020,8008056989
1538630009,"COMMUNITY MEDICAL SERVICES ARIZONA","2940 E MAIN ST","",MESA,AZ,85213-9305,01/01/2020,4809771500
1538648944,"MOREHEAD CITY TREATMENT CENTER LLC","309 COMMERCE AVE","","MOREHEAD CITY",NC,28557-3283,01/01/2020,2527730306
1538658380,"METRO TREATMENT OF MO LP","2027 CAMPUS DR","ST CHARLES METRO CTR","SAINT CHARLES",MO,63301-1047,03/10/2023,6363217600
1538708433,"BRIGHT STAR HEALTHCARE GROUP","1545 PENNSYLVANIA AVE","",MCDONOUGH,GA,30253-9114,01/01/2020,4707811630
1538789136,"GENESIS TREATMENT SERVICES","1160 W PATRICK ST","",FREDERICK,MD,21703-3962,05/13/2020,2408314237
1538820790,"ADDICTION SERVICES AND PHARMACOTHER","3825 39TH AVE","STE 120",KENOSHA,WI,53144-2043,12/28/2025,2629465752
1548036262,"VALLE VISTA LLC","4010 W 86TH ST STE D","NEW VISTA NORTH",INDIANAPOLIS,IN,46268,01/01/2020,3178871348
1548361470,"LAFRONTERA CENTER INC","260 S SCOTT AVE","",TUCSON,AZ,85701-1919,01/01/2020,5208848470
1548367873,"ST BARNABAS HOSPITAL","4535-39 THIRD AVENUE","",BRONX,NY,10457,01/01/2020,7189606214
1548476823,"METRO TREATMENT OF NORTH CAROLINA L","1913 LAMAR ST","",DURHAM,NC,27705-3310,01/01/2020,9192861509
1548602022,"CENTER FOR BEHAVIORAL HEALTH LAS VE","2290 MCDANIEL ST","STE 1C","NORTH LAS VEGAS",NV,89030-6330,01/01/2020,7023991600
1548613276,"TTC, LLC","1001 MIMOSA PARK RD","",TUSCALOOSA,AL,35405-4843,01/01/2020,2057525857
1548633555,"LUMBERTON TREATMENT CENTER","2200 CLYBORN CHURCH RD","",LUMBERTON,NC,28360-9356,01/01/2020,9196561633
1548707748,"PREMIER CARE OF INDIANA INC","317 S NORTON ST","",MARION,IN,46952-3296,12/08/2025,7656640101
1548844772,"NEW START - MVILLE LLC","1211 N COLUMBIA DR","",MILLEDGEVILLE,GA,31061-2395,02/21/2025,6787575797
1548962376,"WINCHESTER TREATMENT SERVICES, LLC","1300 W LEXINGTON AVE","",WINCHESTER,KY,40391-1154,09/04/2024,8592871098
1558028126,"PUERTO RICAN ORGANIZATION TO MOTIVA","303 MAIN ST","",DUNKIRK,NY,14048-2718,01/01/2020,7164134661
1558029900,"SERENITY REHABILITATION INC","673 MARTIN LUTHER KING JR BLVD N","",PONTIAC,MI,48342-1679,02/01/2023,2488383686
1558401331,"BATON ROUGE TREATMENT CENTER LLC","11445 REIGER RD","BATON ROUGE TREATMENT CENTER","BATON ROUGE",LA,70809-4556,01/01/2020,2259329867
1558412320,"CRC HEALTH OREGON LLC","2600 SE BELMONT ST","",PORTLAND,OR,97214-2916,01/01/2020,5032395738
1558493916,"QUALITY BEHAVIORAL HLTH INC","1059 OWENDALE DR","",TROY,MI,48083-1913,01/01/2020,3139227777
1558493916,"QUALITY BEHAVIORAL HLTH INC","215 N JEBAVY DR","",LUDINGTON,MI,49431-1921,01/21/2026,3139227777
1558493916,"QUALITY BEHAVIORAL HLTH INC","37490 DEQUINDRE RD","","STERLING HEIGHTS",MI,48310-3503,01/01/2020,3139222222
1558493916,"QUALITY BEHAVIORAL HLTH INC","6821 MEDBURY ST","",DETROIT,MI,48211-3317,01/01/2020,3139222222
1558495010,"ALLIANCE CLINIC LLC","3329 UNIVERSITY AVE SE","",MINNEAPOLIS,MN,55414-3325,01/01/2020,6124542260
1558520841,"CORECARE BEHAVIORAL HEALTH MANAGEME","111 N 49TH ST","KIRKBRIDE CENTER",PHILADELPHIA,PA,19139-2718,01/01/2020,2154712358
1558576389,"METRO TREATMENT OF SOUTH CAROLINA","602 AIRPORT RD","STE C",GREENVILLE,SC,29607-2617,01/01/2020,8642347952
1558587824,"REMEDIES RENEWING LIVES","215 EASTON PKWY","",ROCKFORD,IL,61108-2216,02/25/2026,8159661287x421
1558607481,"PULASKI MEDICAL, LLC","1006 E MAIN ST","",PULASKI,VA,24301-5218,01/01/2020,5409801125
1558677062,"MISSION TREATMENT CENTERS INC","5550 S GARNETT ROAD","SUITE 200 MISSION TULSA",TULSA,OK,74146-6830,01/01/2020,9186652501
1558805754,"BHG XLIII LLC","2551 W KEARNEY ST","",SPRINGFIELD,MO,65803-2034,01/01/2020,4172106025
1558874461,"PINNACLE TREATMENT CENTERS VA-I, LL","905 SOUTHLAKE BLVD","STE C","NORTH CHESTERFIELD",VA,23236-3955,01/01/2020,8044190492
1558876383,"BECKLEY TREATMENT CENTER, LLC","175 PHILPOTT LN","",BEAVER,WV,25813-9501,01/01/2020,3042549262
1558895631,"BHG XXXV LLC","1000 ACE DR","",BEREA,KY,40403-1327,01/01/2020,8592565006
1558907196,"COMMUNITY MEDICAL SERVICES ARIZONA","3720 S PARK AVE","STE 601&602&603&604",TUCSON,AZ,85713-5046,01/01/2020,5204853200
1558950527,"SEMPER HEALTHCARE SERVICES","15080 E BELTWOOD PKWY","STE 110",ADDISON,TX,75001-3724,07/01/2021,2142936987
1568009181,"BHG SAVANNAH TREATMENT CENTER","85 HARRISON ST","",SAVANNAH,TN,38372-2280,06/01/2020,7319252767
1568058196,"HERITAGE TREATMENT CENTER","4200 EDMONDSON AVE","STE 102",BALTIMORE,MD,21229-1600,01/30/2025,4438739389x101
"1568078327 1891142154","GIFFORD STREET WELLNESS CENTER LLC","34 GIFFORD ST","","NEW BEDFORD",MA,02744-2610,01/01/2020,5089993126
1568143857,"COMMUNITY MEDICAL SERVICES MONTANA","702 CHURCH ST NE","",SALEM,OR,97301-2404,07/23/2024,5039915903
1568168342,"ELITE PRIMARY CARE LLC","530 N TELSHOR BLVD","STE C","LAS CRUCES",NM,88011-8243,02/06/2024,5752153389
1568477297,"ACADIA HEALTHCARE INC","268 STILLWATER AVE","",BANGOR,ME,04401-3945,01/01/2020,2079736100
1568522928,"WCHS INC","2275 E COOLEY DR","",COLTON,CA,92324-6324,01/01/2020,9093701777
1568676575,"MEDMARK TREATMENT CENTERS FRESNO WE","1310 M ST","",FRESNO,CA,93721-1808,01/01/2020,5592642700
1568808640,"BHG XXIV LLC","628 JEFFERSON AVE","",PAINTSVILLE,KY,41240-1471,01/01/2020,6067896966
1568838795,"COURAGEOUS TRANSFORMATIONS, INC","3301 LOS ARBOLES AVE NE","",ALBUQUERQUE,NM,87107-1943,04/13/2026,5058007092
1568908077,"BHG XLIV, LLC","2607 LEDO RD","",ALBANY,GA,31707-1211,01/01/2020,2299030022
1568947497,"COMMUNITY MEDICAL SERVICES ARIZONA-","7830 NORTH 23RD AVENUE","",PHOENIX,AZ,85021-6808,01/01/2020,6027755634
"1568960854 1912405200","WICOMICO COUNTY HEALTH DEPARTMENT","203 NEWTON ST","",SALISBURY,MD,21801-5452,01/01/2020,4105436930
1578006433,"CROSSROADS TREATMENT CENTER OF COLU","1421 BLUFF RD","",COLUMBIA,SC,29201-4809,01/01/2020,8008056989
1578014940,"COMMUNITY PROGRAMS, INC.","269 SUMMIT DR","MERIDIAN HEALTH SERVICES",WATERFORD,MI,48328-3364,03/11/2020,2485998999
1578078531,"CHESAPEAKE TREATMENT SERVICES OCEAN","12417 OCEAN GTWY","STE 7","OCEAN CITY",MD,21842-9522,08/12/2022,8335104357
"1578116331 1992355465","OPEN ARMS & HEARTS HEALTH SERVICES","1532 OCEAN HWY","STE 102","POCOMOKE CITY",MD,21851-3023,01/29/2021,4434377128
1578125282,"GEORGIA TREATMENT SERVICES","6132 HAWKINSVILLE RD","",MACON,GA,31216-5848,01/01/2020,4787880066
1578330049,"COMMUNITY MEDICAL SERVICES MONTANA","11880 WASHINGTON ST","",NORTHGLENN,CO,80233-5002,06/12/2024,7207927575
1578526695,"ST. JOHN'S RIVERSIDE HOSPITAL","2 PARK AVE","",YONKERS,NY,10703-3402,01/22/2020,9149647310
"1578597993 1578597993 1578597993","BROADWAY CENTER FOR ADDICTION","911 N BROADWAY","","911 N BROADWAY",MD,21205-1119,01/01/2021,4109555439
1578665790,"WCHS INC","40700 CALIFORNIA OAKS RD","",MURRIETA,CA,92562-5795,01/01/2020,9518947324
1578685822,"NEW HOPE BEHAVIORAL HEALTH CENTER","215 S POWER RD","STE 114",MESA,AZ,85206-5236,01/01/2020,4809811022
1578685897,"DISCOVERY HOUSE TV INC","5983 S REDWOOD RD","",TAYLORSVILLE,UT,84123-5261,01/01/2020,8012939999
1578709002,"VALLE DEL SOL INC","1209 S 1ST AVE","",PHOENIX,AZ,85003-2605,03/02/2020,6022586797
1578787644,"PILSEN-LITTLE VILLAGE COMMUNITY MEN","3113 W CERMAK RD","",CHICAGO,IL,60623-3449,03/10/2020,7732773413
1578787925,"CITY AND COUNTY OF SAN FRANCISCO","1001 POTRERO AVE","","SAN FRANCISCO",CA,94110-3518,04/28/2025,6282068412
1578805776,"LEXINGTON CENTER FOR RECOVERY INC","706 EXECUTIVE BLVD","","VALLEY COTTAGE",NY,10989-2038,01/01/2020,8453623904
1578902466,"WESTERN PACIFIC RE-HAB","275 VICTORIA ST","STE 1H","COSTA MESA",CA,92627-1906,01/01/2020,9496292860
1578986345,"BHG XXXIV LLC","785 W CUMBERLAND GAP PKWY","STE 3",CORBIN,KY,40701-4822,01/01/2020,6065268941
1588045462,"METRO TREATMENT OF COLORADO LP","2956 NORTH AVE","STE 1","GRAND JUNCTION",CO,81504-3919,01/01/2020,9702081130
1588102438,"CROSSROADS TREATMENT CENTER OF LAG","229 S DAVIS RD","STE 900",LAGRANGE,GA,30241-2609,01/01/2020,8008056989
1588208128,"NARQUEST HEALTHCARE SERVICES, LLC","1766 MEMORIAL DR","STE 3",WAYCROSS,GA,31501-1098,05/01/2025,2292420953
1588387013,"REDEEM HEALTHCARE AND MEDICAL SYSTE","2127 WEST PRATT STREET","",BALTIMORE,MD,21223,05/16/2022,4108780655
1588795686,"WEST TEXAS COUNSELLING AND REHABILI","515 GOLDER AVE","WTCR ODESSA, INC",ODESSA,TX,79761-4411,01/01/2020,4323358141
1588798102,"SPECTRUM HEALTH CARE, INC.","74 PACIFIC AVE","# 80","JERSEY CITY",NJ,07304-3216,01/01/2020,2014512544x229
1588870877,"METRO TREATMENT OF NORTH CAROLINA L","418 PERSON ST","STE 103",FAYETTEVILLE,NC,28301-5886,01/01/2020,9104830958
1588871693,"COMPREHENSIVE HEALTHCARE","402 S 4TH AVE","",YAKIMA,WA,98902-3546,01/01/2020,5095754084
1588929376,"COMMUNITY DRUG BOARD, INC.","725 E MARKET ST","",AKRON,OH,44305-2421,01/01/2020,3304344141
1598010043,"SERENITY HEALTH LLC","780 W BEL AIR AVENUE","SUITE B",ABERDEEN,MD,21001-2236,01/01/2020,4102731030
1598017733,"STEPPING STONE OF NORTH CAROLINA, L","527 W PARK CIR","","NORTH WILKESBORO",NC,28659-3548,01/01/2020,3365680271
1598017733,"STEPPING STONE OF NORTH CAROLINA, L","643 GREENWAY RD","STE L",BOONE,NC,28607-4840,01/01/2020,8282657078
"1598021917 1851803225","GLASS HEALTH PROGRAMS, INC","8909 KELSO DR","",ESSEX,MD,21221-3113,08/17/2022,4104862500
1598099061,"EASTERN AVENUE HEALTH SOLUTIONS INC","5920 EASTERN AVE","STE C",BALTIMORE,MD,21224-2828,01/01/2020,4106312772
1598120214,"SUNRISE TREATMENT CENTER, LLC","680 NORTHLAND BLVD","",CINCINNATI,OH,45240-9999,01/01/2020,5139414999
1598130098,"COASTAL DETOX INC","1131 SE INDIAN ST","",STUART,FL,34997-5765,05/16/2020,7722100913
1598133472,"INSPIRED HOPE GROUP LLC","1228 W. SCYENE RD","STE 230",MESQUITE,TX,75149-3143,06/02/2026,9722881800
1598252330,"BHG NEWPORT NEWS TREATMENT CENTER","6000 JEFFERSON AVE","STE B","NEWPORT NEWS",VA,23605-3266,01/01/2020,7579332660
1598346249,"PINNACLE TREATMENT CENTERS OH-XVIII","287 E LEFFEL LN","",SPRINGFIELD,OH,45505-4745,02/09/2022,9376881844
1598576019,"CEDAR RECOVERY OTP, LLC","4409 CHAPMAN HWY","STE W",KNOXVILLE,TN,37920-4326,03/16/2025,8655459322
1598892754,"ATS OF CECIL COUNTY LLC","212 BLUE BALL AVENUE","ELKTON TREATMENT CENTER",ELKTON,MD,21921-5222,01/01/2020,4106206077
1598926875,"DRD MANAGEMENT INC","2235 POYDRAS ST STE B","BHG NEW ORLEANS DOWNTOWN TREATMENT","NEW ORLEANS",LA,70119-7561,01/01/2020,5045247205
1598932253,"MICHIGAN THERAPEUTIC PC","4273 CORPORATE DR","","MT PLEASANT",MI,48858-5321,01/01/2020,9899534357
1598932253,"MICHIGAN THERAPEUTIC PC","711 S ILLINOIS AVE","",GAYLORD,MI,49735-1763,01/01/2020,9897324357
1598932253,"MICHIGAN THERAPEUTIC PC","913 W HOLMES RD STE 189","",LANSING,MI,48910-0434,01/01/2020,5172724357
1609054725,"PILSEN LITTLE VILLAGE COMMUNITY MEN","1546 N MANNHEIM RD","","STONE PARK",IL,60165-1117,03/10/2020,7084100856
1609082155,"METRO TREATMENT OF FLORIDA, LP","1497 FOREST HILL BLVD, STE E","WEST PALM BEACH TREATMENT CENTER","LAKE CLARKE SHORES",FL,33406-6052,01/01/2020,5614335687
1609153675,"NORTHEAST FAMILY HEALTH CARE, LLC","1040 S WEST END BLVD","",QUAKERTOWN,PA,18951-2634,01/01/2020,2673474560
1609214089,"SOFT LANDING INTERVENTIONS, LLC","1460 MARKET ST STE 300","SYMETRIA RECOVERY AT DES PLAINES","DES PLAINES",IL,60016-4643,09/09/2021,8662912393
1609224336,"HEALTHQWEST FRONTIERS","4271 S LEE ST","STE 101",BUFORD,GA,30518-3710,01/01/2020,6787658161
1609270263,"ARS OF PENSYLVANIA LLC","3433 TRINDLE RD","","CAMP HILL",PA,17011-4434,04/18/2020,7177614500
1609306174,"SOFT LANDING INTERVENTIONS, LLC","11925 S HARLEM AVE","SYMETRIA RECOVERY AT PALOS HEIGHTS","PALOS HEIGHTS",IL,60463-1138,09/09/2021,8662912393
1609351477,"PAX TREATMENT CENTERS LLC","4302 ROOSEVELT BLVD","",MIDDLETOWN,OH,45044-6697,10/08/2021,5134331032
1609386135,"PINNACLE TREATMENT CENTERS NJ-III L","1051 W SHERMAN AVE","BLDG 4 VINELAND TREA",VINELAND,NJ,08360-6931,01/01/2020,8568392210
1609470186,"CRC HEALTH TREATMENT CLINICS LLC","3928 S NOVA RD","VOLUSIA COUNTY COMPREHENSIVE TREATMENT","PORT ORANGE",FL,32127-4911,01/01/2020,3868229941
1609551688,"ATS OF NORTH CAROLINA, LLC","1895 E DIXON BLVD","",SHELBY,NC,28152-6901,01/01/2020,9803064021
1609658038,"CONCERTED CARE GROUP HAGERSTOWN LLC","10354 SUPERCENTER DR","",HAGERSTOWN,MD,21740-9724,07/12/2025,2403474900
1609805993,"WEST MIDTOWN MEDICAL GROUP","311 W 35TH ST","","NEW YORK",NY,10001-1701,01/01/2020,2127365900
1609892280,"HELIO HEALTH, INC.","1213 COURT ST","SUITE 100",UTICA,NY,13502-3803,01/01/2020,3156249835x3138
1609892280,"HELIO HEALTH, INC.","329 N SALINA ST","STE 101",SYRACUSE,NY,13203-1864,01/01/2020,3154711564
1609998137,"UNITED COMMUNITY SVCS INC","1300 WOODLAND AVE","","WEST DES MOINES",IA,50265-2306,01/01/2020,5158230549
1609998137,"UNITED COMMUNITY SVCS INC","1555 SE DELAWARE ST","STE M",ANKENY,IA,50021-4011,01/01/2020,5152803860
1609998137,"UNITED COMMUNITY SVCS INC","813 N LINCOLN ST","STE 9",KNOXVILLE,IA,50138-1421,01/01/2020,5152803860
1619011616,"COUNTY OF SANTA CLARA","90 HIGHLAND AVE","","SAN MARTIN",CA,95046-9504,07/06/2020,4086862222
1619184769,"METRO TREATMENT OF FLORIDA LP","1002 N SEMORAN BLVD","",ORLANDO,FL,32807-3531,01/01/2020,4072758939
1619223757,"POLARIS RENEWAL SERVICES INC","3591 PITTSBURGH RD","",PERRYOPOLIS,PA,15473-1307,04/14/2020,7247368390
1619313665,"VCPHCS XIV LLC","6331 W 110TH ST","","OVERLAND PARK",KS,66211-1509,01/01/2020,9136961911
1619338696,"BHG XXX LLC","1125 N 5TH ST","","KANSAS CITY",KS,66101-2305,01/01/2020,9133480888
1619340155,"AEGIS TREATMENT CENTERS LLC","5225 & 5227 TELEGRAPH RD","",VENTURA,CA,93003-4113,01/01/2020,8057656495
1619395605,"WESTERN KY MEDICAL, LLC","609 HAMMOND PLZ","",HOPKINSVILLE,KY,42240-4971,01/01/2020,2708878333
1619451804,"COMMUNITY MEDICAL SERVICES ARIZONA","4527 NORTH 27TH AVENUE","",PHOENIX,AZ,85017-3702,01/01/2020,6027755655
1619511334,"DOUGLASVILLE HEALTHCARE SERVICES, L","4158 WASHINGTON RD","STE 4",EVANS,GA,30809-4720,05/01/2025,7068549225
1619841939,"ELLICOTT CITY HEALTH","10176 BALTIMORE NATIONAL PIKE","STE 115","ELLICOTT CITY",MD,21042-3651,05/05/2026,4102032120
1619900834,"TALBERT HOUSE","510 OAK ST","",CINCINNATI,OH,45219-2507,12/09/2024,5137517747
1619934676,"BUREAU OF DRUG ABUSE,CLEVELAND TREA","1127 CARNEGIE AVE","",CLEVELAND,OH,44115-2805,02/09/2020,2168614246
1619982196,"SOUTHWEST BEHAVIORAL HEALTH SERVICE","1424 S 7TH AVE","BLDG C",PHOENIX,AZ,85007-3902,02/06/2023,6022560514
1629101829,"VICTORY CLINICAL SERVICES III LLC","3300 LANSING AVE","",JACKSON,MI,49202-1621,01/01/2020,5177842929
1629276217,"RHJ MEDICAL CENTER, INC","1007 OLD STATE ROUTE 119","",HUNKER,PA,15639,01/01/2021,7246969600
1629282470,"QUALITY ADDICTION MANAGEMENT INC","151 E BADGER RD","STE A",FITCHBURG,WI,53713-2726,01/01/2020,6082502512
1629282470,"QUALITY ADDICTION MANAGEMENT INC","1610 MILLER PARK WAY","","WEST MILWAUKEE",WI,53214-3604,01/01/2020,4146723801
1629282470,"QUALITY ADDICTION MANAGEMENT INC","2240 PRAIRIE AVE","STE 10",BELOIT,WI,53511-2648,01/01/2020,6083617200
1629282470,"QUALITY ADDICTION MANAGEMENT INC","2357 W MASON ST","","GREEN BAY",WI,54303-4708,01/01/2020,9203376740
1629282470,"QUALITY ADDICTION MANAGEMENT INC","2422 N GRANDVIEW BLVD","",WAUKESHA,WI,53188-6105,01/01/2020,2625496600
1629282470,"QUALITY ADDICTION MANAGEMENT INC","2842 S BUSINESS DR","",SHEBOYGAN,WI,53081-6518,01/01/2020,9204586527
1629282470,"QUALITY ADDICTION MANAGEMENT INC","5735 DURAND AVE","","MOUNT PLEASANT",WI,53406-5011,01/01/2020,2625981392
1629289152,"DRUG ABUSE ALTERNATIVES CENTER","2403 PROFESSIONAL DR","STE 103","SANTA ROSA",CA,95403-3007,02/04/2020,7073604536
1629290127,"MARTINSBURG INSTITUTE INC","223 EAGLE SCHOOL RD","",MARTINSBURG,WV,25404-3367,10/01/2020,3042631101
1629364906,"TREATMENT CENTERS INC","1121 GARDNER ST","",GADSDEN,AL,35901-3038,01/01/2020,2565490807
1629476627,"BHG XXXVI, LLC","18 WEDGEFIELD DR","",ASHEVILLE,NC,28806-2226,01/01/2020,8282528748
1629510540,"MISSISSIPPI COMPREHENSIVE TREATMENT","1935 LAKELAND DR STE 900","JACKSON COMPREHENSIVE TRMT CENTER",JACKSON,MS,39216-5028,01/01/2020,6013667167
1629521117,"MEDMARK TREATMENT CENTERS OF PENNSY","1037 COMPASS CIR","",GREENSBURG,PA,15601-2788,06/16/2020,7248341144
1629553607,"ROCK HILL TREATMENT SPECIALISTS","1274 E MAIN ST","","ROCK HILL",SC,29730-5948,01/01/2020,8035267666
1629685045,"BAYMARK HEALTH SERVICES OF WEST VIR","2112 F ST NW","SUITE 101, 102, 402, 404B",WASHINGTON,DC,20037-2722,08/24/2021,2022964455
1639133135,"MEDMARK TREATMENT CENTERS BLAIRSVIL","20 COMMERCE DR","",BLAIRSVILLE,GA,30512-8913,03/14/2026,7067816987
1639231780,"AEGIS TREATMENT CENTERS LLC","6500 MORRO RD","STE D",ATASCADERO,CA,93422-4142,01/01/2020,8054615212
1639237001,"OPERATION PAR INC","7720 WASHINGTON ST, STE 103","NATC PASCO OPERATION PAR INC","PORT RICHEY",FL,34668-6540,01/01/2020,7278161200
1639322415,"FORT HELP MISSION INC","1101 CAPP ST","","SAN FRANCISCO",CA,94110-4697,01/01/2020,4158211427
1639362254,"OKLAHOMA TREATMENT SERVICES, LLC","5401 SW 29TH ST","","OKLAHOMA CITY",OK,73179-7602,03/26/2020,4056867828
1639455991,"ATS OF NORTH CAROLINA, LLC","2 MCDOWELL ST","",ASHEVILLE,NC,28801-4104,01/01/2020,8282256050
1639508872,"MISSION TREATMENT SERVICES INC","1905 APPLE ST","STE 3",OCEANSIDE,CA,92054-4455,01/01/2020,7605471280
1639515646,"VCPHCS XIX, LLC","58 CARRIAGE HOUSE DR","STE B",JACKSON,TN,38305-3933,01/01/2020,7316600880
1639573843,"CHATHAM RECOVERY, PLLC","1758 E 11TH ST","STE E","SILER CITY",NC,27344-2845,01/01/2020,9196633303x1502
1639592900,"TREATMENT CENTERS, LLC","1301 NATIONAL HWY","",THOMASVILLE,NC,27360-2317,01/01/2020,3364728230
1639592900,"TREATMENT CENTERS, LLC","1504 JAKE ALEXANDER BLVD W","",SALISBURY,NC,28147-1213,01/01/2020,7046458539
1639592900,"TREATMENT CENTERS, LLC","310 MURPHY DR","",LEXINGTON,NC,27295-2100,01/01/2020,3362241919
1639592900,"TREATMENT CENTERS, LLC","4437 MAIN ST","",SHALLOTTE,NC,28470-4451,01/01/2020,9107544449
1639592900,"TREATMENT CENTERS, LLC","4949 ALBEMARLE RD","STE A&B",CHARLOTTE,NC,28205-6629,01/01/2020,7045324262
1639601826,"BAART COMMUNITY HEALTH CARE","1941 S 42ND ST","STE 210",OMAHA,NE,68105-2946,08/04/2026,4023416220
1639614175,"MATHERS RECOVERY LLC","420 AIRPORT RD","STE C",ELGIN,IL,60123-9329,01/07/2026,8154449999
1639652084,"SUNRISE TREATMENT CENTER, LLC","1435 CINCINNATI ST","STE 150",DAYTON,OH,45417-4614,01/01/2020,5139414999
"1639756406 1639756406","BROOKDALE HOSPITAL MEDICAL CENTER","880 BERGEN ST","",BROOKLYN,NY,11238-3301,03/16/2021,7186137555
1649225897,"CONIFER PARK, INC","600 FRANKLIN ST","STE 204",SCHENECTADY,NY,12305-2100,01/01/2020,5183727031
1649310152,"ATS OF NORTH CAROLINA, LLC","20 PAGE DR","STE 8",PINEHURST,NC,28374-8847,01/01/2020,9102359090
"1649326737 1780850594","MILWAUKEE HEALTH SERVICES SYSTEM LL","3707 N RICHARDS ST","",MILWAUKEE,WI,53212-1673,01/01/2020,4149677012
1649390733,"LIBERATION PROGRAMS INC","117 MAIN ST","",STAMFORD,CT,06901-2818,01/01/2020,2033561980
1649390733,"LIBERATION PROGRAMS INC","15 COMMERCE RD","",STAMFORD,CT,06902-4549,01/01/2020,2038512077
1649449836,"BAART BEHAVIORAL HEALTH SERVICES IN","908A W CHANDLER BLVD","",CHANDLER,AZ,85225-4903,01/01/2020,4808990200
1649473695,"IMPERIAL VALLEY MEDICAL CLINIC INC","200 S 5TH ST","","EL CENTRO",CA,92243-3013,01/01/2020,7604820864
1649601550,"JANUS OF SANTA CRUZ","284 PENNSYLVANIA AVE","STE 1",WATSONVILLE,CA,95076-3768,01/01/2020,8313194200
1649612219,"METRO TREATMENT OF MO LP","3935 SHERMAN AVE","ST JOSEPH METRO CTR","SAINT JOSEPH",MO,64506-3649,03/10/2023,4073517080
1649669979,"AEGIS TREATMENT CENTERS LLC","541 S HAM LN","STE A&B",LODI,CA,95242-3530,01/01/2020,2092248940
1649681099,"NKY MED, LLC","1717 MADISON AVE","",COVINGTON,KY,41011-3330,01/01/2020,2708878333
1649797507,"CROSSROADS TREATMENT CENTER OF LOUI","1700 CARGO CT","",LOUISVILLE,KY,40299-1938,01/01/2020,8008056989
1649856618,"HOLYOKE CAPITAL JV LLC","1233 MAIN ST","",HOLYOKE,MA,01040-5381,01/01/2022,4132640819
1649897802,"THE PATRICIA HALL TALBOTT LEGACY CE","1821 W BROADWAY AVE","",MARYVILLE,TN,37801-5511,09/30/2021,8657240852
1649982273,"FLORIDA TREATMENT SERVICES LLC","4041 ROWAN RD","","NEW PORT RICHEY",FL,34653-6121,09/23/2024,7272841980
1659097806,"PINNACLE TREATMENT CENTERS OH-XX, L","336 VIENNA AVE","",NILES,OH,44446-2628,09/10/2023,2345443322
1659389021,"THRIVE WELLNESS AND RECOVERY, INC.","611 W MAIN ST","",WATERTOWN,NY,13601-1337,01/01/2020,3157881530
1659419828,"ADDICTION RESEARCH AND TREATMENT IN","539 N VAN NESS AVE","",FRESNO,CA,93728-3419,01/01/2020,5592669581
1659420487,"PORT HEALTH SERVICES","1309 TATUM DR","","NEW BERN",NC,28560-4314,01/01/2020,2526728742
1659424448,"HAMPTON ROADS CLINIC","2712 WASHINGTON AVE","","NEWPORT NEWS",VA,23607-3920,01/01/2020,7572405223
1659436095,"AEGIS TREATMENT CENTERS LLC","1235 MCHENRY AVE","STE A&B",MODESTO,CA,95350-5370,01/01/2020,2095274597
1659558922,"MCLEOD ADDICTIVE DISEASE CENTER INC","636 SIGNAL HILL DRIVE EXT","",STATESVILLE,NC,28625-4774,01/04/2020,7048712992
1659722114,"COMMUNITY MEDICAL SERVICES MONTANA","2521 E. MOUNTAIN VILLAGE DRIVE","SUITES E AND F",WASILLA,AK,99654-8525,01/01/2020,9072903760
1659749414,REDISCOVER,"1000 E 24TH ST",TRANSITIONS,"KANSAS CITY",MO,64108-2776,01/01/2020,8169660900
1659749414,REDISCOVER,"5904 E BANNISTER RD","","KANSAS CITY",MO,64134-1141,01/01/2020,8168550900
1659769446,"BRIGHTVIEW LLC","1012 E PERKINS AVE","",SANDUSKY,OH,44870-9999,04/01/2020,8335104357
1659769446,"BRIGHTVIEW LLC","1090 HOSPITAL DR","",BATAVIA,OH,45103-9999,04/01/2020,8335104357
1659769446,"BRIGHTVIEW LLC","115 S WOOSTER AVE","",DOVER,OH,44622-9999,04/01/2020,8335104357
1659769446,"BRIGHTVIEW LLC","126 E 2ND ST","",CHILLICOTHE,OH,45601-9999,04/01/2020,8335104357
1659769446,"BRIGHTVIEW LLC","1405 11TH ST","",PORTSMOUTH,OH,45662-9999,04/01/2020,8335104357
1659769446,"BRIGHTVIEW LLC","1445 WEST MAIN ST","",NEWARK,OH,43055-9999,04/01/2020,8335104357
1659769446,"BRIGHTVIEW LLC","1505 N COLE ST","",LIMA,OH,45801-9999,04/01/2020,8335104357
1659769446,"BRIGHTVIEW LLC","1610 MADISON AVE","",COVINGTON,KY,41011-9999,03/17/2023,8335104357
1659769446,"BRIGHTVIEW LLC","1750 GRANVILLE PIKE","",LANCASTER,OH,43130-9999,04/01/2020,8335104357
1659769446,"BRIGHTVIEW LLC","1830 W HIGH ST","",PIQUA,OH,45356-9999,04/01/2020,8335104357
1659769446,"BRIGHTVIEW LLC","1924 E MARKET ST","",WARREN,OH,44483-9999,04/01/2020,8335104357
1659769446,"BRIGHTVIEW LLC","1951 STATE ROUTE 59","STE A",KENT,OH,44240-9999,04/01/2020,8335104357
1659769446,"BRIGHTVIEW LLC","201 N YELLOW SPRINGS ST","",SPRINGFIELD,OH,45504-9999,04/01/2020,8335104357
1659769446,"BRIGHTVIEW LLC","2202 MARTIN LUTHER KING JR BLVD","",PARIS,KY,40361-9999,03/17/2023,8335104357
1659769446,"BRIGHTVIEW LLC","2210 S RIDGE RD E","",ASHTABULA,OH,44004-9999,04/01/2020,8335104357
1659769446,"BRIGHTVIEW LLC","2572 MAPLE AVE","",ZANESVILLE,OH,43701-9999,04/01/2020,8335104357
1659769446,"BRIGHTVIEW LLC","2645 N LAUREL RD","STE A",LONDON,KY,40741-9999,03/17/2023,8335104357
1659769446,"BRIGHTVIEW LLC","30 MEDPARK SQ DR","STE 2 & 3",SOMERSET,KY,42503-9999,03/17/2023,8335104357
1659769446,"BRIGHTVIEW LLC","320 MORTON BLVD","",HAZARD,KY,41701-9999,03/17/2023,8335104357
1659769446,"BRIGHTVIEW LLC","324 PIKE ST","",MARIETTA,OH,45750-9999,04/01/2020,8335104357
1659769446,"BRIGHTVIEW LLC","3545 LINCOLN WAY E","",MASSILLON,OH,44646-8624,04/01/2020,8335104357
1659769446,"BRIGHTVIEW LLC","3768 E MAIN ST","",WHITEHALL,OH,43213-9999,04/01/2020,8335104357
1659769446,"BRIGHTVIEW LLC","38886 MENTOR AVENUE","",WILLOUGHBY,OH,44094-9999,04/01/2020,8335104357
1659769446,"BRIGHTVIEW LLC","3911 N MAYO TRL","",PIKEVILLE,KY,41501-9999,03/17/2023,8335104357
1659769446,"BRIGHTVIEW LLC","4135 DIXIE HWY","",ELSMERE,KY,41018-9999,03/17/2023,8335104357
1659769446,"BRIGHTVIEW LLC","421 HOME ST","",GEORGETOWN,OH,45121-9999,04/01/2020,8335104357
1659769446,"BRIGHTVIEW LLC","4421 ROOSEVELT BLVD","STE H, I & J",MIDDLETOWN,OH,45044-9999,04/01/2020,8335104357
1659769446,"BRIGHTVIEW LLC","485 W MAIN ST","",WILMINGTON,OH,45177-9999,04/01/2020,8335104357
1659769446,"BRIGHTVIEW LLC","500 N GREEN STREET","",HENDERSON,KY,42420-9999,03/17/2023,8335104357
1659769446,"BRIGHTVIEW LLC","506 N MAIN ST","",NICHOLASVILLE,KY,40356-9999,03/17/2023,8335104357
1659769446,"BRIGHTVIEW LLC","5108 SANDY LN","",FAIRFIELD,OH,45014-9999,04/01/2020,8335104357
1659769446,"BRIGHTVIEW LLC","540 GRISWOLD RD","",ELYRIA,OH,44035-9999,04/01/2020,8335104357
1659769446,"BRIGHTVIEW LLC","560 N MAIN ST","",MARION,OH,43302-9999,04/01/2020,8335104357
1659769446,"BRIGHTVIEW LLC","575 W MAIN ST","",LEXINGTON,KY,40507-9999,03/17/2023,8335104357
1659769446,"BRIGHTVIEW LLC","580 PARK AVE W","",MANSFIELD,OH,44906-9999,04/01/2020,8335104357
1659769446,"BRIGHTVIEW LLC","5850 RIDGE RD","",PARMA,OH,44129-9999,04/01/2020,8335104357
1659769446,"BRIGHTVIEW LLC","621 HAPPY VALLEY RD","",GLASGOW,KY,42141-9999,03/17/2023,8335104357
1659769446,"BRIGHTVIEW LLC","6527 COLERAIN AVE","",CINCINNATI,OH,45239-9999,04/01/2020,8335104357
1659769446,"BRIGHTVIEW LLC","8120 GARNET DR","",DAYTON,OH,45458-9999,04/01/2020,8335104357
1659769446,"BRIGHTVIEW LLC","830 W BROADWAY","",CAMPBELLSVILLE,KY,42718-9999,03/17/2023,8335104357
1659769446,"BRIGHTVIEW LLC","9 E ARCH ST","",MADISONVILLE,KY,42431-9999,03/17/2023,8335104357
1659769446,"BRIGHTVIEW LLC","930 TRAILWOOD DR","",BOARDMAN,OH,44512-9999,04/01/2020,8335104357
1659769446,"BRIGHTVIEW LLC","9702 STONESTREET RD","STE 120",LOUISVILLE,KY,40272-9999,03/17/2023,8335104357
1659769446,"BRIGHTVIEW LLC","974 N 21ST ST","",NEWARK,OH,43055-9999,04/01/2020,8335104357
1659769446,"BRIGHTVIEW LLC","999 N MAIN ST","",AKRON,OH,44310-9999,04/01/2020,8335104357
1659769446,"BRIGHTVIEW, LLC","1655 HOLLAND RD","STE F",MAUMEE,OH,43537-9999,04/01/2020,8335104357
1659769446,"BRIGHTVIEW, LLC","446 MORGAN ST","",CINCINNATI,OH,45206-9999,04/01/2020,8335104357
1659769446,"BRIGHTVIEW, LLC","4483 US NORTH 42","",MASON,OH,45040-9999,04/01/2020,8335104357
1659769446,"BRIGHVIEW LLC","4660 ROBERTS RD","",COLUMBUS,OH,43228-9999,04/01/2020,8335104357
1659879187,"LIMESTONE HEALTH LLC","4705 MEIJER CT","",LAFAYETTE,IN,47905-4684,08/04/2026,7657016060
1669005625,"THE GENESIS CENTER OF WINDER","206 E BROAD ST","",WINDER,GA,30680-2202,01/21/2026,6789001579
1669005625,"THE GENESIS CENTER OF WINDER LLC","206 E BROAD ST","",WINDER,GA,30680-2202,11/13/2024,6789001579
1669017653,"BEHAVIORAL HEALTH NETWORK INC","119 NEW ATHOL RD","STE 210",ORANGE,MA,01364-9603,01/01/2020,9782493403
1669017653,"BEHAVIORAL HEALTH NETWORK INC","21 KENWOOD ST","",GREENFIELD,MA,01301-1973,01/01/2020,4132235072
1669017653,"BEHAVIORAL HEALTH NETWORK INC","235 MAPLE ST","",HOLYOKE,MA,01040-5117,01/01/2020,4135320389
1669017653,"BEHAVIORAL HEALTH NETWORK INC","395 LIBERTY ST","STE C",SPRINGFIELD,MA,01104-3779,01/01/2020,4132721333
1669020160,"VCPHCS XII LLC","4157 CENTENNIAL BLVD","BHG COLORADO SPRINGS TREATMENT CENT","COLORADO SPRINGS",CO,80907-3767,11/21/2025,7195989750
1669047494,"CONNECTICUT COUNSELING CENTERS INC","285 KENSINGTON AVE","",MERIDEN,CT,06451-2017,01/01/2020,2036080205
1669049532,"ASCENT RECOVERY SOLUTIONS","634 FAIRVIEW RD","BUILDING I",SIMPSONVILLE,SC,29680-6707,04/02/2022,9107702222
1669088795,"PORT CITY MEDICAL ASSOCIATES INC","931 S WEST ST","",BAINBRIDGE,GA,39819-4543,12/23/2024,2292484220
1669126090,"STRONG RECOVERY","2613 W HENRIETTA RD","STE C",ROCHESTER,NY,14623-2327,12/08/2020,5852794900
1669258133,"HOPE AND HEALING CLINIC LLC","9474 LATHROP INDUSTRIAL DR SW","",TUMWATER,WA,98512-1109,01/28/2025,3605833340
1669514527,"WESTERN PACIFIC MED-CORP","7232 CANBY AVE","STE 4,5,6",RESEDA,CA,91335-3006,01/01/2020,8187055561
1669534491,"MEDMARK TREATMENT CENTERS FAIRFIELD","1143 MISSOURI ST","",FAIRFIELD,CA,94533-6007,01/01/2020,7074359911
1669572335,"NEPTUNE CLINICAL GROUP INC","822 CHICKAMAUGA AVE","",ROSSVILLE,GA,30741-1407,04/22/2021,7068616458
1669832382,"COMPREHENSIVE BEHAVIORAL HEALTH CEN","2217 CHAMPA ST","",DENVER,CO,80205-2531,01/20/2026,7203989666
1669874418,"THE BRIGHTON CENTER INC","2512 HARTE DR","",BRIGHTON,MI,48114-7002,10/29/2025,8102299220
1669905857,"DAVIESS TREATMENT SERVICES, LLC","3032 HIGHWAY 144","",OWENSBORO,KY,42303-0288,01/01/2020,2706855029
1669987475,"PARKERSBURG TREATMENT CENTER LLC","184 HOLIDAY HILLS DR","",PARKERSBURG,WV,26104-8006,01/01/2020,3044202400
1679062434,"ADDICTION RESEARCH AND TREATMENT IN","11900 AVALON BLVD","STE 200&201","LOS ANGELES",CA,90061-2866,01/01/2020,3232420500
1679064703,"PINNACLE TREATMENT CENTERS OH-III,","87 CONSERVATORY DR","",BARBERTON,OH,44203-4291,01/01/2020,2343340303
1679172407,"CHRISTIANSBURG COMPREHENSIVE TREATM","2100 ROANOKE ST","STE 1",CHRISTIANSBURG,VA,24073-2512,01/01/2020,5403223040
1679556559,"INSTITUTES FOR BEHAVIOR RESOURCES","2104 MARYLAND AVE","",BALTIMORE,MD,21218-5612,01/01/2020,4107526080x112
1679635361,"AEGIS TREATMENT CENTERS LLC","614 W MANCHESTER BLVD","STE 104",INGLEWOOD,CA,90301-1683,01/01/2020,3104120879
1679797575,"KINGS VIEW","793 N CHERRY ST","",TULARE,CA,93274-2205,09/09/2023,5596887531
1679799217,"CODAC, INC.","3045 TOWER HILL RD","UNIT 3",SAUNDERSTOWN,RI,02874-1500,03/01/2020,4017890934
1679807150,"HAMPDEN HEALTH SOLUTIONS AT THE RAI","3612 FALLS RD","",BALTIMORE,MD,21211-1869,11/12/2025,4104674357
1679846919,"DREXEL COUNSELING SERVICES INC","936 E 93RD ST","",CHICAGO,IL,60619-7814,10/23/2025,7733365903
1679883037,"ST. JOSEPH'S HOSPITAL YONKERS","175-20 HILLSIDE AVENUE","",JAMAICA,NY,11432-5773,07/09/2021,7185587230
1679883037,"ST. JOSEPH'S HOSPITAL YONKERS","211-221 POWELL ST","",BROOKLYN,NY,11212,07/09/2021,7184856000
1679883037,"ST. JOSEPH'S HOSPITAL YONKERS","480 ALABAMA AVE","",BROOKLYN,NY,11207-5706,07/09/2021,7184853400
1679921241,"ADDICTION RESEARCH AND TREATMENT IN","89 E MILL AVE","",PORTERVILLE,CA,93257-3808,01/01/2020,5598536222
1679923668,"INTENTIONAL LONGEVITY INC","370 N LOUISIANA AVE","# D3-D4",ASHEVILLE,NC,28806-3600,12/23/2021,8284123688x828505
1679971097,"PHOENIX HEALTH CENTER, LLC","217 E ANTIETAM ST","",HAGERSTOWN,MD,21740-5724,02/24/2021,2404200000
1689033375,"BNJ HEALTH SVCS LLC WASHINGTON BLVD","2701 WASHINGTON BLVD","",BALTIMORE,MD,21230-1410,05/07/2021,4106247894
1689072688,"BHG XXXVII LLC","414 HOSPITAL DR","",CLYDE,NC,28721-8026,01/01/2020,8284560560
"1689189490 1710389655","WILLIAMSON TREATMENT CENTER, LLC","1609 W 3RD AVE","",WILLIAMSON,WV,25661-3006,01/01/2020,3042350026
1689190118,"METRO TREATMENT OF KENTUCKY, LP","2001 MADISON AVE","",COVINGTON,KY,41014-1209,01/01/2020,8594444499
1689194151,"MEDICATION ASSISTED RECOVERY SERVIC","1101 ARROW POINT DR","STE 214","CEDAR PARK",TX,78613-7739,01/01/2020,5129867743
1689196578,"SERENITY TREATMENT AND COUNSELING C","19408 N CREEK DR","",LYNWOOD,IL,60411-9608,01/01/2020,7082518952
1689247322,"COVE BEHAVIORAL HEALTH INC","348 W HIGHLAND DR","",LAKELAND,FL,33813-1543,04/18/2024,8636087778
1689295719,"DMC MEMPHIS, LLC","3000 GETWELL RD","",MEMPHIS,TN,38118-2205,01/04/2022,9014226000
1689297681,"ARS OF EPHRATA LLC","11 S STATE ST","",EPHRATA,PA,17522-2410,08/20/2021,7177406910
1689318586,"METRO TREATMENT OF FLORIDA LP","2102 14TH ST W","NEW SEASON TREATMENT CENTER 25",BRADENTON,FL,34205-6351,01/01/2020,9418672660
1689319378,"METRO TREATMENT OF FLORIDA LP","4195 MARINER BLVD","NEW SEASON TREATMENT CENTER 23","SPRING HILL",FL,34609-2470,01/01/2020,3523400530
1689338519,"NORTHEASTERN HEALTH SYSTEM","1323 W KEETOOWAH ST","",TAHLEQUAH,OK,74464-3462,08/14/2023,9189313890
1689393183,"HEALTHQWEST, LLC","1233 EAGLES LANDING PKWY","STE CDE",STOCKBRIDGE,GA,30281-6399,01/01/2020,7704744009
1689625154,"STARTCARE, INC.","937 FULTON ST","",BROOKLYN,NY,11238-2347,01/01/2020,7187891212
1689627598,"PORTER-STARKE SERVICES INC","1230 W STATE ROAD 2","STE B","LA PORTE",IN,46350-5549,01/01/2020,2195313500
1689627598,"PORTER-STARKE SERVICES, INC","2507 CUMBERLAND DR","",VALPARAISO,IN,46383-2503,01/01/2020,2194764676
1689669079,"CORNERSTONE FAMILY HEALTHCARE","3 COMMERCIAL PL","",NEWBURGH,NY,12550-5306,01/01/2020,8452202146
1689677783,"MARYLAND GENERAL HOSPITAL INC","827 LINDEN AVE","STE B",BALTIMORE,MD,21201-4606,02/01/2024,4102258240
1689693343,"STANLEY STREET TREATMENT AND RESOUR","1010 S MAIN ST","STE 101","FALL RIVER",MA,02724-2855,01/01/2020,5082355010
1689796286,"PYRAMID HEALTHCARE, INC.","2 SELLERS DRIVE","",ALTOONA,PA,16601-9306,08/13/2021,8142040059
1689890758,"LIFELINE TREATMENT SERVICES INC","10429 INTERNATIONAL BLVD","",OAKLAND,CA,94603-3221,01/21/2020,5107778448
"1689937260 1851803225","GLASS HEALTH PROGRAMS, INC","1361 BRASS MILL RD","STE A",BELCAMP,MD,21017-1213,08/17/2022,4102739700
1699007021,"SOUTHWEST CAROLINA TREATMENT CENTER","131 BROADBENT WAY","",ANDERSON,SC,29625-1521,01/01/2020,8642229798
1699086371,"EL DORADO TEXAS COMMUNITY SERVICE C","954 E MADISON ST","",BROWNSVILLE,TX,78520-5950,01/01/2020,9565509970
1699218669,"CROSSROADS TREATMENT CENTER OF PETE","10543 S CRATER RD","",PETERSBURG,VA,23805-7333,01/01/2020,8008056989
1699356683,"QUIL CEDA CREEK COUNSELING COMPANY","6330 31ST AVE NE","STE 101",TULALIP,WA,98271-7423,06/17/2023,3607162200
1699898635,"ST. LAWRENCE COUNTY","80 STATE HIGHWAY 310","STE 1",CANTON,NY,13617-1436,07/18/2022,3152293871
1699916700,"A HELPING HAND","6401 DOGWOOD RD","",WOODLAWN,MD,21207-5176,05/26/2020,4106530021x5176
1700093853,"METRO TREATMENT OF ALABAMA LP","6001 E SHIRLEY LN","",MONTGOMERY,AL,36117-1935,01/01/2020,3342441618
1700192077,"MISSION TREATMENT CENTERS INC","617 N SCOTTSDALE RD","STE D",SCOTTSDALE,AZ,85257-4207,01/01/2020,4809903720
"1700270113 1700270113","LARKIN COMMUNITY HOSPITAL BEHAVIORA","1201 N 37TH AVE","",HOLLYWOOD,FL,33021-5414,09/22/2022,7547775600
1700310455,"CENTER FOR BEHAVIORAL HEALTH KENTUC","1018 IVAL JAMES BLVD","STE C",RICHMOND,KY,40475-8281,01/01/2020,8595751323
1700382066,"SOAR CORP","655 LOUIS DR","",WARMINSTER,PA,18974-2825,07/08/2022,2154644450
1700390101,"COVERT ACTION LLC","1223 CENTER ST","STE 22","DES MOINES",IA,50309-1016,01/01/2020,5152186125
1700407277,"STATE OF THE HEART RECOVERY","203 CALIFORNIA ST NE","",ALBUQUERQUE,NM,87108-1802,03/26/2021,5052060288
1700460110,"BHG LVII LLC","86 BEACH ST","",WESTERLY,RI,02891-2718,08/01/2020,4015960969
1700480050,"SIUH OPIOID TREATMENT PROGRAM","111 WATER ST","","STATEN ISLAND",NY,10304-2709,01/23/2021,7182264990
1700480050,"SIUH OPIOID TREATMENT PROGRAM","392 SEGUINE AVE","","STATEN ISLAND",NY,10309-3906,01/23/2021,7182263815
1700636347,"ST. MARY'S HEALTHCARE","4988 STATE HIGHWAY 30","FL 4",AMSTERDAM,NY,12010-7520,01/01/2020,5188434410
1700656931,"REVIVE TREATMENT CENTER - LZ","365 SURRYSE RD","STE 120","LAKE ZURICH",IL,60047-2679,08/11/2025,8473201133
1700882156,"ELDORADO COMMUNITY SERVICE CENTER","4450 W CENTURY BLVD","",INGLEWOOD,CA,90304-1504,02/12/2020,3106710555
1700918992,"GROUNDSWELL LLC","28314 CALVERT RD","",TOMBALL,TX,77377-6167,05/01/2020,2813518585
1700918992,"GROUNDSWELL LLC","4300 SOUTH PADRE ISLAND DRIVE","SUITE 3-3","CORPUS CHRISTI",TX,78411-4433,05/01/2020,3618148107
1700989829,"SAN DIEGO HEALTH ALLIANCE","7545 METROPOLITAN DR","","SAN DIEGO",CA,92108-4402,01/01/2020,6197189890
1700996790,"ADVANCED TREATMENT SYSTEMS LLC","243 SCHNEIDER DR","LEBANON TRMT CTR",LEBANON,PA,17046-4875,01/01/2020,7172738000
1710030325,"AEGIS TREATMENT CENTERS LLC","1947 N CALIFORNIA ST","STE B&C",STOCKTON,CA,95204-6029,01/01/2020,2094630870
1710087176,"ESPER TREATMENT CENTER INC","25 W 18TH ST","",ERIE,PA,16501-2101,12/24/2025,8144590817
"1710453352 1982170528","BAYMARK HEALTH SERVICES OF UTAH, IN","164 E 5900 S","STE 101",MURRAY,UT,84107-7256,01/01/2020,8012615790
"1710453352 1982170528","BAYMARK HEALTH SERVICES OF UTAH, IN","2557 LINCOLN AVE","",OGDEN,UT,84401-1307,01/01/2020,8016225272
1710512199,"METRO TREATMENT OF NEW MEXICO LP","9421 COORS BLVD NW STE J&K","NORTH ALBUQUERQUE TREATMENT CTR",ALBUQUERQUE,NM,87114-5025,01/01/2020,5054452400
1710518378,"NAGS HEAD TREATMENT CENTER","2224 S CROATAN HWY","# A","NAGS HEAD",NC,27959-8813,12/28/2022,2527156556
1710525183,"CHILTON COUNTY TREATMENT CENTER","2100 HOLIDAY INN DR","",CLANTON,AL,35046-6200,01/01/2020,2057554300
1710668181,BRIGHTVIEW,"341 N FAYETTEVILLE ST","",ASHEBORO,NC,27203-5501,08/27/2024,8335104357
1710668181,"BRIGHTVIEW GREENSBORO","4813 W MARKET ST","",GREENSBORO,NC,27407-1403,08/27/2024,8335104357
1710668181,"BRIGHTVIEW REIDSVILLE","696 S SCALES ST","",REIDSVILLE,NC,27320-5024,08/27/2024,8335104357
1710668181,"BRIGHTVIEW SALISBURY","1930 JAKE ALEXANDER BLVD W","STE 1000",SALISBURY,NC,28147-1269,08/27/2024,8335104357
1710985635,"DISCOVERY HOUSE CU LLC","214 AIRPORT RD","DISCOVERY HOUSE CLEARFIELD (DHCU)",CLEARFIELD,PA,16830-6126,01/01/2020,8147687575
1710986583,"DISCOVERY HOUSE WC INC","12 BEECH ST","UNIT 2",CALAIS,ME,04619-1203,01/01/2020,2074541300
1720204696,"HUMANISTIC ALTERNATIVES TO ADDICTIO","10850 MACARTHUR BLVD","STE 200",OAKLAND,CA,94605-5266,01/01/2020,5108752300
1720290091,"COUNTY OF LAKE","3004 GRAND AVE","",WAUKEGAN,IL,60085-2321,06/25/2023,8473778120
1720294366,"METRO TREATMENT OF FLORIDA, LP","2420 S HWY 29","PENSACOLA METRO TREATMENT CENTER",CANTONMENT,FL,32533-5808,01/01/2020,8509683565
1720302144,"CENTER OF HOPE OF MYRTLE BEACH, LLC","104 GEORGE BISHOP PKWY","","MYRTLE BEACH",SC,29579-7335,01/01/2020,8008056989
1720334311,"AMERICAN HABITARE AND COUNSELING IN","687 FRELINGHUYSEN AVE","",NEWARK,NJ,07114-1349,03/26/2020,9737990508x211
1720516099,"GREAT HEIGHTS OTP","1473 RING RD","","CALUMET CITY",IL,60409-5459,01/01/2020,7088628156
1720545742,"EVEXIA HEALTH SERVICES, LLC.","109 E 11TH ST","STE 1",CORONA,CA,92879-2157,11/01/2020,9514273482
1720594393,"PINNACLE TREATMENT CENTERS OH-II, L","606 CENTRAL CTR","",CHILLICOTHE,OH,45601-2248,01/01/2020,7407713553
1720594450,"PINNACLE TREATMENT CENTERS OH-VIII,","3622 BELMONT AVE","STE 21",YOUNGSTOWN,OH,44505-1444,01/01/2020,2347191885
1720629249,"PISGAH RECOVERY SERVICES","1637 S MAIN ST","",WAYNESVILLE,NC,28786-6821,03/29/2021,8282469828
1720650823,"EVEREST RECOVERY CENTERS - MAINE","127 MAIN ST","","SOUTH PORTLAND",ME,04106-2647,01/10/2023,2076306830
1720650823,"EVEREST RECOVERY CENTERS - MAINE","16 ASSOCIATION DRIVE","",MANCHESTER,ME,04351,01/10/2023,2072925512
1720650823,"EVEREST RECOVERY CENTERS - MAINE","2 LEHNER RD","",SACO,ME,04072-1836,01/10/2023,2073000010
1720701949,"PREMIER CARE OF WISCONSIN, LLC.","4802 E BROADWAY","",MADISON,WI,53716-4141,01/01/2020,6088897500
1720892920,"STARTCARE, INC.","880 MORRIS AVE","",BRONX,NY,10451-3412,01/01/2020,9293881740
1730134586,"BEXAR COUNTY BOARD OF TRUSTEES FOR","601 N FRIO ST","BLDG 2","SAN ANTONIO",TX,78207-3011,01/01/2020,2102613001
1730207119,"GREENWICH HOUSE INC","190 MERCER ST","FL 4","NEW YORK",NY,10012-1502,01/01/2020,2126773400x221
1730226465,"ADDICTION RESEARCH AND TREATMENT IN","3707 SUNSET LN","STE A&B",ANTIOCH,CA,94509-6101,01/01/2020,9255220124
1730250259,"THERAPEUTIC HEALTH SERVICES","1412 140TH PL NE","",BELLEVUE,WA,98007-3915,03/27/2023,4257477892
1730269622,"IMPERIAL VALLEY MEDICAL CLINIC INC","535 CESAR CHAVEZ BLVD","",CALEXICO,CA,92231-2103,01/01/2020,7603576566
1730340316,"VCPHCS VI, LLC","115 W MCNEESE ST","STE 115","LAKE CHARLES",LA,70605-5635,07/22/2025,3374338281
1730482621,"HEALTHQWEST, LLC","2109 FAIRBURN RD","UNIT 4",DOUGLASVILLE,GA,30135-1037,01/01/2020,7707267958
1730525783,"VCPHCS IX, LLC","342 22ND AVENUE NORTH","",NASHVILLE,TN,37203-1844,01/01/2020,6153212575
1730562026,"ALTERNATIVE OPIATE TREATMENT PROGRA","1401 E RUSK ST","",JACKSONVILLE,TX,75766-3400,01/01/2020,9032846802
1730577990,"ATS OF CECIL COUNTY LLC","14701 NATIONAL HWY SUITE 5,6,1B","CUMBERLAND TREATMENT CENTER",LAVALE,MD,21502-6574,01/01/2020,3016870940
1730870163,"PREMIER CARE OF OHIO LLC","6300 BROOKPARK RD","",CLEVELAND,OH,44129-1219,01/01/2020,4406726955
1740086263,"BAART BEHAVIORAL HEALTH SERVICESINC","120 DEPOT ST","STE 4",BENNINGTON,VT,05201-3304,10/25/2014,8022103766
1740346303,"AEGIS TREATMENT CENTERS LLC","1825 E THELBORN ST","","WEST COVINA",CA,91791-1442,01/01/2020,6269153844
1740346386,"AEGIS TREATMENT CENTERS LLC","11776 MARIPOSA RD","STE 101, 102, 103, 104",HESPERIA,CA,92345-1622,01/01/2020,7609562462
1740426808,"COLORADO TREATMENT SERVICES LLC","5360 N ACADEMY BLVD","STE 290","COLORADO SPRINGS",CO,80918-4038,09/22/2025,7194342061
1740444116,"NEW DAY TREATMENT CENTER LLC","2563 MARTIN LUTHER KING JR DR SW","",ATLANTA,GA,30311-1715,07/02/2024,4046997774
1740457514,"PYRAMID HEALTHCARE INC.","104 DAVIES DR","",YORK,PA,17402-8605,08/13/2021,7178402300
1740573161,"MERRIMACK RIVER MEDICAL SERVICES, I","18 MOLLISON WAY","",LEWISTON,ME,04240-5811,01/01/2020,6035953399
1740622307,"METRO TREATMENT OF FLORIDA, LP","2770 DAVIS BLVD, STE 90","NAPLES METRO TREATMENT CENTER",NAPLES,FL,34104-4371,01/01/2020,2392800487
1740651330,"AMS OF WISCONSIN LLC","505 S WASHBURN ST","",OSHKOSH,WI,54904-7949,10/10/2020,9202322332
1740748193,"PINNACLE TREATMENT CENTERS NJ-III L","3444 QUAKERBRIDGE RD","BLDG 1A , SUITE 100",HAMILTON,NJ,08619-1204,01/01/2020,6098389067
1740755354,"WCHS, INC","516 E 1ST ST","",ABERDEEN,WA,98520-4106,01/01/2020,3603504010
1740815380,"BAYMARK HEALTH SERVICES OF OHIO","2500 STATE ROUTE 59","STE 28&30",KENT,OH,44240-7105,10/01/2020,3305524000
1740847557,"BAYMARK HEALTH SERVICES OF OHIO","1521 WALMART DR","STE 901",LEBANON,OH,45036-8359,10/01/2020,5133317034
1740889575,"MIDDLE TENNESSEE TREATMENT CENTERS","589 STEWARTS FERRY PIKE","",NASHVILLE,TN,37214-3414,02/15/2022,6292550516
1740944826,"FOCUS RECOVERY CENTER","801 TOLL HOUSE AVE.","ST B1 & B2",FREDERICK,MD,21701,06/16/2022,3012289641
1740969989,"GRASONVILLE HEALTH SERVICES, INC.","101 DRUMMER DR","",GRASONVILLE,MD,21638-1202,10/26/2025,4104137880
1750349742,"CFSATC INC","1800 W COLONIAL DR","CENTRAL FLORIDA TREATMENT CENTER",ORLANDO,FL,32804-7012,01/01/2020,4078723000
1750363305,"SACRED HEART REHAB CTR INC","400 STODDARD RD","",RICHMOND,MI,48062-2505,01/01/2020,8103922167x1319
1750376133,"JSAS HEALTHCARE, INC.","685 NEPTUNE BLVD","STE 101",NEPTUNE,NJ,07753-4118,01/05/2021,7329888877x1114
1750423620,"WESTERN PACIFIC MED-CORP","218 E COMMONWEALTH AVE","",FULLERTON,CA,92832-1911,01/01/2020,7149924770
1750501599,"MISSION TREATMENT SERVICES INC","8898 CLAIREMONT MESA BLVD","STE H","SAN DIEGO",CA,92123-1127,01/01/2020,8587151211
1750645990,"THE LENNARD CLINIC, INC.","850 WOODRUFF LN","",ELIZABETH,NJ,07201-2022,12/22/2025,9735962850x264
1750821229,"JACKSONVILLE TREATMENT CENTER","291 HUFF DR","",JACKSONVILLE,NC,28546-7370,01/01/2020,9103472205
1750823043,"CROSSROADS TREATMENT CENTER OF WINC","500 PEGASUS COURT BUSINESS CENTER","",WINCHESTER,VA,22602,01/01/2020,8008056989
1750854212,"FAMILY GUIDANCE CENTERS INC","2630 S WABASH AVE","",CHICAGO,IL,60616-2825,04/01/2020,3128083218
1750865804,"C O R E MEDICAL CLINIC INC","3990 INDUSTRIAL BLVD","","WEST SACRAMENTO",CA,95691-3430,01/01/2020,9167960020x412
1750865804,"C O R E. MEDCAI CLINIC, INC.","3990 INDUSTRIAL BLVD","","WEST SACRAMENTO",CA,95691-3430,11/21/2023,9167960020
1750872966,"PINNACLE TREATMENT CENTERS VA-I, LL","4906 RADFORD AVE","",RICHMOND,VA,23230-3512,01/01/2020,8043541996
1750912184,"CODA INC","2367 S ROOSEVELT DR","",SEASIDE,OR,97138-6550,01/01/2020,9713203130
1760043525,"COMMUNITY MEDICAL SERVICES ARIZONA-","201 S 1ST AVE","",YUMA,AZ,85364-2205,01/01/2020,9282913565
1760060933,"CENTER FOR BEHAVIORAL HEALTH IDAHO","2426 N MERRITT CREEK LOOP","STE B","COEUR D ALENE",ID,83814-4961,01/01/2020,2082965385
1760256069,"EVEXIA HEALTH SERVICES, LLC.","24941 DRACAEA AVE","","MORENO VALLEY",CA,92553-3777,01/01/2020,9515796353
1760544456,"AEGIS TREATMENT CENTERS LLC","11041 VALLEY BLVD","","EL MONTE",CA,91731-2516,01/01/2020,6264424177
1760657076,"BPH, INC.","4109 RITCHIE HWY","STARTING POINT",BROOKLYN,MD,21225-2703,10/13/2020,4106090040
1760697569,"METRO TREATMENT OF FLORIDA, LP","1823 BUSINESS PARK BLVD","DAYTONA METHADONE TREATMENT CENTER","DAYTONA BEACH",FL,32114-1230,01/01/2020,3862541931
1760738645,"CENTER FOR BEHAVIORAL HEALTH IDAHO","92 S COLE RD","",BOISE,ID,83709-0930,01/01/2020,2083765021
1760922207,"AEGIS TREATMENT CENTERS LLC","1147 HARTNELL AVE","STE 1129,1133,1135,1141,1145, 1137, STE B-E",REDDING,CA,96002-2113,01/01/2020,5302227213
"1760922249 1760922249 1760922249","SANDRA ESKENAZI MENTAL HEALTH CENTE","3419 ENGLISH AVE","",INDIANAPOLIS,IN,46201-4328,01/01/2020,3178808491
1770038986,"DUNDALK HEALTH SERVICES, INC.","6706 HOLABIRD AVE","",BALTIMORE,MD,21222-1047,01/06/2026,4106502413
1770124380,"CLARKSVILLE TREATMENT CENTER, LLC","495 DUNLOP LN","STE 106",CLARKSVILLE,TN,37040-5296,12/22/2020,9313476385
1770147571,"COMMUNITY MEDICAL SERVICES ARIZONA-","274 W VIEW POINT DR","",NOGALES,AZ,85621-4114,01/01/2020,5209248900
1770284051,"DENVER RECOVERY GROUP LLC","1429 GRAND AVE","# 102B","GLENWOOD SPRINGS",CO,81601-3847,01/01/2020,7206160049
1770285504,"HEALTHQWEST FRONTIERS CANTON","230 RIVERSTONE PKWY","STE C",CANTON,GA,30114-6414,01/01/2020,4708636370
1770335382,"EASTER SEALS UCP NORTH CAROLINA & V","2602 COURTIER DR","",GREENVILLE,NC,27834-7818,07/01/2024,2527520483
1770513236,"MOAB REGIONAL RECOVERY CENTER","382 W CARE CAMPUS DR","",MOAB,UT,84532-2331,12/27/2023,4357193970
1770624074,"COMPREHENSIVE HEALTH AND ATTITUDE","270 WAIEHU BEACH RD","STE 115",WAILUKU,HI,96793-1472,01/01/2020,8082498784
1770651317,"BEHAVIORAL AWARENESS CENTER INC","2002 W ANKLAM RD","",TUCSON,AZ,85745-2148,01/01/2020,5206299126
1770740888,"SELLATI & CO INC","8427 DORSEY CIR","STE 101",MANASSAS,VA,20110-4596,03/11/2025,7033307517
1770781106,"MEDMARK TREATMENT CENTERS OF TEXAS","5201 MCCART AVE","STE G","FORT WORTH",TX,76115-3700,05/20/2026,8177617692
1770796575,"IRON RECOVERY AND WELLNESS CENTER,","132 PERRY ST","",TRENTON,NJ,08618-3968,04/02/2026,6093948988x7180
1770799306,"METRO TREATMENT OF MAINE, LP","659 HOGAN RD","",BANGOR,ME,04401-3626,01/01/2020,2079730400
1770922650,"WESTERN PACIFIC RE-HAB","4544 SAN FERNANDO RD","STE 201",GLENDALE,CA,91204-5015,01/01/2020,8182408843
1770951204,"AVENUE A CLINIC","26 AVE. A","","NEW YORK",NY,10009-7601,07/29/2020,2127743210
1770951204,"GOUVERNOR CLINIC","109-11 DELANCEY ST","","NEW YORK",NY,10002-3275,07/29/2020,2127743210
1770951204,"HARLEM 1","103 EAST 125TH STREET, 8TH","","NEW YORK",NY,10035-0776,07/29/2020,2127743210
1770951204,"HARLEM 2","103 EAST 125TH STREET, 4TH FLOOR","","NEW YORK",NY,10003,07/29/2020,7182376900
1770951204,"HARLEM 6/7","103 E 125TH ST FRNT 2","HARLEM OPD 6/7","NEW YORK",NY,10035-1641,07/29/2020,2127743210
1770951204,"HARLEM 8","140 W 125TH ST, 6TH FLOOR","","NEW YORK",NY,10027-4403,07/29/2020,2127743210
1770951204,"VINCENT P DOLE CLINIC","25-12TH ST., 2ND FLOOR","",BROOKLYN,NY,11215-8019,07/29/2020,7182376900
"1770951204 1770951204","HARLEM 1","103 EAST 125TH STREET, 8TH","","NEW YORK",NY,10035-0776,07/29/2020,2127743210
1770951527,"CRC HEALTH TREATMENT CLINICS LLC","6639 SOUTHPOINT PKWY, STE 108","NORTH FLORIDA TREATMENT CENTER",JACKSONVILLE,FL,32216-8042,01/01/2020,9044387640
1780011403,"WEST TEXAS COUNSELING AND REHABILIT","2848 W KINGSLEY RD STE B","WTCR GARLAND, INC.",GARLAND,TX,75041-2458,01/01/2020,9728401431
1780036210,"TRI-STATE TREATMENT","1236 HIGHWAY 299","",WILDWOOD,GA,30757-4003,01/04/2020,4234280045
1780158261,"PREMIER CARE OF WISCONSIN, LLC.","2814 S 108TH ST","","WEST ALLIS",WI,53227-3224,01/01/2020,4148853525
1780165480,"COMMUNITY MEDICAL SERVICES ARIZONA-","6802 E BROADWAY BLVD","",TUCSON,AZ,85710-2809,01/01/2020,5203141400
1780186130,"ALLIANCE WELLNESS CLINIC","8040 OLD CEDAR AVE S","STE 100",BLOOMINGTON,MN,55425-1208,06/30/2026,9526930080
1780198085,"ALT RECOVERY GROUP 2 LLC","20946 DEVONSHIRE ST","STE 100",CHATSWORTH,CA,91311-8270,01/01/2020,8186268053
1780228320,"VALDOSTA ADDICTION ASSOCIATES, INC","2301 UNIVERSITY DR","STE C",VALDOSTA,GA,31602-2696,04/16/2025,2292420953
1780266718,"SACRED HEART REHAB CTR INC","248 FERRY LN","","SAINT IGNACE",MI,49781-1828,01/01/2020,9069842080
1780312348,"PINNACLE TREATMENT CENTERS NJ-III L","801 NEW YORK AVE","",TRENTON,NJ,08638-3913,01/01/2020,6093938000
1780329359,"CFSATC INC","1825 JESS PARRISH CT","CENTER FLORIDA SUBSTANCE ABUSE TREATMENT CENTERS",TITUSVILLE,FL,32796-2104,01/01/2020,3215674460
1780354522,"SEYMOUR TREATMENT CENTER LLC","357 TANGER BLVD","STE 215",SEYMOUR,IN,47274-3597,08/20/2023,8125589016
1780377747,"CARNEGIE HILL OF NEW YORK","116 E 92ND ST","","NEW YORK",NY,10128-1620,07/03/2023,2122897166
1780722033,"ADDICTION RESEARCH AND TREATMENT IN","1111 MARKET ST","FL 1","SAN FRANCISCO",CA,94103-1509,01/01/2020,4158633883
1780726653,"WESTERN PACIFIC MED-CORP","11902 ROSECRANS AVE","STE A&D",NORWALK,CA,90650-4197,01/01/2020,5629297188
1780746479,"AEGIS TREATMENT CENTERS LLC","1018 21ST ST","",BAKERSFIELD,CA,93301-4709,01/01/2020,6618619967
1780787747,"SAN DIEGO HEALTH ALLIANCE","1560 CAPALINA RD","","SAN MARCOS",CA,92069-1288,01/01/2020,7607442104
1780890210,"METRO TREATMENT OF MO LP","9733 SAINT CHARLES ROCK RD","ST LOUIS METRO CTR","BRECKENRIDGE HILLS",MO,63114-2625,03/10/2023,3144237030
1780890327,"METRO TREATMENT OF FLORIDA, LP","555 S ANDREWS AVE, STE 100","POMPANO TREATMENT CENTER","POMPANO BEACH",FL,33069-3593,01/01/2020,9547829774
1780899336,"METRO TREATMENT OF FLORIDA LP","1507A N JOHN YOUNG PKWY","MID FLORIDA METRO TREATMENT CENTER",KISSIMMEE,FL,34741-3214,01/01/2020,4079338331
1780919951,"NEW ERA REHABILITATION CENTER,INC","311 EAST ST","","NEW HAVEN",CT,06511-5838,07/06/2021,2033440025
1780948885,"DUKE CITY RECOVERY TOOLBOX LLC","912 1ST ST NW","",ALBUQUERQUE,NM,87102-2355,01/08/2020,5052249777x126
1790132082,"COMMUNITY MEDICAL SERVICES MONTANA","8707 JACKRABBIT LN","",BELGRADE,MT,59714-8995,01/01/2020,4064047900
1790140408,"SUNRISE DETOX ORLANDO, LLC","2431 SAND LAKE RD","",ORLANDO,FL,32809-7641,05/15/2025,9726320493
1790242675,"SUNRISE TREATMENT CENTER, LLC","25 WHITNEY DR","STE 122",MILFORD,OH,45150-8400,01/01/2020,5139414999
1790244911,"SYMETRIA HEALTH OF TEXAS LLC","2623 MATLOCK RD","STE 106",ARLINGTON,TX,76015-2534,07/01/2021,8662912393
1790286300,"HAMILTON CENTER INC","88 WABASH CT","WIN RECOVERY VIGO","TERRE HAUTE",IN,47807-3439,01/22/2025,8122318438
1790301869,"PINNACLE TREATMENT CENTERS OH-XII,","1036 CLEVELAND RD","",SANDUSKY,OH,44870-4034,01/01/2022,4195040068
1790325645,"BEL AIR RECOVERY CENTER LLC","2014 S TOLLGATE RD","STE 106","BEL AIR",MD,21015-5906,12/03/2022,4434020612
1790552289,"COMMUNITY MEDICAL SERVICES MONTANA","7205 W COLFAX AVE","STE 101D",LAKEWOOD,CO,80214-5408,06/12/2024,7206856250
1790559136,"BFW GROUP HOLDINGS LLC","19537 DOCTORS DR","",GERMANTOWN,MD,20874-5262,03/20/2024,4109915687
"1790700904 1790700904 1790700904","ATS AT JHBMC MFL BLDG","5200 EASTERN AVE","FL 6-E",BALTIMORE,MD,21224-2734,01/01/2022,4105500004
1790780047,"UMASS MEMORIAL HEALTH-HARRINGTON","340 THOMPSON RD","",WEBSTER,MA,01570-1509,11/03/2021,5089498981
1790826600,"STILLAGUAMISH TRIBE OF INDIANS","5700 172ND ST NE","# A",ARLINGTON,WA,98223-7742,03/27/2025,3606529640x3516
1790827657,"WESTERN PACIFIC MED-CORP","45335 SIERRA HWY","",LANCASTER,CA,93534-1611,01/01/2020,6619498599
1790829505,"NEW DIRECTIONS TREATMENT SERVICES","2442 BRODHEAD RD","",BETHLEHEM,PA,18020-8910,01/01/2020,6107588011
1790847119,"FAMILY GUIDANCE CENTERS INC","751 AURORA AVE","",AURORA,IL,60505-2155,04/01/2020,2246597030
1790985448,"COASTAL HORIZONS CENTER INC","615 SHIPYARD BLVD","",WILMINGTON,NC,28412-6431,01/22/2020,9103430145
1801017652,"PINNACLE TREATMENT CENTERS PA-I LLC","729 ENSIGN AVE","",PITTSBURGH,PA,15226-1105,01/01/2020,4124886360
1801032958,"ALBUQUERQUE TREATMENT SERVICES LLC","123 MADEIRA DR SE","GULF COAST PAIN AND",ALBUQUERQUE,NM,87108-2963,03/10/2020,5052621538
1801097100,"HEALTHCARE ALTERNATIVE SYSTEMS, INC","4734 W CHICAGO AVE","",CHICAGO,IL,60651-3322,01/15/2020,3129480200
1801149505,"VALHALLA PLACE LLC","2807 BROOKDALE DR","","BROOKLYN PARK",MN,55444-1844,01/01/2020,7632379898
1801258736,"RIVERSIDE TREATMENT SERVICES LLC","8359 PULASKI HWY","",ROSEDALE,MD,21237-2948,04/28/2020,4437306104
"1801298740 1891201703 1982614772","WHEELING TREATMENT CENTER","40 ORRS LN","",TRIADELPHIA,WV,26059-1455,01/01/2020,3045479197
1801368550,"VICTORY CLINICAL CREEK LLC","842 COLUMBIA AVE E","STE 2","BATTLE CREEK",MI,49014-5449,03/18/2020,2697531710
1801414024,"SOUTH AMBOY HEALTH CENTER LLC","1 MAIN ST","","SOUTH AMBOY",NJ,08879-1142,07/20/2021,7329521500
1801428222,"BRONXCARE HEALTH SYSTEM","1276 FULTON AVE","",BRONX,NY,10456-3402,03/01/2020,7189927669
1801595194,"ELEVATE HEALTHCARE LLC","212 W 13TH ST","",PUEBLO,CO,81003-3754,01/12/2024,7196969027
1801915848,"NEW BRUNSWICK COUNSELING CENTER","320 SUYDAM ST","","NEW BRUNSWICK",NJ,08901-2417,04/15/2020,7322464025x220
1801934005,"ADDICTION RESEARCH AND TREATMENT IN","11682 ATLANTIC AVE","",LYNWOOD,CA,90262-3832,01/01/2020,3105375883
1801947668,"CRC HEALTH OREGON LLC","324 NW DAVIS ST","",PORTLAND,OR,97209-3925,01/01/2020,5032262203
1801947965,"MILWAUKEE HEALTH SERVICES SYSTEM LL","5109 WORLD DAIRY DR","",MADISON,WI,53718-3807,01/01/2020,6082420220
1811020035,"METROPOLITAN REHABILITATION INC","20820 GREENFIELD RD","STE 100","OAK PARK",MI,48237-3051,01/01/2020,2489674310
1811035520,"VIRGINIA TREATMENT CENTER, INC.","3208 HERSHBERGER RD NW","",ROANOKE,VA,24017-1842,01/01/2020,5403665248
1811035546,"NUWAY COMMUNITY SERVICES INC","110 E 79TH ST","",CHICAGO,IL,60619-2302,04/15/2026,7737232790
1811039027,"WCHS INC","9500 FRONT ST S","STE 100",LAKEWOOD,WA,98499-9415,01/01/2020,2535843996
1811073059,"INTENSIVE TREATMENT SYSTEMS, LLC","19401 N CAVE CREEK RD","STE 18",PHOENIX,AZ,85024-1825,01/01/2020,6029960099
1811150220,"NEW BEGINNINGS COUNSELING CENTERS","3675 PECOS MCLEOD","STE 200","LAS VEGAS",NV,89121-3811,02/07/2024,7025387412
1811254139,"ARGUS COMMUNITY, INC","507 W 145TH ST","","NEW YORK",NY,10031-5101,02/22/2024,2122341660
1811417397,"MARS S A LLC","437 MCCARTY RD","STE 600","SAN ANTONIO",TX,78216-4445,01/01/2020,2103141934
1811421548,"CENTER FOR BEHAVIORAL HEALTH IDAHO","2275 S EAGLE RD","STE 190",MERIDIAN,ID,83642-5079,01/01/2020,2082880649
1811450620,"CFSATC INC","3181 DAVIE BLVD","CENTRAL FLORIDA TREATMENT CENTER","FORT LAUDERDALE",FL,33312-2728,01/01/2020,9545331670
1811514524,"COMMUNITY MEDICAL SERVICES CACTUS","2806 W CACTUS RD","",PHOENIX,AZ,85029-3364,01/01/2020,6026074700
1811534324,"BAYMARK HEALTH SERVICES OF OHIO","45 LAZELLE RD","",COLUMBUS,OH,43235-1429,10/01/2020,6145027646
1811543838,"BAYMARK HEALTH SERVICES OF LOUISIAN","2116 N BOLTON AVE","",ALEXANDRIA,LA,71303-4405,07/07/2020,3184451250
1811561731,"CRC HEALTH OREGON LLC","213 WATER AVE NW","",ALBANY,OR,97321-2298,01/01/2020,5413712080
1811573751,"COMMUNITY MEDICAL SERVICES ARIZONA","3333 N 7TH AVE","",PHOENIX,AZ,85013-4108,01/01/2020,6027533360
1811592116,"WCHS, INC","3240 NORTHWEST AVE","",BELLINGHAM,WA,98225-1318,01/01/2020,3604505025
1811719438,"SOAP MAT, LLC.","6425 UNIVERSITY AVE","","SAN DIEGO",CA,92115-5808,02/23/2023,7609832222
1811954373,"SPOKANE REGIONAL HEALTH DISTRICT","312 W 8TH AVE","",SPOKANE,WA,99204-2506,05/01/2020,5093241660
1811995772,"CENTER FOR BEHAVIORAL HEALTH PA LLC","1391 WASHINGTON BLVD","",PITTSBURGH,PA,15206-1801,01/01/2020,4126619222
1821033903,"ASPIRE HEALTH PARTNERS, INC.","100 COLUMBIA ST","",ORLANDO,FL,32806-1006,01/01/2020,4078753700
1821096793,"CENTER FOR BEHAVIORAL HEALTH HA LLC","1914 MERCER AVE","DISCOVERY HOUSE FARRELL DHNPA",FARRELL,PA,16121-2505,01/01/2020,7249819815
1821129701,"WEST TEXAS COUNSELLING AND REHABILI","2300 LINE AVE","WTCR AMARILLO",AMARILLO,TX,79106-6636,01/01/2020,8063730922
1821203555,"METRO TREATMENT OF MARYLAND, LP","16110 EVERLY RD","",HAGERSTOWN,MD,21740-2384,01/01/2020,3017140837
1821418096,"CRC RECOVERY INC","5005 BOWLING ST SW STE C","","CEDAR RAPIDS",IA,52404-5070,01/01/2020,3195313824
1821419201,"LIFES SECOND CHANCE TREATMENT CENTE","2615 S LANCASTER RD",LANCASTER,DALLAS,TX,75216-3112,03/13/2026,2143767388
1821501651,"COLORADO TREATMENT SERVICES LLC","275 W ABRIENDO AVE","",PUEBLO,CO,81004-1870,09/22/2025,7196211929
1821635137,"BHG GRAND BAY TREATMENT CENTER","12271 INTERCHANGE DRIVE","","GRAND BAY",AL,36541,02/04/2020,2518650123x4273
1821717067,"PINNACLE TREATMENT CENTERS VA-I, LL","10269 WINCHESTER RD","","FRONT ROYAL",VA,22630-7106,01/01/2020,5405514056
1821793217,"METRO TREATMENT OF FLORIDA LP","425 OFFICE PLAZA DR","NEW SEASON TREATMENT CENTER 28",TALLAHASSEE,FL,32301-2756,01/01/2020,4073517080
1831109735,"TREATMENT ASSOCIATES, INC.","7225 E SOUTHGATE DR","STE D",SACRAMENTO,CA,95823-2651,01/01/2020,9163941000
1831231265,"FOUNDATIONS MEDICAL SERVICES, LLC","160 HINDMAN RD","",BUTLER,PA,16001-2417,07/01/2021,7244312006
1831304625,"METRO TREATMENT OF TEXAS LP","1050 N WESTMORELAND RD","STE 330",DALLAS,TX,75211-2458,12/09/2025,2149465540
1831313535,"MERAKEY PARKSIDE RECOVERY","5000 PARKSIDE AVE","",PHILADELPHIA,PA,19131-4714,08/07/2020,2158796116
1831329051,"METRO TREATMENT CENTER, INC.","630 N SAINT FRANCIS AVE","STE C",WICHITA,KS,67214-3862,01/15/2024,3162631623
1831402981,"EL DORADO TEXAS COMMUNITY SERVICE C","1213 DURHAM DR","",HOUSTON,TX,77007-5409,01/01/2020,7136369138
1831498781,"BAYVIEW HUNTERS POINT FOUNDATION ME","1625 CARROLL AVE","","SAN FRANCISCO",CA,94124-3219,11/03/2024,4158228200
1831502822,"WCHS, INC.","3230 C ST","",ANCHORAGE,AK,99503-3918,01/01/2020,9078659653
1831545201,"BHG XXXIX, LLC","410 UNIVERSITY PKWY","STE 1560",AIKEN,SC,29801-6834,01/01/2020,8036416911
1831730928,"SUMTER TREATMENT SPECIALISTS LLC","1031 BROAD ST","",SUMTER,SC,29150-2504,04/17/2021,8038480035
1831765551,"AEGIS TREATMENT CENTERS LLC","6001 TRUXTUN AVE","STE 100&110",BAKERSFIELD,CA,93309-0679,01/01/2020,6612182108
1841356490,"AEGIS TREATMENT CENTERS LLC","4129 STATE ST","","SANTA BARBARA",CA,93110-1848,01/01/2020,8059644795
1841412996,"METRO TREATMENT OF GARY LP","5001 EAST DUNES HWY","SEMORAN TRTMNT CNTR",GARY,IN,46403-3114,01/01/2020,2199384651
1841477205,"MCLEOD ADDICTIVE DISEASE CENTER INC","549 COX RD","",GASTONIA,NC,28054-0628,01/04/2020,7048651558
1841501293,"FIRST CLASS GROUP INC","6501 FULTON ST","TEXAS CLINIC FULTON",HOUSTON,TX,77022-5905,01/01/2020,7136948100
1841554086,"THE LENNARD CLINIC, INC.","461 FRELINGHUYSEN AVE","",NEWARK,NJ,07114-1404,12/22/2025,9735962850
1841729761,"STARTING POINT OF FLORENCE, INC","1341 N CASHUA DR","",FLORENCE,SC,29501-6939,01/01/2020,8008056989
1841743762,"THE LIFE CHANGE CENTER","1201 N STEWART ST","STE 120","CARSON CITY",NV,89706-3004,01/01/2020,7754602041
1841788510,"BAYMARK HEALTH SERVICES OF NORTH CA","7540 HIGHWAY 64 W","",BRASSTOWN,NC,28902-8079,01/01/2020,8288375335
1851050983,"ORLEANS HEALTH LLC","2323 ORLEANS ST","",BALTIMORE,MD,21224-1020,09/19/2022,4107799909
1851390629,"DISCOVERY HOUSE OF CENTRAL MAINE IN","40 AIRPORT RD","",WATERVILLE,ME,04901-4524,01/01/2020,2078727272
1851444376,"AEGIS TREATMENT CENTERS LLC","1839 S EL DORADO ST","",STOCKTON,CA,95206-2025,01/01/2020,2094630872
1851452338,"ARS OF RIO GRANDE LLC","1200 ROUTE 9 S","","CAPE MAY COURT HOUSE",NJ,08210-2711,01/01/2020,6094630500
1851480875,"THERAPEUTIC HEALTH SERVICES","9930 EVERGREEN WAY","STE Z150",EVERETT,WA,98204-3889,03/27/2023,4253475121
1851501233,"WEST COUNTY MEDICAL CLINIC","100 E MARKET ST","","LONG BEACH",CA,90805-5924,01/01/2020,6612546630x1007
1851578124,"MCLEOD ADDICTIVE DISEASE CENTER INC","117 W MEDICAL CT","",MARION,NC,28752-5564,01/04/2020,8286593966
1851619258,"JOHNSTON RECOVERY SERVICES","1699 OLD US 70 HWY W","",CLAYTON,NC,27520-6566,01/01/2020,9193591699
1851745566,"KENSINGTON HOSPITAL","2100 N FRONT ST","",PHILADELPHIA,PA,19122-1705,01/01/2023,2154268100
1851761225,"MEDMARK TREATMENT CENTERS OF ALABAM","118 E CHOCCOLOCCO ST","",OXFORD,AL,36203-1222,01/01/2020,2568314601
1851800197,"EVEXIA HEALTH SERVICES, LLC","601 E FLORIDA AVE","",HEMET,CA,92543-4335,01/01/2020,9513911470
1851896120,"SYMETRIA HEALTH OF TEXAS LLC","17347 VILLAGE GREEN DR","STE 104","JERSEY VILLAGE",TX,77040-1164,09/10/2021,8662912393
1851926612,"ANNE ARUNDEL COUNTY","122 N LANGLEY RD","ADULT ADDICTIONS/OMT","GLEN BURNIE",MD,21060-6531,01/02/2020,4102220100
1851926612,"ANNE ARUNDEL COUNTY","711 BESTGATE RD","STE 1",ANNAPOLIS,MD,21401-2453,01/02/2020,4102792339
1851957021,"PREMIER CARE OF OHIO LLC","1380 DUBLIN RD","STE 100",COLUMBUS,OH,43215-1025,01/01/2020,6144887117
1861069080,"MORSE CLINIC OF DURHAM","4119 CAPITOL ST","",DURHAM,NC,27704-2153,09/01/2023,9192948621
1861260507,"ATS OF NORTH CAROLINA, LLC","6118 SAINT GILES ST","STE 130",RALEIGH,NC,27612-7099,01/01/2020,8443914125
1861506974,"THE GUIDANCE CENTER OF WESTCHESTER,","20 SICKLES AVE","","NEW ROCHELLE",NY,10801-4030,01/01/2020,9142973338
1861523953,"WEST TEXAS COUNSELING & REHABILITAT","1116 W PIONEER DR","",IRVING,TX,75061-7260,04/01/2025,9722539370
1861558413,"AEGIS TREATMENT CENTERS LLC","1133 COLOMA WAY","STE C",ROSEVILLE,CA,95661-4480,01/01/2020,9167746647
1861562019,"AMERICAN HEALTH SERVICES LLC","2720 EAST PALMDALE BLVD","STES 129, 130, 131",PALMDALE,CA,93550-4930,01/27/2020,6619473333
1861562068,"AMERICAN HEALTH SERVICES LLC","21505 NORWALK BLVD","","HAWAIIAN GARDENS",CA,90716-1121,01/27/2020,5629167581
1861608382,"METRO TREATMENT OF TEXAS LP","3701 W COMMERCE ST","","SAN ANTONIO",TX,78207-3611,12/09/2025,2104340531
1861617318,"METRO TREATMENT OF NEW HAMPSHIRE LP","1076 W SWANZEY RD","",SWANZEY,NH,03446-3219,01/01/2020,6033580050
1861627507,"VICTORY CLINICAL SERVICES LANSING","4902 S CEDAR ST","",LANSING,MI,48910-5474,01/01/2020,5173947867
1861689135,"CFSATC INC","1302 N LAWNWOOD CIR STE B","CENTRAL FLORIDA TREATMENT CENTER","FORT PIERCE",FL,34950-4806,01/01/2020,7724686800
1861788143,"SIOUX FALLS TREATMENT CENTER, LLC","2519 W 8TH ST","","SIOUX FALLS",SD,57104-5606,12/22/2021,6053323236
1861846438,"FAYETTE TREATMENT CENTER, LLC","2695 E ROY FURMAN HWY","",CARMICHAELS,PA,15320-2434,05/21/2020,7249665000
"1861902926 1912155516","HABIT OPCO, LLC","16 TOWN CRIER DR","",BRATTLEBORO,VT,05301-8669,01/01/2020,8022584623
1861911554,"PINNACLE TREATMENT CENTERS PA-VIII,","15 ARENTZEN BLVD","",CHARLEROI,PA,15022-1060,01/01/2020,7245651310
1861928541,"METRO TREATMENT OF MISSISSIPPI, LP","8900 DELTA BLUFF CV","DESOTO COUNTY TREATMENT CENTER",WALLS,MS,38680-4400,01/01/2020,6625104660
1871132142,"SPRINGFIELD TREATMENT CENTER, LLC","1227 S 9TH ST","",SPRINGFIELD,IL,62703-2524,03/18/2024,2176791406
1871215343,"DIWAN ENTERPRISES INC.","1416 B CAMPBELL RD","SUITE 200",HOUSTON,TX,77055-6414,10/15/2023,7134680536
1871239657,"COMMUNITY MEDICAL SERVICES MONTANA","14300 E EXPOSITION AVE","CMS-AURORA ON EXPOSITION",AURORA,CO,80012-2542,06/12/2024,7208534230
1871626713,"FOLA COMMUNITY ACTION SERVICES INC","8014-8018 SOUTH ASHLAND AVE","",CHICAGO,IL,60620-4317,02/05/2020,7734874310
1871932764,"WESTERN PACIFIC RE-HAB","45335 SIERRA HWY","",LANCASTER,CA,93534-1611,01/01/2020,6619498599
1871985374,"EVA MAE RECOVERY HOPE INC.","6614 S HALSTED ST","STE 102",CHICAGO,IL,60621-2090,11/19/2025,7739526861
1881033777,"WESTERN PACIFIC RE-HAB","9462 VAN NUYS BLVD","","PANORAMA CITY",CA,91402-1310,01/01/2020,8188918555
1881131761,"PSYCHOLOGICAL ADDICTION SERVICES LL","3113 E WASHINGTON AVE","",MADISON,WI,53704-4330,06/15/2022,6084165777
1881139418,"GREAT HEIGHTS OTP","315 E MCKINLEY RD","",OTTAWA,IL,61350-4805,01/01/2020,8154340228
1881320711,"QUINAULT INDIAN NATION","511 W HERON ST","",ABERDEEN,WA,98520-6022,12/11/2023,5645441959
1881460913,"COMMUNITY MEDICAL SERVICES MONTANA","6801 S DAYTON ST","","GREENWOOD VILLAGE",CO,80112-3624,06/12/2024,7205364575
1881716223,"MERAKEY PARKSIDE RECOVERY","5429 GERMANTOWN AVE","FL 2",PHILADELPHIA,PA,19144-2223,08/07/2020,2157540240
1881725752,"WEST TEXAS COUNSELING AND REHABILIT","1808 MARKET CTR","",DALLAS,TX,75207-3315,01/01/2020,2146307146
1881730620,"PEER SERVICES INC","906 DAVIS ST","",EVANSTON,IL,60201-3608,11/24/2025,8474921778
1881730760,"WICHITA TREATMENT CENTER INC","939 N MAIN ST","",WICHITA,KS,67203-3608,01/01/2020,3162638807
1881733830,"VOCATIONAL INSTRUCTION PROJECT COMM","770 E 176TH ST","",BRONX,NY,10460-4617,01/01/2020,7185835150x8345
"1881792745 1881792745","ALTERNATIVES IN TREATMENT LLC","5408 EAST AVE","","WEST PALM BEACH",FL,33407-2344,02/09/2021,5614041749
1881856664,"VALHALLA PLACE LLC","6043 HUDSON RD","STE 220",WOODBURY,MN,55125-1033,01/01/2020,6519258200
1881864510,"RHJ MEDICAL CENTER VANDERGRIFT LLC","2994 RIVER RD","",VANDERGRIFT,PA,15690-6053,01/01/2021,7246969600x2
1881906386,"RENAISSANCE RECOVERY GROUP INC","601 BOMBAY LN","",ROSWELL,GA,30076-5828,01/01/2020,7707544674
1881954865,"WILLIAMSPORT FAMILY MEDICAL CENTER,","422 PARK AVE","",WILLIAMSPORT,PA,17701-4930,01/01/2020,5705051123
1881972503,"VALHALLA PLACE BRAINERD LLC","2215 S 6TH ST","",BRAINERD,MN,56401-5512,01/01/2020,2184541010
1891009205,"CROSS ROADS RECOVERY CENTER INC","5552 S HAMPTON RD","",DALLAS,TX,75232-2202,10/27/2025,2143393181
1891169215,"MEDMARK TREATMENT CENTERS OF TEXAS","6111 ALAMEDA AVE","","EL PASO",TX,79905-4734,05/20/2026,9152212310
1891234514,"BAART BEHAVIORAL HEALTH SERVICES IN","242 S MAIN ST","","SAINT ALBANS",VT,05478-1801,10/25/2014,8023703545
1891234514,"BAART BEHAVIORAL HEALTH SERVICES IN","242 S MAIN ST","","SAINT ALBANS",VT,05478-1801,01/01/2020,8023703545
1891270872,"LEXINGTON TREATMENT SPECIALISTS LLC","185 LOTT CT","","WEST COLUMBIA",SC,29169-3051,01/04/2020,8037194050
1891273140,"BAYMARK HEALTH SERVICES OF COLORADO","5 S 1ST AVE","",BRIGHTON,CO,80601-1603,06/26/2020,7209096008
"1891331179 1932377082","TEXAS TREATMENT SERVICES LLC","621 LONDONDERRY LN","",DENTON,TX,76205-7792,04/02/2020,9404830644
1891341822,"BAYMARK HEALTH SERVICES OF LOUISIAN","615 PRIDE DR","BAART PROGRAMS NSHOR",HAMMOND,LA,70401-9523,07/07/2020,9854191666
1891351557,"BAYMARK HEALTH SERVICES OF OHIO, IN","1809 E MAIN ST","",COLUMBUS,OH,43205-2207,10/01/2020,6145027022
1891413092,"METRO TREATMENT OF FLORIDA LP","1601 NE 25TH AVE","NEW SEASON TREATMENT CENTER 26",OCALA,FL,34470-8800,01/01/2020,4073517080
1891423372,"METRO TREATMENT OF FLORIDA LP","20580 VETERANS BLVD","NEW SEASON TREATMENT CENTER 30","PORT CHARLOTTE",FL,33954-2216,01/01/2020,4073517080
1891825345,"E J A L HEALTH SERVICES INC","7229 RITCHIE HWY","","GLEN BURNIE",MD,21061-3038,07/16/2024,4107863686
1891865069,"AMERICAN HEALTH SERVICES LLC","6265 SEPULVEDA BLVD","STE 9","VAN NUYS",CA,91411-1126,01/27/2020,8187790555
1891865549,"NORTHEAST LIFE SKILLS ASSOCIATES IN","121 HOWE AVE","",PASSAIC,NJ,07055-4013,01/01/2020,9737772962
1902012255,"METRO TREATMENT OF SOUTH CAROLINA","560 CHRIS DR","","WEST COLUMBIA",SC,29169-4669,01/01/2020,8037919422
1902067259,"DRD MANAGEMENT INC","2534 CAMPBELL ST","STE B","KANSAS CITY",MO,64108-2730,11/21/2025,8162833310
1902263478,"EL DORADO TEXAS COMMUNITY SERVICE C","5510 N CAGE BLVD","STE P",PHARR,TX,78577-1813,01/01/2020,9567873544
1902278427,"METRO TREATMENT OF FLORIDA, LP","1415 HOMESTEAD RD N","LEE COUNTY TREATMENT CENTER","LEHIGH ACRES",FL,33936-4830,01/01/2020,2394918092
1902284193,"THERAPEUTICS LLC","1010 E WEST MAPLE RD","STE 200","WALLED LAKE",MI,48390-3571,05/05/2020,2482526832
1902304447,"LIMESTONE HEALTH LLC","2100 S LIBERTY DR","STE A",BLOOMINGTON,IN,47403-5147,08/04/2026,8127276700
1902405749,"CRC HEALTH TREATMENT CLINICS LLC","4553 WATKINS ST","PANHANDLE COMPREHENSIVE TREATMENT",PACE,FL,32571-2511,01/01/2020,8508002772
1902467913,"NEW HOPE TREATMENT CENTER OF TENNES","135 FOX AND HOUND WAY","",NEWPORT,TN,37821-8074,01/14/2022,4235328105
1902634181,"BONSAI HEALTH LLC","4224 S 50TH ST","",OMAHA,NE,68117-1332,12/11/2024,4027698988
1902876345,"GLASS HEALTH PROGRAMS, INC","821 N EUTAW ST","STE 101",BALTIMORE,MD,21201-6301,08/17/2022,4102259185
1902921380,"CORNELL SCOTT HILL HEALTH CORPORATI","121 WAKELEE AVE","",ANSONIA,CT,06401-1151,01/01/2020,2035033650
1902921380,"CORNELL SCOTT HILL HEALTH CORPORATI","232 CEDAR ST","","NEW HAVEN",CT,06519-1610,01/01/2020,2035033300
1902944002,"BAART BEHAVIORAL HEALTH SERVICES IN","475 UNION ST","",NEWPORT,VT,05855-5499,10/25/2014,8023340110
1902944002,"BAART BEHAVIORAL HEALTH SERVICES IN","475 UNION ST","",NEWPORT,VT,05855-5499,01/01/2020,8023340110
1912041922,"COUNTY OF SANTA CLARA","2425 ENBORG LN","","SAN JOSE",CA,95128-2648,07/06/2020,4088855400
1912045196,"ADDICTION RESEARCH AND TREATMENT IN","1926 BEVERLY BLVD","","LOS ANGELES",CA,90057-2402,01/01/2020,2133531140
1912062068,"RAINBOW CENTER OF MI INC","12501 HAMILTON AVE","","HIGHLAND PARK",MI,48203-3243,01/01/2020,3138651580
1912233826,"MERRIMACK RIVER MEDICAL SERVICES, I","2300 CONGRESS ST","",PORTLAND,ME,04102-1908,01/01/2020,2072212292
1912346180,"VANCE RECOVERY","932 W ANDREWS AVE","",HENDERSON,NC,27536-2532,01/01/2020,2525722625
1912457219,"ELITE TREATMENT CENTER INC","395 W LINCOLN HWY","","CHICAGO HEIGHTS",IL,60411-2442,12/29/2025,7087555117
1912528696,"PITTARD CLINIC, LLC","1654 FALLS RD","",TOCCOA,GA,30577-2411,05/12/2020,7068864420
1912537002,"BNJ HEALTH SERVICES","5246 REISTERSTOWN RD","",BALTIMORE,MD,21215-5019,05/07/2021,4436398317
1912980251,"COMMUNITY HEALTH CARE INC","130 SOUTHAMPTON RD","",WESTFIELD,MA,01085-1370,01/01/2020,4135686600
1912980251,"COMMUNITY HEALTH CARE INC","170 MORTON ST","","JAMAICA PLAIN",MA,02130-3735,01/01/2020,6175413670
1912980251,"COMMUNITY HEALTH CARE INC","172 NEWBURY ST","",PEABODY,MA,01960-2405,01/01/2020,9785359190
1912980251,"COMMUNITY HEALTH CARE INC","175 CRESCENT AVE","",CHELSEA,MA,02150-3009,01/01/2020,6178898779
1912980251,"COMMUNITY HEALTH CARE INC","23 N MAIN ST","",ATTLEBORO,MA,02703-2217,01/01/2020,5083428041
1912980251,"COMMUNITY HEALTH CARE INC","441 PLEASANT ST","",NORTHAMPTON,MA,01060-2576,01/01/2020,4135842404
1912980251,"COMMUNITY HEALTH CARE INC","50 MILES ST","",GREENFIELD,MA,01301-3241,01/01/2020,4137743321
1912980251,"COMMUNITY HEALTH CARE INC","628 CENTER ST","",CHICOPEE,MA,01013-1589,01/01/2020,4137460051
1912980251,"COMMUNITY HEALTH CARE INC","8 KILBURN ST","","NEW BEDFORD",MA,02740-7321,01/01/2020,5089791122
1912980251,"COMMUNITY HEALTH CARE INC","9 FORBES RD","",WOBURN,MA,01801-2103,01/01/2020,7818386757
1922007798,"CENTER FOR BEHAVIORAL HEALTH ME INC","400 WESTERN AVE","","SOUTH PORTLAND",ME,04106-1704,01/01/2020,2077747111
1922056415,"THE LIFE CHANGE CENTER","130 VINE ST","",RENO,NV,89503-5546,01/01/2020,7754995534x1006
1922206325,"MONTGOMERY RECOVERY SERVICES INC","14636 ROTHGEB DR","",ROCKVILLE,MD,20850-5394,01/01/2020,3017625300
1922249440,"VICTORY CLINIC IV","508 SHATTUCK RD","",SAGINAW,MI,48604-2329,01/01/2020,9897527867
1922447812,"WESTERN PACIFIC RE-HAB","218 E COMMONWEALTH AVE","",FULLERTON,CA,92832-1911,01/01/2020,7149924770
1922523232,"COMMUNITY MEDICAL SERVICES ARIZONA-","2001 W ORANGE GROVE RD","STE 202&208",TUCSON,AZ,85704-1139,01/01/2020,5207753500
1922543461,"MATHERS RECOVERY LLC","101 TOWNE CENTRE LN","","FOX LAKE",IL,60020-1801,01/07/2026,8154449999
1922584366,"BHG CHESAPEAKE SOUTH TREATMENT CENT","109 WIMBLEDON SQ","STE H",CHESAPEAKE,VA,23320-4945,01/01/2020,7574108244
1922617133,"RECOVERY CONCEPTS URBANA, LLC","805 BLOOMINGTON RD","",CHAMPAIGN,IL,61820-2101,12/15/2021,2176007165
1922654946,"BAYMARK HEALTH SERVICES OF LOUISIAN","128 WOODLAND DR","","LA PLACE",LA,70068-5939,07/07/2020,9856513777
1922676998,"MYRTLE BEACH TREATMENT SPECIALISTS","1607 EXECUTIVE AVE","","MYRTLE BEACH",SC,29577-6501,10/03/2022,8437127316
1922748060,"VCPHCS V LLC","435 CORPORATE DR","BLDG 1, STE 102",HOUMA,LA,70360-2498,03/08/2024,9852430062
1922753995,"DENVER RECOVERY GROUP LLC","130 N PARK AVE","",MONTROSE,CO,81401-3756,01/01/2020,7206160049
1922832336,"DENVER RECOVERY GROUP LLC","15501 E 13TH AVE","",AURORA,CO,80011-7203,01/01/2020,3039549151
1922876614,"UHS HIGH POINT OUD LLC","919 PHILLIPS AVE","STE 107","HIGH POINT",NC,27262-7076,06/09/2025,3368998889
1932244712,"NARCOTIC DRUG TREATMENT CENTER INC","1015 E 6TH AVE","",ANCHORAGE,AK,99501-2748,01/01/2020,9072766430
1932250719,"CRC HEALTH OREGON LLC","6601 NE 78TH CT","STE A3",PORTLAND,OR,97218-2823,01/01/2020,5032523949
1932253812,"SOUTHERN INDIANA CENTER LLC","7509 CHARLESTOWN PIKE","",CHARLESTOWN,IN,47111-9623,01/01/2020,8122564686
1932338241,"ELDORADO COMMUNITY SERVICE CENTER","1733 EUCLID AVE","","SAN DIEGO",CA,92105-5414,02/12/2020,6192630433
1932377082,"TEXAS TREATMENT SERVICES LLC","4801 BRENTWOOD STAIR RD","STE 404","FORT WORTH",TX,76103-1731,04/02/2020,8174929383
1932596889,"DENVER RECOVERY GROUP LLC","2822 E COLFAX AVE","",DENVER,CO,80206-1507,01/01/2020,3039532299
1932626892,"CROSSROADS TREATMENT CENTER OF CAL","367 RICHARDSON RD SE","",CALHOUN,GA,30701-3619,01/01/2020,8008056989
1932633518,"BHG XLVI, LLC","1320 MARION BARRY AVE SE","",WASHINGTON,DC,20020-6912,01/01/2020,2026101886
1932643939,"RELIANCE TREATMENT CENTER OF STATE","201 DONEHOO ST","",STATESBORO,GA,30458-5120,01/01/2020,9124897827
1932655313,"BHG XLI LLC","3322 WESTERN BRANCH BLVD","STE A",CHESAPEAKE,VA,23321-5142,01/01/2020,7576733644
1932732955,"EDGEWATER SYSTEMS FOR BALANCED LIVI","1110 W 5TH AVE","",GARY,IN,46402-1723,02/23/2020,2198854264
1932759289,"AEGIS TREATMENT CENTERS LLC","1768 MITCHELL RD","STE 301",CERES,CA,95307-2156,01/01/2020,2093534838
1932762127,"AMERICAN ADDICTION TREATMENT CENTER","5583 MOORETOWN RD","STE B",WILLIAMSBURG,VA,23188-2111,01/01/2020,7575857611
1942250923,"STARTCARE, INC.","2406 AMSTERDAM AVE","","NEW YORK",NY,10033-7320,01/01/2020,2125432782
1942292487,"TURNING POINT","2401 E NORTH AVE","",BALTIMORE,MD,21213-1517,01/07/2026,4106752113
1942342811,"WESTERN PACIFIC MED-CORP","10751 DALE AVE","",STANTON,CA,90680-2604,01/01/2020,7148215311
1942486717,"PUERTO RICAN ORGANIZATION TO MOTIVA","254 VIRGINIA ST","",BUFFALO,NY,14201-1938,01/01/2020,7167684040
1942510516,"SACRED HEART REHAB CTR INC","28303 DEQUINDRE RD","","MADISON HTS",MI,48071-3040,01/01/2020,2486581116
1942613955,"CENTER FOR BEHAV IOWA LLC","3811 N HARRISON ST","",DAVENPORT,IA,52806-5911,01/01/2020,5633888000
1942660105,"WHITNEY M. YOUNG, JR. HEALTH CENTER","10 DE WITT ST","",ALBANY,NY,12207-2423,01/01/2020,5184633882
1942670559,"CRC RECOVERY INC","3584 FAIRLANES AVE SW","STE 2",GRANDVILLE,MI,49418-1583,01/01/2020,6162225300
1942704671,"COMMUNITY MEDICAL SERVICES ARIZONA-","102 E MAIN ST","",SAFFORD,AZ,85546-2050,01/01/2020,9289852700
1942728985,"STAUNTON TREATMENT CENTER","15 GREEN HILLS DR","STE 7",VERONA,VA,24482-2674,01/01/2020,5402176366
1942728985,"STAUNTON TREATMENT CENTER, LLC","15 GREEN HILLS DR","STE 6",VERONA,VA,24482-2674,01/01/2020,5402176366
1942744453,"RECOVERY CONCEPTS LLC","17100 DIXIE HWY","STE D","HAZEL CREST",IL,60429-1485,01/13/2020,6155124539
1942779467,"POLARIS RENEWAL SERVICES INC","2262 UNIVERSITY DR","","LEMONT FURNACE",PA,15456-1332,04/14/2020,7243238200
1942934476,"PREMIER CARE OF OHIO LLC","1151 S HIGH ST","",COLUMBUS,OH,43206,01/01/2020,3802424500
1952332801,"THE NEW YORK AND PRESBYTERIAN HOSPI","HELMSLEY TOWER","503 E 70TH ST","NEW YORK",NY,10021-4872,08/12/2020,2127461252
1952384299,"MERRIMACK RIVER MEDICAL SERVICES, I","177 SHATTUCK WAY","",NEWINGTON,NH,03801,01/01/2020,6034360448
1952384299,"MERRIMACK RIVER MEDICAL SERVICES, I","200 ROUTE 108","",SOMERSWORTH,NH,03878-1106,01/01/2020,6039530077
1952384299,"MERRIMACK RIVER MEDICAL SERVICES, I","323 DERRY RD","",HUDSON,NH,03051-3020,01/01/2020,6035953399
1952529711,"SUCCESSFUL ALTERNATIVES FOR ADDICTI","795 FLETCHER LN","",HAYWARD,CA,94544-1008,01/01/2020,5402478300
1952542557,"CENTER FOR BEHAV IOWA LLC","95 UNIVERSITY AVE","STE 8","DES MOINES",IA,50314-3120,01/01/2020,5152449500
1952589715,"HUMAN RESOURCES DEVELOPMENT INSTITU","33 E 114TH ST","",CHICAGO,IL,60628-4921,04/17/2026,7736604630
1952613945,"MAINTENANCE AND RECOVERY SERVICES I","305 FERGUSON DR","CMS NORTH AUSTIN",AUSTIN,TX,78753-3006,12/16/2025,5123399757
1952724791,"COMMUNITY MEDICAL SERVICES ARIZONA-","6116 E ARBOR AVE","STE 103&104",MESA,AZ,85206-6107,01/01/2020,4804994599
1952733974,"METRO TREATMENT OF MAINE, LP","166 NEW COUNTY RD","",ROCKLAND,ME,04841-5320,01/01/2020,2075960312
1952809592,"SUNRISE HEALTH & WELLNESS CENTER, L","10089 FOLSOM BLVD","STE A","RANCHO CORDOVA",CA,95670-1935,05/09/2020,9163666531
1952827107,"NUPOINT SERVICES LLC","1620 44TH ST SE","","GRAND RAPIDS",MI,49508-5002,03/13/2020,6162436262
1952854408,"MEDMARK TREATMENT CENTERS OF PENNSY","1984 OLD US HWY 22","",BLAIRSVILLE,PA,15717-6120,06/16/2020,7244594884
1952881609,"SIBUS TREATMENT SERVICES","6170 HUNT CLUB RD","",ELKRIDGE,MD,21075-0003,02/26/2020,4438203234
1952896813,"SANFORD TREATMENT CENTER","2800 INDUSTRIAL DR","",SANFORD,NC,27332-6028,01/01/2020,9197760711
1952909160,"COASTAL HORIZONS CENTER INC","120 COASTAL HORIZONS DR","",SHALLOTTE,NC,28470-6094,01/22/2020,9107544515
1962069468,"COMMUNITY MEDICAL SERVICES ARIZONA-","1115 N STOCKTON HILL RD","STE 103&104",KINGMAN,AZ,86401-6232,01/01/2020,9285656599
1962117440,"REVIVE PATHWAY","1240 BROADWAY","","EL CAJON",CA,92021,09/17/2023,6198411310
1962234427,"CROSSROADS' TURNING POINTS, INC","2265 LAVA LN","",ALAMOSA,CO,81101-3578,11/16/2025,7195895176
1962263889,"EVEREST RECOVERY CENTERS - MA LLC","14 CHESTNUT PL","STE 1",LUDLOW,MA,01056-3477,05/11/2025,4132686522
1962423889,"BI-VALLEY MEDICAL CLINIC INC","6127 FAIR OAKS BLVD","",CARMICHAEL,CA,95608-4818,01/01/2020,9169748090
1962463851,"UNITED HEALTH SERVICES HOSPITALS, I","33 MITCHELL AVE","",BINGHAMTON,NY,13903-1642,04/28/2026,6077622340
1962533067,"WEST TEXAS COUNSELLING AND REHABILI","2401 W WALL ST","WTCR MIDLAND INC",MIDLAND,TX,79701-6315,01/01/2020,4326873945
1962663542,"VCPHCS V, LLC","1141 WHITNEY AVENUE, BUILDING 4","BHG NEW ORLEANS WESTBANK TREATMENT",GRETNA,LA,70056-5009,01/01/2020,5043471120
1962689232,"MCLEOD ADDICTIVE DISEASE CENTER INC","1170 FAIRGROVE CHURCH RD","",HICKORY,NC,28602-9695,01/04/2020,8284641172
1962707166,"RAISE THE BOTTOM TRAINING & COUNS","1603 12TH AVE RD","STE B",NAMPA,ID,83686-6100,01/01/2020,2084330400x1102
1962707166,"RAISE THE BOTTOM TRAINING & COUNS","9196 W BARNES DR","",BOISE,ID,83709-1552,01/01/2020,2084330400x1102
1962707166,"RAISE THE BOTTOM TRAINING & COUNSEL","2785 BANNOCK HWY","",POCATELLO,ID,83204-3607,01/01/2020,2084330400x1102
1962712398,"MIDDLETOWN MEDICAL LLC","600 STATE ROUTE 35","","RED BANK",NJ,07701-5018,01/01/2020,7327061300
1962726380,"WESTERN CAROLINA TREATMENT CENTER,","3 DOCTORS PARK","STE G",ASHEVILLE,NC,28801-4521,01/01/2020,8282511478
1962794347,"ARS NEW CASTLE LLC","263 QUIGLEY BLVD","STE 1A","HISTORIC NEW CASTLE",DE,19720-8112,03/10/2020,3023239400
1962798298,"BAART PROGRAMS TOPEKA","3360 SW HARRISON ST","",TOPEKA,KS,66611-2492,11/07/2023,7852664100
1962805291,"PALMETTO CAROLINA TREATMENT CENTER","325 INGLESBY PKWY","UNIT F",DUNCAN,SC,29334-9117,01/01/2020,8645271250
1962936955,"CENTER FOR BEHAVIORAL HEALTH KENTUC","2225 LAWRENCEBURG RD","BLDG C",FRANKFORT,KY,40601-9128,01/01/2020,5023522111
1972021681,"CONCERTED CARE GROUP BROOKLYN LLC","112 E PATAPSCO AVE","",BALTIMORE,MD,21225-1745,01/01/2020,6672602600
1972056547,"VCPHCS X LLC","2114 MIDPOINT DRIVE","SUITE 4","FORT COLLINS",CO,80525-4324,01/01/2020,9703723144
1972198380,"MIDDLE TENNESSEE TREATMENT CENTERS,","1420 DONELSON PIKE","STE B19",NASHVILLE,TN,37217-2999,02/15/2022,6292550586
1972661411,"OPERATION PAR INC","6150 150TH AVE N","NATC CLEARWATER OPERATION PAR INC",CLEARWATER,FL,33760-2138,01/01/2020,7275074673
1972669257,"AEGIS TREATMENT CENTERS LLC","909 N AVALON BLVD","",WILMINGTON,CA,90744-4503,01/01/2020,3105131300
1972686210,"CENTER FOR BEHAVIORAL HEALTH LAS VE","160 HUBBARD WAY","STE A",RENO,NV,89502-3780,01/01/2020,7758294472
1972735157,"RAINIER INTERNAL MEDICINE LLC","123 132ND ST S","",PARKLAND,WA,98444-4807,01/01/2020,2532000300
1972735157,"RAINIER INTERNAL MEDICINE LLC","3727 S TACOMA WAY","",TACOMA,WA,98409-3134,01/01/2020,2533007474
1972735157,"RAINIER INTERNAL MEDICINE LLC","510 TACOMA AVE S","",TACOMA,WA,98402-5416,01/01/2020,2532000300
1972735157,"RAINIER INTERNAL MEDICINE LLC","5929 WESTGATE BLVD","STE A",TACOMA,WA,98406-2567,01/01/2020,2535030226
1972735157,"RAINIER INTERNAL MEDICINE LLC","9720 S TACOMA WAY","",LAKEWOOD,WA,98499-4456,01/01/2020,2535033666
1972880417,"AUGUSTA ADDICTION ASSOCIATES","600 COMMERCIAL CT","STE A",SAVANNAH,GA,31406-3671,01/01/2020,9123524357
1972959344,"BHG XXXVIII LLC","239 ACCESS RD","",SPARTANBURG,SC,29303-1682,01/01/2020,8645030207
1982027199,"BHG XXXIII LLC","2705 OLIVET CHURCH RD","",PADUCAH,KY,42001-9755,01/01/2020,2704430096
1982207742,"ABILENE ABSOLUTE RECOVERY SOLUTIONS","429 N JUDGE ELY BLVD","",ABILENE,TX,79601-5553,05/27/2025,3254008586
1982215299,"PINNACLE TREATMENT CENTERS OH-XIII,","8500 BILSTEIN BLVD","",HAMILTON,OH,45015-2218,09/23/2021,5132859583
1982227716,"FLORENCE TREATMENT SPECIALISTS LLC","1591 S IRBY ST","",FLORENCE,SC,29505-3409,01/06/2022,8432060845
1982269601,"CENTERSTONE OF ILLINOIS INC","202 S BENTLEY ST","",MARION,IL,62959-1908,01/08/2020,8556083560
1982754776,UCONNECTCARE,"430 E MAIN ST","",BATAVIA,NY,14020-2519,04/23/2020,5853431124
1982819595,"METRO TREATMENT OF GEORGIA LP","2007 OLD LAFAYETTE RD","","FORT OGLETHORPE",GA,30742-3510,01/01/2020,7068619390
1982831533,"SPECIALIZED TREATMENT SERVICES INC","1132 CENTRAL AVE NE","",MINNEAPOLIS,MN,55413-1512,05/01/2020,6122361700
1982848388,"SELLATI & CO INC","4926 W BROAD ST","",RICHMOND,VA,23230-3122,03/11/2025,8046735241
1982865580,"VCPHCS XI, LLC","8402 CLAY ST","BHG WESTMINSTER TREATMENT CENTER",WESTMINSTER,CO,80031-3810,11/21/2025,3034877776
1982875928,"DISCOVERY HOUSE LT INC","523 HERITAGE PARK BLVD","",LAYTON,UT,84041-5711,01/01/2020,8015259998
1992031371,"SHELBY COUNTY TREATMENT CENTER","750 HIGHWAY 31 S","",ALABASTER,AL,35007-4627,01/01/2020,2052160200
1992043053,"SUNRISE TREATMENT CENTER, LLC","6460 HARRISON AVE","STE 200",CINCINNATI,OH,45247-7958,01/01/2020,5139414999
1992162879,"LAKESIDE CLINIC LLC","13700 58TH ST N, BLDG 2, STE 209","MEDMARK TREATMENT CENTERS CLEARWATER",CLEARWATER,FL,33760-3757,03/28/2023,7272233545
1992170930,"ECHO TREATMENT CENTER LLC","50 E WYLIE AVE","STE 2&3",WASHINGTON,PA,15301-2059,07/01/2022,2022964455
1992210231,"CS MEDICAL ASSOCIATES, PC","100 GRANNY RD","",FARMINGVILLE,NY,11738-2879,05/02/2024,6316964357
1992210231,"CS MEDICAL ASSOCIATES, PC","120 BETHPAGE RD","STE 101",HICKSVILLE,NY,11801-1515,05/02/2024,6316964357
1992210231,"CS MEDICAL ASSOCIATES, PC","2 CORACI BLVD","STE 15&16",SHIRLEY,NY,11967-4833,05/02/2024,6316964357
1992219646,"AEGIS TREATMENT CENTERS LLC","1889 W REDLANDS BLVD","BLDG 9",REDLANDS,CA,92373-3119,01/01/2020,9095015167
1992224455,"CODAC AT 380","380 E FORT LOWELL RD","",TUCSON,AZ,85705-3985,07/08/2026,5203274505
1992241400,"BHG XLV, LLC","2402 TIFT AVENUE NORTH","SUITE #201 & #202",TIFTON,GA,31794-1885,01/01/2020,2293827808
1992357354,"COMPLETE HEALTHCARE FOR WOMEN INC","5888 CLEVELAND AVE","",COLUMBUS,OH,43231-9999,02/13/2021,6148824343
1992357354,"COMPLETE HEALTHCARE FOR WOMEN INC","670 HILL RD N","",PICKERINGTON,OH,43147-9999,02/13/2021,6148824343
1992357354,"COMPLETE HEALTHCARE FOR WOMEN, INC.","1539 W BROAD ST","",COLUMBUS,OH,43222-9999,02/13/2021,6148824343
1992473334,"COMPASS HEALTH, INC.","1700 W MAIN ST","",SEDALIA,MO,65301-3635,09/01/2021,8448538937
1992530109,"CODAC INC.","45 ROYAL LITTLE DR","",PROVIDENCE,RI,02904-1882,03/01/2020,4014615056
1992579353,"ATS OF NORTH CAROLINA, LLC","129 MAYO ST","",HILLSBOROUGH,NC,27278-2573,01/01/2020,8554089701
1992582613,"PUYALLUP TRIBAL OPIOID CLINIC INC","503 E 26TH ST","",TACOMA,WA,98421-1343,03/12/2025,2538817001
1992708705,"LUBBOCK REGIONAL MHMR CENTER","1950 ASPEN AVE","",LUBBOCK,TX,79404-1211,02/18/2020,8067660310
1992758361,"STARTCARE, INC.","2191 3RD AVE","","NEW YORK",NY,10035-3520,01/01/2020,2123485650
1992835896,"NEW BRUNSWICK COUNSELING CENTER","605 HIGH ST","BURLINGTON COMPREHENSIVE COUNSELING","MOUNT HOLLY",NJ,08060-1022,04/25/2022,6092673610
1992861553,"AEGIS TREATMENT CENTERS LLC","660 E LOS ANGELES AVE","STE B2","SIMI VALLEY",CA,93065-1884,01/01/2020,8055221844
1992861694,"WESTSIDE METHADONE TREATMENT PROGRA","1301 PIERCE ST","","SAN FRANCISCO",CA,94115-4005,01/01/2020,4154319000
1992966584,"VCPHCS VII, LLC","5121 CRESTWAY RD","STE 201",WINDCREST,TX,78239-1975,01/01/2020,2102991614
